movie_id,movie_title,franchise,release_year,release_date,decade,movie_type,genre,sub_genre,runtime_minutes,rating,language,country,director,producer,composer,lead_actor,lead_actress,animation_type,studio,budget_million_usd,box_office_million_usd,production_cost_million_usd,marketing_cost_million_usd,opening_weekend_million_usd,domestic_box_office_million_usd,international_box_office_million_usd,roi_percent,imdb_rating,rotten_tomatoes_score,metacritic_score,audience_score,cinemas_released,streaming_platform,streaming_release_date,disney_plus_available,awards_won,oscar_nominations,oscar_wins,soundtrack_popularity,number_of_songs,has_post_credit_scene,villain_name,main_character,princess_movie,animal_sidekick,magic_theme,musical,family_friendly,based_on_book,based_on_true_story,remake,sequel,prequel,cinematic_universe,target_age_group,merchandise_sales_million_usd,theme_park_attraction,theme_park_name,video_game_adaptation,mobile_game_available,global_popularity_index,fan_rating,critic_rating,rewatchability_score,cultural_impact_score,social_media_mentions_million,search_popularity,holiday_release,summer_release,streaming_hours_million,home_media_sales_million,inflation_adjusted_box_office_million,profit_million,profit_category,success_category
DIS00001,Kingdom of Wonders: Chronicles,Kingdom of Wonders,1944,1944-09-06,1940s,Live Action,Comedy,Fairy Tale,72,PG,English,USA,Marc Webb,Jared Bush,Alan Menken,Chris Evans,Kristen Bell,None,Marvel Studios,439.2,2792.5,340.7,137.3,484.0,1452.7,1339.8,484.2,6.9,71,65,62,868,Disney+,1945-05-12,Yes,2,0,0,48,0,Yes,Maleficent,Tarzan,No,No,Yes,No,Yes,No,Yes,No,Yes,No,Marvel Cinematic Universe,Everyone,115.1,Yes,Disney's Animal Kingdom,Yes,No,100.0,7.5,6.9,9.5,9.3,21.43,100,No,No,69.3,488.4,8517.1,2314.5,Massive Profit,Blockbuster
DIS00002,The Golden Dreams: Rises,The Golden Dreams,2025,2025-06-22,2020s,Live Action,Action,Heist,170,G,English,Canada,Jennifer Lee,Kathleen Kennedy,Lin-Manuel Miranda,Tom Holland,Angelina Jolie,None,Disneytoon Studios,133.3,303.9,105.3,26.9,31.1,113.8,190.1,129.9,5.2,35,37,41,2049,Disney+ Hotstar,2025-09-02,Yes,0,0,0,47,5,No,Scar,Stitch,No,No,No,Yes,Yes,No,No,No,No,No,None,Kids,35.7,No,None,No,No,22.9,5.1,3.8,2.1,1.3,3.02,16,No,Yes,12.9,45.4,311.5,171.7,High Profit,Hit
DIS00003,Adventures of Stardust,Adventures of Stardust,1974,1974-05-12,1970s,Remake,Musical,Time Travel,166,PG-13,English,USA,Chris Buck,Kevin Feige,Randy Newman,Johnny Depp,Kristen Bell,3D CGI,Pixar Animation Studios,15.1,10.7,12.7,3.6,0.8,5.1,5.6,-34.4,7.3,73,66,69,3234,Disney+,1975-02-10,Yes,0,0,0,51,8,No,Dr. Facilier,Bob Parr,No,No,Yes,Yes,No,No,No,Yes,No,No,None,Family,30.3,No,None,No,No,23.7,7.0,7.2,3.2,1.0,3.72,26,No,No,25.4,1.8,24.6,-5.6,Loss,Flop
DIS00004,The Magic the North: Beyond,The Magic the North,1947,1947-02-16,1940s,Short Film,Musical,Buddy Comedy,72,PG,English,USA,Rich Moore,Osnat Shurer,Lin-Manuel Miranda,Johnny Depp,Zoe Saldana,3D CGI,Disneytoon Studios,42.6,40.3,36.2,12.0,3.5,24.2,16.1,-16.4,5.5,37,38,47,3099,Theatrical Only,,No,0,0,0,78,9,Yes,Scar,Merida,Yes,No,No,Yes,Yes,Yes,No,No,No,No,None,Kids,35.5,No,None,No,No,11.7,4.9,3.8,1.0,1.0,2.38,11,No,No,0.0,7.4,119.9,-7.9,Loss,Average
DIS00005,Big Hero 6,Standalone,1997,1997-09-04,1990s,Pixar,Action,Road Trip,96,G,Hindi,Canada,Pete Docter,Osnat Shurer,Lin-Manuel Miranda,Robert Downey Jr.,Lily James,3D CGI,Lucasfilm,298.4,1055.5,230.2,128.0,77.3,601.0,454.5,194.7,6.0,66,45,60,4352,Disney+,1998-02-18,Yes,0,1,0,43,0,No,Chernabog,Troy Bolton,No,No,No,No,Yes,No,No,No,No,No,None,Everyone,156.6,No,None,Yes,No,55.6,6.1,7.1,5.8,5.2,10.05,59,No,No,28.7,72.2,1820.7,697.3,Massive Profit,Hit
DIS00006,The Magic the Sea 2,The Magic the Sea,1970,1970-08-20,1970s,Live Action,Drama,Holiday,174,G,English,USA,Byron Howard,John Lasseter,Lin-Manuel Miranda,Ewan McGregor,Kristen Bell,None,Disney Channel Productions,92.4,162.2,87.3,30.0,12.0,97.3,64.9,38.3,8.3,83,84,72,1686,Disney+,1971-04-09,Yes,3,2,1,63,10,No,Dr. Facilier,Mirabel,No,No,No,Yes,Yes,No,No,No,No,Yes,None,Kids,113.8,No,None,No,No,34.3,8.4,7.9,3.5,3.9,13.31,49,No,Yes,35.1,19.5,389.3,44.9,Medium Profit,Average
DIS00007,Kingdom of Dreams 4,Standalone,1963,1963-10-07,1960s,Short Film,Family,Buddy Comedy,164,G,English,USA,Brad Bird,Jason Owen,Michael Giacchino,Idris Elba,Kristen Bell,Stop Motion,Marvel Studios,108.5,348.5,100.2,38.1,36.3,176.2,172.3,152.0,8.0,77,64,72,2624,Disney+,1964-02-28,Yes,2,0,0,73,9,Yes,Hades,Elsa,Yes,Yes,Yes,Yes,Yes,No,No,No,No,No,Marvel Cinematic Universe,Teen,86.0,No,None,No,No,35.9,8.0,7.2,3.4,3.4,3.99,31,No,No,32.8,38.0,897.4,210.2,Massive Profit,Hit
DIS00008,Alice in Wonderland (Remake),Alice in Wonderland,2009,2009-11-15,2000s,Disney Channel Original,Animation,Buddy Comedy,65,PG-13,Japanese,UK,Lee Unkrich,Kevin Feige,Randy Newman,Ewan McGregor,Kristen Bell,2D,20th Century Studios,85.8,100.8,74.2,26.1,13.1,63.8,37.0,0.5,7.1,56,73,71,2116,Theatrical Only,,No,5,0,0,52,15,No,Gaston,Snow White,Yes,No,Yes,Yes,No,No,No,No,Yes,No,None,Everyone,41.4,No,None,No,No,22.7,6.6,5.7,4.0,1.0,4.05,20,Yes,No,0.0,15.4,143.6,0.5,Low Profit,Average
DIS00009,Hocus Pocus,Hocus Pocus,2014,2014-06-21,2010s,Remake,Fantasy,Road Trip,103,PG,English,USA,Craig Gillespie,Jonas Rivera,Thomas Newman,Chris Pratt,Zoe Saldana,None,Disneytoon Studios,382.6,1380.7,327.7,137.1,219.1,758.2,622.5,197.1,5.5,48,43,56,3044,Disney+,2014-09-21,Yes,0,0,0,28,1,Yes,Dr. Facilier,Cinderella,Yes,No,Yes,No,Yes,No,No,Yes,No,No,None,Family,140.2,No,None,No,No,63.4,5.1,4.5,6.7,7.3,15.87,45,No,Yes,64.6,171.0,1794.9,915.9,Massive Profit,Hit
DIS00010,Tale of Stardust,Standalone,1944,1944-10-04,1940s,Pixar,Animation,Time Travel,154,PG,English,USA,Chris Buck,Kevin Feige,Randy Newman,Tom Holland,Emma Watson,Stop Motion,Pixar Animation Studios,297.7,521.5,263.2,84.4,51.7,175.0,346.5,50.0,7.1,58,63,69,850,Disney+,1945-10-25,Yes,2,1,0,63,0,No,Chernabog,Rapunzel,Yes,No,Yes,No,Yes,No,No,No,No,No,None,Family,152.9,No,None,No,No,50.5,7.0,5.0,6.7,4.7,2.74,61,No,No,28.6,61.9,1590.6,173.9,Medium Profit,Average
DIS00011,Frozen,Frozen,1964,1964-07-03,1960s,Remake,Fantasy,Time Travel,65,PG,English,India,John Musker,Jonas Rivera,Hans Zimmer,Tom Holland,Zoe Saldana,None,Disney Channel Productions,131.3,567.1,124.7,48.1,33.7,239.6,327.5,228.2,7.1,69,60,68,4016,Disney+,1965-06-18,Yes,2,0,0,88,13,No,Judge Frollo,Stitch,No,No,Yes,Yes,Yes,Yes,No,Yes,Yes,No,None,Kids,52.3,No,None,No,No,46.0,7.0,7.0,5.7,5.7,2.95,40,No,Yes,34.7,91.7,1446.1,394.3,Massive Profit,Blockbuster
DIS00012,Kingdom of Wonders,Kingdom of Wonders,2011,2011-09-02,2010s,Disney Channel Original,Family,Buddy Comedy,85,G,English,India,Byron Howard,Jared Bush,Michael Giacchino,Johnny Depp,Lily James,3D CGI,Pixar Animation Studios,125.5,497.0,109.5,26.8,28.0,215.8,281.2,264.6,6.7,45,66,61,3581,Disney+,2012-01-02,Yes,2,1,1,57,6,No,Jafar,Moana,Yes,No,No,Yes,Yes,Yes,No,No,No,No,None,Kids,87.2,No,None,No,No,45.6,6.7,4.6,5.6,4.2,12.03,45,No,No,30.5,41.1,683.4,360.7,Massive Profit,Hit
DIS00013,Kingdom of the Sea: Awakens,Standalone,2023,2023-04-12,2020s,Disney Channel Original,Sci-Fi,Holiday,122,G,English,USA,Rich Moore,Jared Bush,Alan Menken,Chris Pratt,Halle Bailey,Hybrid,Lucasfilm,105.4,330.1,93.8,38.2,26.8,139.2,190.9,150.1,6.4,63,48,61,2396,Disney+,2023-12-06,Yes,3,0,0,40,1,No,None,Aurora,Yes,No,Yes,No,Yes,Yes,No,No,No,No,None,Family,103.1,No,None,No,No,34.0,6.3,6.5,3.1,4.1,10.54,31,No,No,36.4,34.9,354.9,198.1,Massive Profit,Hit
DIS00014,Pocahontas 3,Pocahontas,1982,1982-12-03,1980s,Pixar,Comedy,Coming of Age,190,PG,English,Canada,Rob Marshall,Kevin Feige,James Newton Howard,Josh Gad,Anne Hathaway,3D CGI,Walt Disney Animation Studios,348.6,577.4,310.6,103.5,30.1,245.8,331.6,39.4,7.7,77,77,73,2171,Theatrical Only,,No,2,4,1,58,7,No,Ursula,Pocahontas,Yes,No,Yes,Yes,Yes,Yes,No,No,No,No,None,Kids,94.1,No,None,No,No,32.9,7.5,7.0,2.5,3.8,9.12,31,Yes,No,0.0,33.9,1212.5,163.3,Medium Profit,Average
DIS00015,Snow White (Remake),Snow White,2021,2021-11-09,2020s,Remake,Adventure,Superhero,123,PG,Multiple,USA,Marc Webb,Roy Conli,Alan Menken,Ewan McGregor,Kristen Bell,None,Disney Channel Productions,384.1,1466.9,333.2,158.5,182.8,778.6,688.3,198.3,6.2,45,53,60,3015,DisneyNOW,2022-08-10,No,0,0,0,54,7,No,Hans,Mirabel,No,Yes,No,Yes,Yes,Yes,No,Yes,No,No,None,Family,173.2,No,None,No,No,59.5,6.6,5.0,5.7,6.2,17.98,50,Yes,No,0.0,98.5,1650.3,975.2,Massive Profit,Hit
DIS00016,The Magic the Sea: Chronicles,The Magic the Sea,1939,1939-12-18,1930s,Disney Channel Original,Fantasy,Road Trip,114,PG,Hindi,USA,Jon Favreau,Osnat Shurer,James Newton Howard,Ewan McGregor,Kristen Bell,2D,Marvel Studios,443.1,756.4,398.8,127.0,59.4,458.9,297.5,43.9,6.3,49,60,61,4379,Disney+,1940-06-05,Yes,1,0,0,44,2,Yes,Gaston,Mike Wazowski,No,No,Yes,No,Yes,No,Yes,No,Yes,No,Marvel Cinematic Universe,Kids,138.0,No,None,No,No,46.6,6.0,5.0,3.2,5.0,16.45,36,Yes,No,16.0,64.4,2401.6,230.6,Medium Profit,Average
DIS00017,Tale of the North,Standalone,2023,2023-07-08,2020s,Pixar,Fantasy,Holiday,148,PG-13,Spanish,USA,Craig Gillespie,Peter Del Vecho,Hans Zimmer,Dwayne Johnson,Halle Bailey,2D,Pixar Animation Studios,18.2,34.3,16.1,4.7,2.4,12.1,22.2,64.9,9.5,97,81,98,958,DisneyNOW,2023-12-08,No,4,2,0,34,5,No,Gaston,Judy Hopps,No,No,Yes,Yes,No,No,No,No,No,No,None,Teen,80.3,No,None,No,No,41.5,9.2,9.9,4.5,3.5,11.29,51,No,Yes,0.0,6.7,36.9,13.5,Medium Profit,Average
DIS00018,Tale of the North (Remake),Tale of the North,1989,1989-05-25,1980s,Live Action,Musical,Sports,110,PG,Hindi,USA,Chris Buck,Jared Bush,Thomas Newman,Chris Evans,Emma Watson,None,Disneytoon Studios,149.8,837.2,134.6,52.1,66.6,352.7,484.5,348.4,5.4,47,45,62,1440,Theatrical Only,,No,0,0,0,64,4,No,Chernabog,Mulan,Yes,No,No,Yes,Yes,No,No,No,No,No,None,Everyone,37.9,No,None,No,No,42.3,5.6,5.3,3.8,3.9,9.71,40,No,No,0.0,162.4,1611.6,650.5,Massive Profit,Blockbuster
DIS00019,National Treasure 2,Standalone,1959,1959-12-13,1950s,Remake,Action,Sports,163,G,English,USA,Craig Gillespie,Kevin Feige,Christophe Beck,Ewan McGregor,Anne Hathaway,None,Walt Disney Pictures,27.7,13.0,21.1,10.4,1.4,7.5,5.5,-58.7,6.6,63,58,67,1750,Disney+,1960-07-01,Yes,0,0,0,31,2,No,Scar,Ralph,No,No,No,No,Yes,No,No,Yes,No,No,None,Teen,21.5,No,None,No,No,10.5,6.2,5.9,2.5,1.3,3.94,1,Yes,No,9.9,0.9,34.8,-18.5,Loss,Flop
DIS00020,Encanto,Standalone,1949,1949-12-06,1940s,Animated,Family,Superhero,166,PG,English,Canada,Craig Gillespie,Jared Bush,James Newton Howard,Jason Segel,Idina Menzel,3D CGI,Walt Disney Pictures,54.2,134.6,46.8,18.8,5.8,47.5,87.1,105.2,7.8,90,77,76,625,Theatrical Only,,No,4,1,1,60,0,No,Hades,WALL-E,No,Yes,No,No,Yes,No,Yes,No,No,No,None,Kids,56.6,No,None,No,No,34.2,7.3,9.0,2.9,2.7,10.19,48,Yes,No,0.0,24.7,393.7,69.0,High Profit,Hit
DIS00021,Legend of the North 2,Standalone,1997,1997-09-02,1990s,Disney Channel Original,Comedy,Road Trip,82,G,Spanish,Japan,Rob Marshall,Osnat Shurer,Randy Newman,Will Smith,Lily James,Stop Motion,Lucasfilm,230.7,1618.6,173.8,103.4,107.6,720.9,897.7,483.9,7.1,65,63,63,1229,Theatrical Only,,No,1,0,0,23,5,Yes,Cruella de Vil,Merida,Yes,No,Yes,Yes,Yes,No,No,No,No,No,None,Kids,171.4,Yes,Disney's Animal Kingdom,No,No,78.3,7.2,7.0,8.9,7.7,30.87,76,No,No,0.0,207.2,2792.1,1341.4,Massive Profit,Mega Blockbuster
DIS00022,Pocahontas 4,Pocahontas,2017,2017-02-19,2010s,Disney Channel Original,Family,Road Trip,121,PG-13,Multiple,UK,Kirk Wise,Jason Owen,Lin-Manuel Miranda,Robert Downey Jr.,Anne Hathaway,Stop Motion,Walt Disney Animation Studios,432.9,484.6,399.0,185.3,63.6,279.0,205.6,-17.1,4.8,32,35,39,1097,Disney+,2017-05-20,Yes,0,0,0,60,13,No,Chernabog,Pocahontas,Yes,No,No,Yes,No,Yes,No,No,No,Yes,None,Teen,92.4,No,None,No,No,39.0,4.8,3.9,3.8,4.0,6.31,64,No,No,26.1,68.0,593.6,-99.7,Loss,Average
DIS00023,The Enchanted Stardust (Remake),The Enchanted Stardust,2019,2019-05-11,2010s,Remake,Action,Heist,160,PG,English,USA,Ron Clements,Roy Conli,Randy Newman,Johnny Depp,Emma Watson,None,Disney Channel Productions,77.5,207.6,72.9,20.2,37.5,127.8,79.8,123.0,6.9,57,68,59,1024,Disney+,2019-12-19,Yes,0,0,0,55,10,No,Captain Hook,Bob Parr,No,No,No,Yes,Yes,Yes,No,Yes,Yes,No,None,Everyone,32.1,No,None,No,No,27.4,6.9,5.8,3.7,1.9,10.51,19,No,No,15.7,27.6,243.9,114.5,High Profit,Hit
DIS00024,The Muppets,The Muppets,2013,2013-07-05,2010s,Animated,Family,Time Travel,70,G,Japanese,UK,David Lowery,Peter Del Vecho,Lin-Manuel Miranda,Ryan Reynolds,Emma Stone,Stop Motion,Walt Disney Pictures,76.3,438.9,68.4,20.9,48.7,228.3,210.6,391.5,6.9,61,73,63,1513,Disney+,2014-01-19,Yes,1,1,0,58,5,No,Shan Yu,Pocahontas,Yes,No,No,Yes,Yes,No,No,No,Yes,No,None,Teen,78.0,No,None,No,No,34.7,6.6,6.1,2.9,3.3,7.69,33,No,Yes,24.0,30.6,581.5,349.6,Massive Profit,Blockbuster
DIS00025,The Parent Trap,The Parent Trap,2012,2012-12-04,2010s,Disney Channel Original,Drama,Coming of Age,81,G,English,Canada,Nathan Greno,Osnat Shurer,Germaine Franco,Robert Downey Jr.,Zendaya,Hybrid,Walt Disney Pictures,251.7,296.6,190.3,57.8,18.9,97.6,199.0,19.5,7.3,78,69,70,3141,DisneyNOW,2013-04-06,No,1,3,0,73,15,No,Mother Gothel,Winnie the Pooh,No,No,No,Yes,Yes,Yes,No,No,No,No,None,Teen,87.5,No,None,No,No,34.9,6.9,7.7,2.7,4.2,3.32,33,Yes,No,0.0,32.3,400.4,48.5,Low Profit,Average
DIS00026,Kingdom of the Sea: Adventure,Kingdom of the Sea,1968,1968-09-13,1960s,Live Action,Comedy,Fairy Tale,99,G,English,India,Niki Caro,Kathleen Kennedy,Germaine Franco,Chris Pratt,Zoe Saldana,None,Marvel Studios,271.9,1060.4,222.6,66.4,137.7,437.6,622.8,266.9,7.5,60,72,73,3139,DisneyNOW,1969-07-25,No,2,0,0,57,11,Yes,Shan Yu,Rapunzel,Yes,No,No,Yes,Yes,No,No,No,No,No,Marvel Cinematic Universe,Everyone,77.2,No,None,No,No,57.9,7.6,6.3,5.4,6.4,3.3,48,No,No,0.0,189.9,2598.0,771.4,Massive Profit,Hit
DIS00027,Descendants,Standalone,2016,2016-04-21,2010s,Live Action,Fantasy,Coming of Age,78,PG-13,Japanese,USA,John Musker,Jonas Rivera,Michael Giacchino,Jason Segel,Anne Hathaway,None,20th Century Studios,131.2,501.3,103.7,44.0,68.8,202.8,298.5,239.4,4.4,26,30,41,3371,Disney+,2017-05-17,Yes,0,0,0,59,1,No,Cruella de Vil,Cinderella,Yes,No,Yes,No,No,No,No,No,No,No,None,Everyone,103.8,No,None,No,No,31.8,4.1,3.0,3.9,3.3,5.31,25,No,No,36.0,88.5,626.6,353.6,Massive Profit,Hit
DIS00028,Legend of the Isles,Legend of the Isles,1999,1999-03-21,1990s,Short Film,Drama,Sports,73,PG,Multiple,India,Niki Caro,Jason Owen,Lin-Manuel Miranda,Idris Elba,Lily James,3D CGI,20th Century Studios,208.1,334.9,168.1,55.0,31.9,149.0,185.9,50.1,8.4,80,89,82,2422,Disney+,1999-09-21,Yes,1,1,1,33,0,No,Cruella de Vil,Judy Hopps,No,No,Yes,No,Yes,Yes,No,No,No,No,None,Everyone,50.4,No,None,No,No,45.7,8.5,7.9,5.0,4.9,16.44,42,No,No,48.0,25.6,561.0,111.8,Medium Profit,Average
DIS00029,Descendants (Remake),Descendants,1987,1987-10-18,1980s,Short Film,Comedy,Road Trip,60,PG,Spanish,USA,Brad Bird,Yvett Merino,Christophe Beck,Idris Elba,Kristen Bell,3D CGI,Walt Disney Pictures,449.7,985.0,402.7,199.7,119.9,530.5,454.5,63.5,7.5,76,73,68,4468,Disney+,1988-04-05,Yes,2,2,0,56,2,No,Gaston,Hercules,No,Yes,Yes,No,Yes,No,Yes,No,Yes,No,None,Kids,69.4,No,None,No,No,58.0,7.3,7.5,5.6,5.6,19.61,57,No,No,60.4,128.9,1945.4,382.6,Medium Profit,Hit
DIS00030,Adventures of the Realm 3,Adventures of the Realm,1972,1972-08-07,1970s,Pixar,Drama,Holiday,102,PG,English,Japan,Ron Clements,Roy Conli,Alan Menken,Ewan McGregor,Emma Stone,Hybrid,Walt Disney Animation Studios,229.4,1237.4,188.9,58.5,209.1,714.1,523.3,400.2,7.6,76,68,82,3509,Theatrical Only,,No,1,1,1,52,0,No,Mother Gothel,Carl Fredricksen,No,No,No,No,Yes,Yes,No,No,No,No,None,Everyone,143.0,No,None,Yes,Yes,59.0,7.3,7.3,8.4,7.6,3.5,56,No,Yes,0.0,139.6,2907.9,990.0,Massive Profit,Blockbuster
DIS00031,Tale of the Isles,Tale of the Isles,1977,1977-02-11,1970s,Live Action,Musical,Mystery,158,PG,English,Japan,Rich Moore,Osnat Shurer,Michael Giacchino,Ewan McGregor,Anne Hathaway,None,Walt Disney Animation Studios,237.3,360.8,210.1,51.4,39.6,234.4,126.4,38.0,6.5,59,61,61,1582,Theatrical Only,,No,0,0,0,89,14,No,Maleficent,Belle,Yes,Yes,No,Yes,Yes,Yes,Yes,No,Yes,No,None,Everyone,53.5,No,None,No,No,30.3,6.6,5.9,2.4,2.5,5.34,23,No,No,0.0,32.4,802.8,99.3,Medium Profit,Average
DIS00032,Legend of the Isles 4,Legend of the Isles,1939,1939-12-19,1930s,Live Action,Animation,Road Trip,73,PG,English,Canada,Gary Trousdale,Jared Bush,Thomas Newman,Chris Pratt,Halle Bailey,None,Pixar Animation Studios,52.8,33.5,40.9,21.8,4.0,12.9,20.6,-46.6,7.3,74,61,75,749,Disney+,1940-06-06,Yes,2,2,0,59,2,No,Scar,Mike Wazowski,No,Yes,Yes,No,Yes,No,No,No,Yes,No,None,Family,106.2,No,None,No,No,32.0,7.0,8.1,2.7,4.0,8.69,29,Yes,No,20.9,3.3,106.4,-29.2,Loss,Flop
DIS00033,Inside Out,Inside Out,1963,1963-08-10,1960s,Short Film,Adventure,Coming of Age,132,PG,Multiple,USA,Jon Favreau,Roy Conli,Michael Giacchino,Will Smith,Idina Menzel,Hybrid,Pixar Animation Studios,147.7,194.4,113.6,35.7,16.2,77.2,117.2,30.2,7.7,70,72,76,2604,Disney+ Hotstar,1964-07-16,Yes,3,2,0,96,11,No,Captain Hook,Stitch,No,Yes,No,Yes,Yes,No,No,No,No,Yes,None,Teen,93.1,No,None,No,No,32.2,7.3,7.0,5.2,3.9,4.66,29,No,Yes,24.1,25.4,500.6,45.1,Medium Profit,Average
DIS00034,The Magic the Forest,The Magic the Forest,1940,1940-11-06,1940s,Remake,Romance,Buddy Comedy,186,PG,English,UK,Jennifer Lee,Roy Conli,Alan Menken,Johnny Depp,Auli'i Cravalho,None,Disney Channel Productions,171.6,131.7,145.2,58.5,10.5,40.3,91.4,-35.3,8.2,59,76,76,4012,Disney+,1941-10-31,Yes,1,1,0,32,2,No,Captain Hook,Aladdin,No,Yes,No,No,Yes,No,No,Yes,Yes,No,None,Family,109.8,No,None,No,No,32.7,8.3,5.3,3.1,3.9,5.57,24,Yes,No,21.7,22.6,414.9,-72.0,Loss,Flop
DIS00035,Kingdom of Dreams 3,Kingdom of Dreams,1996,1996-11-18,1990s,Short Film,Romance,Buddy Comedy,107,PG,English,USA,Kirk Wise,Jason Owen,Lin-Manuel Miranda,Robert Downey Jr.,Angelina Jolie,2D,Disneytoon Studios,196.8,113.0,186.7,86.5,20.3,71.9,41.1,-58.6,7.8,74,72,82,2216,Disney+,1997-10-03,Yes,0,0,0,61,2,No,Judge Frollo,Rapunzel,Yes,No,No,No,Yes,No,Yes,No,No,No,None,Kids,93.4,No,None,No,No,27.2,7.9,6.9,4.0,3.7,8.1,15,Yes,No,28.8,21.6,197.8,-160.2,Loss,Flop
DIS00036,Robin Hood (Remake),Robin Hood,2009,2009-12-25,2000s,Disney Channel Original,Family,Holiday,88,PG,English,UK,Niki Caro,Jason Owen,Germaine Franco,Josh Gad,Emma Stone,Stop Motion,Disneytoon Studios,318.7,928.3,263.7,92.6,67.0,476.2,452.1,160.5,5.6,46,39,46,4387,Theatrical Only,,No,0,0,0,100,14,No,Ursula,Judy Hopps,No,No,No,Yes,Yes,No,No,No,Yes,No,None,Everyone,63.1,No,None,No,No,46.9,5.5,4.4,5.4,4.9,11.16,47,Yes,No,0.0,157.9,1322.8,572.0,Massive Profit,Hit
DIS00037,Tale of the Isles,Tale of the Isles,1955,1955-02-10,1950s,Remake,Romance,Mystery,121,G,English,Canada,Rich Moore,Osnat Shurer,Randy Newman,Ryan Reynolds,Halle Bailey,Stop Motion,Lucasfilm,199.8,1700.9,180.7,67.0,193.1,996.8,704.1,586.7,7.0,56,69,74,1403,Theatrical Only,,No,1,1,1,76,11,No,Chernabog,Elsa,Yes,No,No,Yes,Yes,No,No,Yes,Yes,No,None,Family,147.3,Yes,EPCOT,No,No,70.7,7.4,5.5,7.4,9.2,15.14,68,No,No,0.0,250.4,4720.0,1453.2,Massive Profit,Mega Blockbuster
DIS00038,Tale of the Realm: Journey,Tale of the Realm,1982,1982-03-24,1980s,Remake,Comedy,Holiday,99,PG,English,USA,Chris Buck,Peter Del Vecho,Randy Newman,Chris Pratt,Sofia Carson,None,Marvel Studios,299.8,1175.6,247.1,91.8,101.6,430.0,745.6,246.9,5.4,29,33,37,1890,Disney+,1982-09-18,Yes,0,0,0,60,5,Yes,Yzma,Tiana,Yes,No,Yes,Yes,Yes,Yes,No,Yes,Yes,No,Marvel Cinematic Universe,Teen,108.6,No,None,Yes,Yes,61.5,5.5,3.1,6.3,6.4,18.32,55,No,No,33.6,113.2,2468.8,836.7,Massive Profit,Hit
DIS00039,Bambi,Standalone,1987,1987-06-13,1980s,Disney Channel Original,Drama,Heist,91,PG,English,UK,Brad Bird,Jonas Rivera,Hans Zimmer,Jason Segel,Zendaya,Stop Motion,Pixar Animation Studios,337.9,1806.0,308.9,87.9,151.9,945.8,860.2,355.1,6.6,62,43,63,3628,DisneyNOW,1987-10-10,No,0,0,0,63,0,No,Hades,Tarzan,No,Yes,No,No,Yes,No,No,No,No,No,None,Family,163.6,Yes,Shanghai Disneyland,Yes,Yes,80.0,6.0,5.7,5.3,7.8,29.44,77,No,Yes,0.0,224.2,3566.9,1409.2,Massive Profit,Blockbuster
DIS00040,Up,Up,1988,1988-12-03,1980s,Pixar,Romance,Sports,153,PG,Multiple,USA,Andrew Stanton,Jonas Rivera,Christophe Beck,Dwayne Johnson,Halle Bailey,2D,Walt Disney Pictures,357.9,2499.7,330.9,151.2,286.7,1349.8,1149.9,418.5,6.7,70,58,54,1400,Disney+,1990-01-05,Yes,0,0,0,59,10,No,Scar,Hiro,No,Yes,No,Yes,Yes,No,No,No,Yes,No,None,Family,154.6,No,None,Yes,Yes,100.0,6.7,6.8,10.0,9.3,33.51,92,Yes,No,68.9,219.9,4874.4,2017.6,Massive Profit,Blockbuster
DIS00041,The Golden Stardust,The Golden Stardust,2004,2004-11-23,2000s,Animated,Romance,Road Trip,87,PG,English,USA,Rob Marshall,Peter Del Vecho,Germaine Franco,Tom Holland,Kristen Bell,Hybrid,20th Century Studios,6.9,27.5,5.2,1.7,4.0,12.9,14.6,298.6,6.0,48,39,41,1446,Disney+,2005-03-27,Yes,0,0,0,51,2,No,Scar,Aurora,Yes,Yes,No,No,Yes,No,No,No,No,No,None,Family,80.0,No,None,No,No,24.6,6.4,4.2,2.1,3.5,3.72,26,Yes,No,25.2,2.5,42.6,20.6,Massive Profit,Hit
DIS00042,Hocus Pocus: Adventure,Standalone,1939,1939-12-14,1930s,Animated,Comedy,Buddy Comedy,112,PG,English,USA,David Lowery,Jared Bush,Germaine Franco,Josh Gad,Halle Bailey,Hybrid,Lucasfilm,105.0,545.7,79.5,25.3,69.8,232.6,313.1,420.7,8.1,81,85,68,789,Disney+ Hotstar,1940-04-29,Yes,2,0,0,56,5,No,Scar,Ariel,Yes,Yes,No,Yes,Yes,No,No,No,No,No,None,Family,89.0,No,None,No,No,47.7,7.4,8.4,3.3,4.8,10.82,57,Yes,No,48.1,102.0,1732.6,440.9,Massive Profit,Blockbuster
DIS00043,Tangled,Tangled,2004,2004-10-06,2000s,Short Film,Comedy,Road Trip,104,PG,English,USA,Craig Gillespie,Kathleen Kennedy,Michael Giacchino,Chris Evans,Emma Stone,Hybrid,20th Century Studios,432.5,1658.9,409.5,124.6,162.1,707.7,951.2,210.6,8.1,74,79,82,3680,Disney+,2005-01-07,Yes,3,1,1,65,0,No,Cruella de Vil,Hiro,No,No,Yes,No,Yes,Yes,No,No,No,No,None,Teen,220.0,Yes,Shanghai Disneyland,No,No,77.9,8.3,7.2,8.0,8.0,29.66,74,No,No,75.7,303.3,2571.3,1124.8,Massive Profit,Hit
DIS00044,Teen Beach,Teen Beach,1985,1985-10-07,1980s,Animated,Comedy,Road Trip,113,PG,English,USA,John Musker,Kathleen Kennedy,Patrick Doyle,Will Smith,Zoe Saldana,3D CGI,Lucasfilm,431.5,1411.5,387.8,143.6,152.4,682.3,729.2,165.6,7.1,73,63,66,608,Theatrical Only,,No,1,0,0,41,14,No,Ursula,Moana,Yes,Yes,Yes,Yes,Yes,Yes,Yes,No,No,Yes,None,Family,158.0,No,None,Yes,Yes,71.5,6.8,7.1,7.2,7.2,25.65,71,No,No,0.0,169.6,2858.3,880.1,Massive Profit,Hit
DIS00045,The Incredibles: Adventure,The Incredibles,2009,2009-10-07,2000s,Remake,Romance,Road Trip,150,PG,English,UK,Ron Clements,Peter Del Vecho,Patrick Doyle,Idris Elba,Lily James,None,20th Century Studios,310.3,1313.6,280.2,85.9,210.0,754.2,559.4,258.8,6.1,45,48,63,1820,Disney+,2010-03-31,Yes,0,0,0,53,1,No,Scar,Troy Bolton,No,No,No,No,Yes,Yes,No,Yes,No,No,None,Teen,162.5,No,None,Yes,Yes,65.7,5.8,5.6,6.1,6.6,14.15,79,No,No,55.3,211.0,1871.9,947.5,Massive Profit,Blockbuster
DIS00046,Monsters Inc (Remake),Monsters Inc,1983,1983-05-14,1980s,Remake,Musical,Coming of Age,186,G,Multiple,USA,Brad Bird,Roy Conli,Alan Menken,Dwayne Johnson,Lily James,None,20th Century Studios,205.5,234.0,158.0,41.1,34.7,116.7,117.3,17.5,4.8,29,33,39,4348,Theatrical Only,,No,0,0,0,53,5,No,Hades,Troy Bolton,No,Yes,No,Yes,Yes,No,No,Yes,Yes,No,None,Everyone,34.0,No,None,No,No,23.0,4.8,2.9,3.3,1.0,2.95,25,No,No,0.0,20.9,485.6,34.9,Low Profit,Average
DIS00047,Kingdom of the Isles,Kingdom of the Isles,2022,2022-02-15,2020s,Pixar,Action,Heist,104,G,English,USA,Gary Trousdale,Jared Bush,Germaine Franco,Johnny Depp,Zoe Saldana,Hybrid,Walt Disney Animation Studios,387.7,3030.0,331.8,158.3,364.5,1648.0,1382.0,518.2,8.5,78,81,92,3056,Disney+,2023-03-08,Yes,2,1,0,36,0,No,Hans,Mirabel,No,Yes,Yes,No,Yes,No,No,No,Yes,No,None,Teen,97.5,Yes,EPCOT,No,No,100.0,8.2,7.6,10.0,9.5,27.96,98,No,No,32.0,537.3,3333.0,2539.9,Massive Profit,Mega Blockbuster
DIS00048,Camp Rock: Return,Camp Rock,1992,1992-05-02,1990s,Remake,Animation,Sports,142,PG,English,Canada,Niki Caro,Osnat Shurer,Germaine Franco,Chris Evans,Zendaya,None,Lucasfilm,9.9,18.8,8.5,2.4,3.0,10.9,7.9,72.5,6.1,41,44,46,4072,Disney+,1993-01-07,Yes,0,0,0,75,7,No,Mother Gothel,Mal,No,No,Yes,Yes,Yes,Yes,No,Yes,No,No,None,Everyone,17.0,No,None,No,No,18.6,5.6,4.3,2.9,1.2,4.86,1,No,No,9.3,2.2,34.8,7.9,Medium Profit,Average
DIS00049,Cars,Cars,1953,1953-06-06,1950s,Animated,Animation,Time Travel,139,PG,Spanish,UK,Craig Gillespie,Kevin Feige,Patrick Doyle,Chris Pratt,Kristen Bell,3D CGI,Pixar Animation Studios,12.9,88.4,9.7,5.0,9.0,27.4,61.0,501.4,5.9,52,53,37,4218,Disney+,1953-08-25,Yes,0,0,0,47,12,No,Jafar,Aurora,Yes,No,Yes,Yes,Yes,No,No,No,Yes,No,None,Everyone,51.5,No,None,No,No,18.5,5.6,5.5,2.6,1.0,3.93,12,No,Yes,9.1,15.8,249.7,73.7,Massive Profit,Blockbuster
DIS00050,Pinocchio,Pinocchio,1990,1990-08-13,1990s,Short Film,Musical,Sports,181,PG,English,India,Dean DeBlois,Jonas Rivera,Germaine Franco,Idris Elba,Idina Menzel,Hybrid,Marvel Studios,119.8,476.2,93.5,26.6,39.1,197.2,279.0,296.5,5.8,62,48,54,2545,Theatrical Only,,No,0,0,0,51,8,Yes,Gaston,Aladdin,No,Yes,No,Yes,Yes,No,No,No,No,No,Marvel Cinematic Universe,Teen,66.2,No,None,No,No,34.5,5.7,5.9,3.9,3.6,3.41,31,No,Yes,0.0,61.1,904.8,356.1,Massive Profit,Hit
DIS00051,The Incredibles,The Incredibles,1939,1939-04-18,1930s,Disney Channel Original,Family,Sports,159,G,English,UK,Marc Webb,Roy Conli,Germaine Franco,Dwayne Johnson,Lily James,Hybrid,Disneytoon Studios,11.1,15.6,9.2,4.5,2.0,8.1,7.5,13.9,5.9,45,51,50,934,Disney+,1940-04-02,Yes,0,0,0,55,1,No,Shan Yu,Stitch,No,No,Yes,No,Yes,No,No,No,No,No,None,Teen,31.5,No,None,No,No,15.6,5.7,4.7,1.8,1.0,6.17,15,No,No,16.5,1.5,49.5,1.9,Low Profit,Average
DIS00052,The Little Mermaid (Remake),Standalone,2026,2026-03-02,2020s,Live Action,Comedy,Time Travel,155,PG,Japanese,Japan,Rob Marshall,Yvett Merino,Germaine Franco,Jason Segel,Emma Stone,None,Disney Channel Productions,123.3,269.0,102.9,53.3,43.8,127.5,141.5,72.2,6.9,62,53,58,4281,Theatrical Only,,No,1,0,0,47,15,No,Gaston,Rapunzel,Yes,Yes,Yes,Yes,Yes,No,No,No,No,No,None,Kids,80.0,No,None,No,No,25.8,7.0,6.6,3.2,4.1,5.5,15,No,No,0.0,36.5,269.0,112.8,Medium Profit,Hit
DIS00053,Toy Story: Kingdom,Standalone,2018,2018-07-14,2010s,Remake,Romance,Heist,184,PG-13,Japanese,India,Jennifer Lee,Jason Owen,Germaine Franco,Chris Evans,Sofia Carson,3D CGI,Disney Channel Productions,337.5,603.3,316.4,118.7,68.8,242.1,361.2,38.7,5.2,51,42,48,1453,Theatrical Only,,No,0,0,0,68,2,Yes,Gaston,Aladdin,No,No,Yes,No,No,Yes,No,Yes,No,No,None,Everyone,46.2,No,None,No,No,27.4,5.1,5.1,1.5,2.7,5.06,10,No,Yes,0.0,38.3,724.0,168.2,Medium Profit,Average
DIS00054,Snow White 2,Snow White,2005,2005-05-26,2000s,Pixar,Family,Time Travel,65,PG,English,Canada,Craig Gillespie,Jared Bush,Christophe Beck,Robert Downey Jr.,Sofia Carson,Hybrid,Walt Disney Animation Studios,241.7,423.3,218.2,99.4,31.3,142.5,280.8,33.3,6.9,68,68,62,2516,Disney+ Hotstar,2006-01-08,Yes,1,2,1,42,0,No,Cruella de Vil,Hiro,No,No,Yes,No,Yes,No,No,No,Yes,No,None,Family,80.9,No,None,No,No,41.5,7.0,7.0,3.9,4.5,6.0,43,No,No,24.7,53.1,645.5,105.7,Medium Profit,Average
DIS00055,Ratatouille (Remake),Ratatouille,1960,1960-10-10,1960s,Short Film,Adventure,Mystery,139,PG-13,French,USA,Nathan Greno,John Lasseter,Thomas Newman,Chris Evans,Emma Watson,Stop Motion,Walt Disney Animation Studios,189.0,901.6,178.4,74.9,87.8,280.7,620.9,255.9,6.4,57,61,62,2763,Disney+,1961-03-22,Yes,1,0,0,41,1,Yes,Yzma,Troy Bolton,No,No,No,No,No,Yes,No,No,Yes,No,None,Family,147.6,No,None,No,No,53.9,6.1,5.3,5.6,5.9,8.79,47,No,No,37.6,66.2,2389.2,648.3,Massive Profit,Blockbuster
DIS00056,Fantasia (Remake),Fantasia,2027,2027-04-14,2020s,Live Action,Drama,Mystery,160,PG,French,USA,Rich Moore,Kathleen Kennedy,James Newton Howard,Chris Pratt,Auli'i Cravalho,None,Marvel Studios,44.1,37.5,41.4,12.3,4.4,19.7,17.8,-30.2,6.5,47,59,62,0,Theatrical Only,,No,1,1,0,26,2,Yes,None,Aurora,Yes,No,No,No,Yes,Yes,No,No,Yes,No,Marvel Cinematic Universe,Family,34.2,No,None,No,No,22.7,6.7,4.3,1.3,2.3,4.2,8,No,No,0.0,5.4,37.5,-16.2,Loss,Flop
DIS00057,Tarzan (Remake),Tarzan,1968,1968-01-11,1960s,Disney Channel Original,Musical,Holiday,97,G,English,India,Andrew Stanton,Jason Owen,Michael Giacchino,Tom Holland,Lily James,Stop Motion,Lucasfilm,435.0,1661.5,395.3,93.4,233.0,830.4,831.1,240.0,7.9,87,87,74,2850,Disney+ Hotstar,1968-03-21,Yes,5,2,1,64,5,No,Judge Frollo,Mirabel,No,Yes,No,Yes,Yes,No,No,No,Yes,No,None,Everyone,121.7,No,None,No,No,76.6,8.4,8.3,6.6,7.9,24.32,69,No,No,65.1,159.7,4070.7,1172.8,Massive Profit,Hit
DIS00058,Bambi,Standalone,1940,1940-11-01,1940s,Pixar,Comedy,Mystery,185,PG-13,English,Japan,Marc Webb,Yvett Merino,James Newton Howard,Johnny Depp,Sofia Carson,Stop Motion,Walt Disney Animation Studios,427.2,2313.3,361.9,132.0,297.8,1240.8,1072.5,368.4,7.1,74,68,55,3417,Theatrical Only,,No,1,0,0,59,0,No,Shan Yu,Judy Hopps,No,No,No,No,No,Yes,Yes,No,No,No,None,Kids,214.5,Yes,Magic Kingdom,Yes,No,100.0,7.4,7.5,6.9,9.0,11.93,96,Yes,No,0.0,163.8,7286.9,1819.4,Massive Profit,Blockbuster
DIS00059,Brave,Brave,2012,2012-05-16,2010s,Remake,Sci-Fi,Road Trip,134,PG,English,Canada,Lee Unkrich,Jonas Rivera,James Newton Howard,Johnny Depp,Zoe Saldana,3D CGI,Pixar Animation Studios,80.8,57.3,65.3,30.8,11.4,35.9,21.4,-40.4,6.0,45,48,53,2676,Theatrical Only,,No,0,0,0,47,2,No,Scar,Ralph,No,No,No,No,Yes,Yes,No,Yes,Yes,No,None,Everyone,58.1,No,None,No,No,26.3,6.0,4.7,3.0,2.4,5.17,44,No,No,0.0,6.8,77.4,-38.8,Loss,Flop
DIS00060,Bambi: Legacy,Bambi,1964,1964-01-05,1960s,Remake,Family,Fairy Tale,87,G,English,Japan,Rich Moore,Jonas Rivera,Michael Giacchino,Idris Elba,Angelina Jolie,None,Lucasfilm,64.5,238.3,51.4,15.3,20.2,154.2,84.1,257.3,6.9,84,68,73,2908,Theatrical Only,,No,2,0,0,49,7,No,Chernabog,Tiana,Yes,Yes,No,Yes,Yes,No,No,Yes,No,No,None,Teen,94.4,No,None,No,No,27.5,6.2,8.5,3.1,3.7,10.34,40,No,No,0.0,26.8,607.7,171.6,Massive Profit,Hit
DIS00061,Alice in Wonderland (Remake),Standalone,1972,1972-03-27,1970s,Short Film,Family,Buddy Comedy,129,PG,English,USA,Ron Clements,Jason Owen,Christophe Beck,Tom Holland,Emma Stone,2D,Lucasfilm,35.0,262.3,27.6,13.7,52.9,161.6,100.7,535.1,4.1,25,25,32,1548,Disney+,1973-02-07,Yes,0,0,0,31,2,No,Dr. Facilier,Bob Parr,No,No,No,No,Yes,No,No,No,No,No,None,Teen,59.5,No,None,No,No,25.4,4.1,1.7,3.2,1.2,6.07,18,No,No,8.7,29.0,616.4,221.0,Massive Profit,Mega Blockbuster
DIS00062,Adventures of the North,Adventures of the North,2002,2002-08-20,2000s,Animated,Comedy,Holiday,84,G,Hindi,Canada,Niki Caro,Jonas Rivera,Hans Zimmer,Robert Downey Jr.,Lily James,Stop Motion,Disney Channel Productions,356.7,1096.9,310.8,80.4,146.7,608.1,488.8,180.4,4.2,20,25,42,3066,Disney+,2002-12-19,Yes,0,0,0,67,0,No,Scar,Woody,No,No,No,No,Yes,No,No,No,No,No,None,Teen,78.3,No,None,No,No,54.6,4.1,2.0,6.6,7.1,20.77,54,No,Yes,21.6,110.5,1755.0,705.7,Massive Profit,Hit
DIS00063,The Golden Stardust: Reborn,The Golden Stardust,2009,2009-10-16,2000s,Live Action,Drama,Fairy Tale,74,PG,English,Japan,Marc Webb,John Lasseter,Lin-Manuel Miranda,Robert Downey Jr.,Kristen Bell,None,20th Century Studios,275.9,2375.1,209.7,118.9,194.3,809.2,1565.9,622.8,5.7,51,52,67,1291,Disney+ Hotstar,2009-12-26,Yes,1,0,0,62,2,No,Chernabog,Woody,No,No,No,No,Yes,No,No,No,Yes,No,None,Teen,108.7,Yes,Disney's Animal Kingdom,Yes,No,87.6,5.3,4.6,8.6,7.8,21.2,81,No,No,98.2,172.5,3384.5,2046.5,Massive Profit,Mega Blockbuster
DIS00064,The Golden the Isles,The Golden the Isles,1941,1941-04-18,1940s,Live Action,Family,Buddy Comedy,130,PG-13,English,Canada,Rob Marshall,Jared Bush,Thomas Newman,Will Smith,Kristen Bell,None,20th Century Studios,289.4,588.3,272.5,100.2,45.8,221.5,366.8,57.8,6.7,58,60,69,2980,Disney+,1941-12-10,Yes,1,0,0,41,1,No,Captain Hook,Simba,No,Yes,No,No,No,No,No,No,No,No,None,Kids,131.2,No,None,No,No,46.6,6.9,5.9,5.7,5.0,12.4,54,No,No,35.6,82.7,1838.4,215.6,Medium Profit,Hit
DIS00065,WALL-E 2,WALL-E,1944,1944-12-11,1940s,Pixar,Comedy,Fairy Tale,62,PG,English,USA,Marc Webb,Jonas Rivera,Randy Newman,Ryan Reynolds,Idina Menzel,2D,Lucasfilm,253.1,1640.2,217.4,89.8,211.6,666.2,974.0,433.9,6.6,43,71,67,1911,Theatrical Only,,No,0,0,0,75,4,No,Gaston,Snow White,Yes,No,No,Yes,Yes,Yes,No,No,No,No,None,Teen,67.2,Yes,Disney's Hollywood Studios,No,No,75.9,6.8,4.5,8.0,7.3,15.93,76,Yes,No,0.0,139.2,5002.6,1333.0,Massive Profit,Blockbuster
DIS00066,Kingdom of Wonders: Kingdom,Kingdom of Wonders,2020,2020-10-15,2020s,Animated,Family,Superhero,124,PG,English,UK,Rob Marshall,John Lasseter,Lin-Manuel Miranda,Idris Elba,Kristen Bell,2D,20th Century Studios,348.9,503.7,275.5,144.9,59.7,182.3,321.4,19.8,6.9,73,74,74,4102,Disney+,2021-06-26,Yes,1,0,0,64,2,No,Yzma,Winnie the Pooh,No,No,No,No,Yes,No,No,No,No,No,None,Kids,150.4,No,None,No,No,47.3,6.6,7.7,4.6,5.0,16.65,55,No,No,45.2,85.5,579.3,83.3,Low Profit,Average
DIS00067,The Golden the Sea,The Golden the Sea,1958,1958-03-12,1950s,Remake,Animation,Sports,111,G,English,USA,Rob Marshall,Osnat Shurer,Lin-Manuel Miranda,Chris Pratt,Zoe Saldana,None,Pixar Animation Studios,206.5,1070.3,178.2,46.8,191.5,611.1,459.2,375.7,6.7,61,68,59,3478,Disney+,1958-11-18,Yes,0,1,0,45,2,No,Dr. Facilier,Aladdin,No,No,Yes,No,Yes,No,No,Yes,No,No,None,Kids,182.6,Yes,Disney California Adventure,No,No,65.3,6.5,5.8,8.1,6.7,16.58,64,No,No,34.6,135.6,2889.8,845.3,Massive Profit,Blockbuster
DIS00068,Legend of Stardust: Kingdom,Legend of Stardust,1958,1958-12-14,1950s,Pixar,Romance,Time Travel,174,PG,English,UK,Nathan Greno,Jason Owen,James Newton Howard,Chris Pratt,Kristen Bell,2D,Marvel Studios,78.8,322.8,65.3,32.9,32.0,132.0,190.8,228.7,6.7,52,53,73,2530,Disney+,1959-12-12,Yes,0,0,0,38,2,Yes,Cruella de Vil,WALL-E,No,Yes,Yes,No,Yes,No,No,No,No,No,Marvel Cinematic Universe,Teen,89.3,No,None,No,No,31.9,6.4,5.1,3.6,2.4,6.18,29,Yes,No,32.1,22.8,871.6,224.6,Massive Profit,Blockbuster
DIS00069,Atlantis,Standalone,2001,2001-04-06,2000s,Disney Channel Original,Action,Mystery,132,PG,English,Canada,Brad Bird,Yvett Merino,Michael Giacchino,Robert Downey Jr.,Lily James,2D,Pixar Animation Studios,153.7,216.1,120.9,51.1,22.0,87.0,129.1,25.6,4.8,35,44,39,3943,Theatrical Only,,No,0,0,0,30,1,No,Ursula,Troy Bolton,No,No,Yes,No,Yes,Yes,No,No,No,No,None,Kids,32.4,No,None,No,No,14.6,4.5,3.5,1.1,2.6,4.3,19,No,No,0.0,32.0,351.2,44.1,Medium Profit,Average
DIS00070,The Magic the Forest 3,Standalone,1965,1965-08-26,1960s,Remake,Animation,Time Travel,71,PG-13,English,USA,John Musker,Yvett Merino,Lin-Manuel Miranda,Jason Segel,Emma Watson,None,Lucasfilm,379.3,2900.6,345.1,160.0,538.7,1835.8,1064.8,474.3,5.5,41,45,50,3201,Disney+ Hotstar,1966-04-22,Yes,0,0,0,44,5,No,Yzma,Ariel,Yes,Yes,Yes,Yes,No,No,No,Yes,No,No,None,Family,308.6,Yes,Disney's Hollywood Studios,No,No,100.0,5.2,4.0,10.0,9.0,30.89,90,No,Yes,61.8,440.7,7324.0,2395.5,Massive Profit,Mega Blockbuster
DIS00071,The Golden the Sea,The Golden the Sea,1992,1992-01-13,1990s,Animated,Family,Sports,138,PG,French,USA,John Musker,Jason Owen,James Newton Howard,Ewan McGregor,Zoe Saldana,2D,Lucasfilm,58.0,73.2,52.0,14.3,5.6,43.3,29.9,10.4,7.6,75,68,66,2585,Disney+,1992-06-17,Yes,2,1,1,54,14,No,Chernabog,Ralph,No,No,Yes,Yes,Yes,No,No,No,Yes,No,None,Teen,57.2,No,None,No,No,31.7,7.8,7.9,3.7,3.3,8.79,28,No,No,10.8,12.3,135.4,6.9,Low Profit,Average
DIS00072,The Rescuers: New World,The Rescuers,2006,2006-03-11,2000s,Animated,Fantasy,Fairy Tale,137,PG,English,USA,Jon Favreau,Kathleen Kennedy,Patrick Doyle,Will Smith,Emma Stone,Hybrid,20th Century Studios,108.5,80.0,89.5,32.0,12.3,39.9,40.1,-34.2,8.4,83,75,83,4328,Disney+,2006-10-03,Yes,2,2,1,67,2,No,Yzma,Ralph,No,No,Yes,No,Yes,Yes,No,No,No,Yes,None,Teen,24.8,No,None,No,No,23.6,8.2,8.2,1.9,2.2,1.19,19,No,No,18.8,7.9,120.0,-41.5,Loss,Flop
DIS00073,Aladdin 3,Aladdin,1939,1939-05-03,1930s,Remake,Romance,Buddy Comedy,85,PG-13,English,USA,Chris Buck,Peter Del Vecho,Germaine Franco,Robert Downey Jr.,Emma Stone,Hybrid,20th Century Studios,441.7,1422.5,418.4,98.1,73.3,439.4,983.1,175.4,5.7,49,46,55,1086,Disney+,1939-10-14,Yes,1,1,0,40,0,No,Captain Hook,Winnie the Pooh,No,Yes,No,No,No,No,No,Yes,Yes,No,None,Kids,189.2,Yes,Disney California Adventure,No,No,72.2,6.1,5.0,6.4,8.5,3.8,73,No,No,66.1,196.6,4516.4,906.0,Massive Profit,Hit
DIS00074,Big Hero 6,Big Hero 6,2000,2000-11-16,2000s,Disney Channel Original,Adventure,Road Trip,154,PG,English,UK,Rob Marshall,Jonas Rivera,Lin-Manuel Miranda,Ewan McGregor,Emma Watson,2D,Marvel Studios,301.7,797.4,231.5,78.8,178.7,515.2,282.2,157.0,5.3,35,36,49,4027,Disney+,2001-09-25,Yes,0,0,0,63,1,Yes,Captain Hook,Snow White,Yes,No,Yes,No,Yes,No,No,No,No,No,Marvel Cinematic Universe,Teen,55.6,No,None,No,No,37.2,5.4,3.5,3.1,3.2,3.17,45,Yes,No,29.3,78.2,1315.7,487.1,Massive Profit,Hit
DIS00075,The Little Mermaid 3,The Little Mermaid,1955,1955-08-07,1950s,Pixar,Family,Buddy Comedy,76,G,Spanish,USA,Byron Howard,Jared Bush,Patrick Doyle,Jason Segel,Zendaya,Stop Motion,Pixar Animation Studios,419.1,1525.1,369.1,158.2,195.7,609.1,916.0,189.2,4.3,27,42,43,1270,Disney+,1955-10-28,Yes,0,0,0,57,9,No,Scar,Troy Bolton,No,No,No,Yes,Yes,No,No,No,No,No,None,Kids,81.5,No,None,No,No,55.8,4.2,2.4,6.4,6.5,18.98,50,No,Yes,21.0,253.4,4232.2,997.8,Massive Profit,Hit
DIS00076,The Golden Stardust 2,Standalone,2005,2005-10-07,2000s,Pixar,Romance,Mystery,98,PG,Spanish,Japan,Andrew Stanton,Kathleen Kennedy,Lin-Manuel Miranda,Chris Evans,Angelina Jolie,3D CGI,20th Century Studios,400.7,2442.1,322.9,151.2,109.6,776.9,1665.2,415.1,7.6,70,53,63,950,Theatrical Only,,No,0,0,0,81,9,No,Yzma,Belle,Yes,Yes,Yes,Yes,Yes,Yes,No,No,No,No,None,Everyone,286.5,Yes,EPCOT,No,No,100.0,8.2,7.0,10.0,10.0,18.29,95,No,No,0.0,479.4,3724.2,1968.0,Massive Profit,Blockbuster
DIS00077,Tangled,Tangled,2008,2008-03-06,2000s,Live Action,Action,Time Travel,176,PG,English,UK,Gary Trousdale,Jonas Rivera,Christophe Beck,Dwayne Johnson,Kristen Bell,None,Pixar Animation Studios,48.4,172.6,42.2,15.7,11.6,74.9,97.7,198.1,8.5,87,92,91,1054,Disney+,2008-07-27,Yes,1,2,0,69,0,No,Captain Hook,Mike Wazowski,No,No,No,No,Yes,No,No,No,No,No,None,Teen,44.8,No,None,No,No,33.1,8.7,9.6,3.0,3.0,10.47,41,No,No,23.4,22.8,250.3,114.7,Massive Profit,Hit
DIS00078,Legend of the Sea,Legend of the Sea,1938,1938-03-23,1930s,Animated,Fantasy,Road Trip,111,G,English,USA,Rich Moore,Osnat Shurer,Germaine Franco,Ewan McGregor,Auli'i Cravalho,Hybrid,Disneytoon Studios,212.1,54.8,175.6,56.1,11.0,32.4,22.4,-76.3,5.3,32,43,46,4358,Theatrical Only,,No,0,0,0,57,1,No,Hans,Aurora,Yes,Yes,Yes,No,Yes,No,No,No,No,No,None,Everyone,26.1,No,None,No,No,15.4,5.0,3.0,1.7,1.2,1.64,20,No,No,0.0,6.5,175.4,-176.9,Loss,Flop
DIS00079,Zootopia 2,Standalone,1986,1986-08-19,1980s,Animated,Sci-Fi,Holiday,156,PG,French,USA,Kirk Wise,Jason Owen,Hans Zimmer,Johnny Depp,Lily James,Hybrid,Walt Disney Animation Studios,194.9,837.1,147.8,74.1,100.8,321.1,516.0,277.2,7.0,61,63,70,4275,Disney+,1987-05-08,Yes,3,1,1,37,0,Yes,Mother Gothel,Aladdin,No,No,No,No,Yes,Yes,No,No,No,No,None,Kids,52.4,No,None,No,No,44.2,7.1,5.9,3.9,5.3,17.41,37,No,Yes,41.7,117.3,1674.2,615.2,Massive Profit,Blockbuster
DIS00080,Adventures of the Isles 2,Standalone,1954,1954-10-17,1950s,Remake,Drama,Coming of Age,146,PG,French,USA,Gary Trousdale,Roy Conli,Germaine Franco,Idris Elba,Idina Menzel,None,Walt Disney Animation Studios,321.3,3120.5,243.6,133.9,197.2,1630.0,1490.5,726.6,6.8,67,62,58,3187,Disney+,1955-09-22,Yes,0,0,0,62,7,Yes,Hans,Belle,Yes,Yes,No,Yes,Yes,No,No,Yes,No,No,None,Family,327.5,Yes,Magic Kingdom,No,No,100.0,7.0,6.9,10.0,10.0,31.65,100,No,No,67.5,157.7,8737.4,2743.0,Massive Profit,Mega Blockbuster
DIS00081,Sleeping Beauty 4,Sleeping Beauty,1945,1945-03-19,1940s,Live Action,Sci-Fi,Holiday,187,PG,English,Canada,Kirk Wise,Peter Del Vecho,Lin-Manuel Miranda,Chris Pratt,Angelina Jolie,None,Walt Disney Animation Studios,267.6,461.0,219.7,54.4,49.9,254.4,206.6,68.2,7.2,73,65,81,3662,Theatrical Only,,No,2,0,0,40,1,Yes,Hans,Aladdin,No,No,Yes,No,Yes,Yes,No,No,No,No,None,Teen,98.7,No,None,No,No,42.9,7.0,7.4,3.4,3.8,6.65,33,No,No,0.0,46.9,1394.5,186.9,Medium Profit,Average
DIS00082,Kingdom of the Realm,Kingdom of the Realm,1980,1980-02-27,1980s,Pixar,Musical,Time Travel,127,PG-13,English,USA,Kirk Wise,Peter Del Vecho,Lin-Manuel Miranda,Dwayne Johnson,Auli'i Cravalho,2D,Lucasfilm,125.6,260.6,114.4,28.3,35.3,141.2,119.4,82.6,7.6,61,64,71,2712,Disney+ Hotstar,1980-05-01,Yes,0,0,0,56,9,No,Hans,Snow White,Yes,Yes,No,Yes,No,No,No,No,No,No,None,Kids,44.3,No,None,No,No,28.7,7.9,6.0,4.0,3.2,8.11,33,No,No,11.0,20.5,560.3,117.9,High Profit,Hit
DIS00083,Adventures of the North,Adventures of the North,1940,1940-02-04,1940s,Animated,Family,Road Trip,116,G,English,India,Pete Docter,Jonas Rivera,Michael Giacchino,Dwayne Johnson,Kristen Bell,Stop Motion,Pixar Animation Studios,162.0,511.6,137.4,52.1,46.9,159.5,352.1,170.0,5.0,20,40,39,2400,Disney+,1940-07-21,Yes,0,0,0,35,2,Yes,Scar,Nemo,No,Yes,Yes,No,Yes,No,Yes,No,No,No,None,Family,51.5,No,None,No,No,31.4,5.3,2.3,4.0,2.2,2.69,25,No,No,9.8,58.9,1611.5,322.1,Massive Profit,Hit
DIS00084,Adventures of the Forest,Adventures of the Forest,2027,2027-03-23,2020s,Live Action,Fantasy,Time Travel,182,PG-13,English,India,Rob Marshall,Jared Bush,Christophe Beck,Robert Downey Jr.,Sofia Carson,None,Marvel Studios,382.7,936.1,359.3,102.8,105.5,599.9,336.2,102.6,8.6,80,81,89,0,Theatrical Only,,No,1,1,0,65,8,Yes,Dr. Facilier,Hiro,No,No,Yes,Yes,No,No,No,No,No,No,Marvel Cinematic Universe,Everyone,119.6,No,None,No,No,57.0,8.0,7.5,6.7,4.0,9.96,54,No,No,0.0,140.5,936.1,474.0,High Profit,Hit
DIS00085,Snow White,Snow White,1968,1968-02-09,1960s,Live Action,Drama,Superhero,150,G,French,India,Pete Docter,Yvett Merino,James Newton Howard,Josh Gad,Lily James,None,Lucasfilm,313.9,712.6,263.1,132.8,143.8,454.1,258.5,80.0,7.3,68,64,73,1821,Theatrical Only,,No,1,1,1,59,15,No,Judge Frollo,Mulan,Yes,No,No,Yes,Yes,No,No,No,Yes,No,None,Family,140.6,No,None,No,No,52.7,7.6,6.7,4.6,6.5,4.01,40,No,No,0.0,104.9,1745.9,316.7,High Profit,Hit
DIS00086,Camp Rock (Remake),Camp Rock,2012,2012-01-24,2010s,Remake,Fantasy,Road Trip,114,G,English,Canada,Craig Gillespie,Kathleen Kennedy,Patrick Doyle,Tom Holland,Halle Bailey,None,Pixar Animation Studios,117.0,257.6,103.2,27.3,16.1,121.4,136.2,97.4,7.3,59,56,70,2563,Theatrical Only,,No,2,0,0,53,0,No,Chernabog,Mal,No,Yes,Yes,No,Yes,No,No,Yes,No,No,None,Family,69.6,No,None,No,No,28.9,6.5,5.7,2.4,2.1,4.71,28,No,No,0.0,23.1,347.8,127.1,High Profit,Hit
DIS00087,Finding Nemo 4,Finding Nemo,1970,1970-02-10,1970s,Disney Channel Original,Adventure,Superhero,62,PG-13,Hindi,USA,John Musker,Kevin Feige,Lin-Manuel Miranda,Idris Elba,Angelina Jolie,3D CGI,Disney Channel Productions,341.7,616.4,303.6,116.1,51.3,400.4,216.0,46.9,7.5,69,63,73,3216,Theatrical Only,,No,2,0,0,66,8,No,Yzma,Merida,Yes,Yes,No,Yes,No,No,No,No,No,No,None,Kids,94.9,No,None,No,No,47.6,7.2,6.8,2.9,4.4,17.91,54,No,No,0.0,96.0,1479.4,196.7,Medium Profit,Average
DIS00088,The Magic Stardust,The Magic Stardust,1963,1963-03-21,1960s,Short Film,Family,Fairy Tale,88,G,English,India,Byron Howard,Osnat Shurer,Germaine Franco,Ewan McGregor,Emma Watson,2D,Walt Disney Animation Studios,337.0,488.0,292.4,67.6,44.5,171.0,317.0,35.6,6.9,59,54,67,3205,Disney+,1963-09-12,Yes,0,1,0,68,1,No,Gaston,Troy Bolton,No,No,No,No,Yes,No,No,No,No,No,None,Kids,84.8,No,None,No,No,29.6,7.3,5.8,3.1,1.9,3.26,24,No,No,22.8,88.0,1256.6,128.0,Medium Profit,Average
DIS00089,Alice in Wonderland (Remake),Alice in Wonderland,1971,1971-09-03,1970s,Pixar,Comedy,Road Trip,182,G,English,India,Chris Buck,Kathleen Kennedy,Germaine Franco,Ewan McGregor,Anne Hathaway,2D,Marvel Studios,377.7,792.2,284.5,120.2,132.5,469.4,322.8,95.7,7.6,84,65,77,1114,DisneyNOW,1972-01-19,No,1,3,0,70,0,Yes,Mother Gothel,Troy Bolton,No,No,No,No,Yes,No,No,No,No,No,Marvel Cinematic Universe,Kids,180.9,No,None,Yes,No,55.8,7.2,8.6,3.4,5.4,16.68,56,No,No,0.0,136.1,1881.5,387.5,High Profit,Hit
DIS00090,The Magic the Sea (Remake),The Magic the Sea,1957,1957-04-05,1950s,Remake,Action,Fairy Tale,159,PG,English,Canada,Chris Buck,Jason Owen,Patrick Doyle,Idris Elba,Anne Hathaway,2D,Disney Channel Productions,141.6,177.6,117.2,57.4,29.0,99.5,78.1,1.7,8.0,76,80,79,2858,Theatrical Only,,No,2,2,0,62,2,Yes,Scar,Carl Fredricksen,No,Yes,No,No,Yes,No,No,Yes,No,No,None,Teen,50.1,No,None,No,No,34.2,8.0,7.6,4.1,2.8,1.76,32,No,No,0.0,14.2,484.0,3.0,Low Profit,Average
DIS00091,Wreck-It Ralph: Chronicles,Wreck-It Ralph,1996,1996-01-25,1990s,Short Film,Animation,Heist,180,PG,English,USA,Marc Webb,Yvett Merino,Michael Giacchino,Chris Evans,Angelina Jolie,Stop Motion,Walt Disney Pictures,314.1,337.9,255.7,138.5,26.9,146.1,191.8,-14.3,7.7,67,73,79,2910,Theatrical Only,,No,2,3,0,66,0,No,Dr. Facilier,Tiana,Yes,No,Yes,No,Yes,No,Yes,No,No,No,None,Family,53.2,No,None,No,No,38.9,7.7,6.2,3.7,5.0,13.64,45,No,No,0.0,32.6,591.3,-56.3,Loss,Average
DIS00092,Star Wars: Kingdom,Standalone,1982,1982-02-25,1980s,Animated,Sci-Fi,Coming of Age,114,G,English,USA,Rob Marshall,Yvett Merino,Thomas Newman,Idris Elba,Emma Stone,Hybrid,Lucasfilm,396.4,138.3,369.3,167.5,10.0,57.0,81.3,-74.2,7.5,87,70,74,929,Disney+,1982-11-07,Yes,1,0,0,53,2,No,Captain Hook,Hiro,No,No,Yes,No,Yes,Yes,No,No,No,No,None,Teen,72.6,No,None,No,No,29.5,7.3,8.0,4.3,3.7,5.07,18,No,No,19.0,7.7,290.4,-398.5,Loss,Flop
DIS00093,The Enchanted the North 4,The Enchanted the North,1958,1958-10-27,1950s,Pixar,Adventure,Heist,115,PG,English,India,Ron Clements,Yvett Merino,Michael Giacchino,Josh Gad,Sofia Carson,Hybrid,Disneytoon Studios,138.2,30.0,115.5,58.2,4.3,16.9,13.1,-82.7,8.1,74,80,81,1463,Theatrical Only,,No,8,2,1,51,12,No,Chernabog,Belle,Yes,No,No,Yes,Yes,Yes,No,No,No,No,None,Everyone,75.2,No,None,No,No,25.5,7.7,8.0,2.2,3.9,3.55,37,No,No,0.0,3.5,81.0,-143.7,Loss,Flop
DIS00094,The Muppets 2,The Muppets,2014,2014-01-03,2010s,Animated,Action,Time Travel,74,PG-13,English,UK,Gary Trousdale,Kathleen Kennedy,Hans Zimmer,Ryan Reynolds,Zoe Saldana,Stop Motion,Lucasfilm,116.3,573.2,91.9,25.7,60.4,270.0,303.2,387.4,6.8,52,48,66,3368,Disney+,2014-06-08,Yes,1,1,1,48,7,Yes,Judge Frollo,Mulan,Yes,No,No,Yes,No,No,No,No,No,No,None,Everyone,137.2,No,None,No,No,40.4,6.4,5.4,6.7,5.4,3.13,40,No,No,15.2,100.5,745.2,455.6,Massive Profit,Blockbuster
DIS00095,The Magic the Isles 3,The Magic the Isles,1984,1984-03-26,1980s,Animated,Family,Time Travel,129,PG-13,English,USA,Chris Buck,Jared Bush,Christophe Beck,Idris Elba,Sofia Carson,3D CGI,Walt Disney Animation Studios,160.3,391.6,130.6,33.0,58.2,233.5,158.1,139.4,6.6,56,61,67,1011,Disney+,1984-05-30,Yes,0,0,0,62,0,Yes,Dr. Facilier,Woody,No,Yes,No,No,No,No,No,No,No,No,None,Family,87.2,No,None,No,No,32.9,7.0,5.7,3.9,3.5,6.57,27,No,No,34.8,64.7,802.8,228.0,High Profit,Hit
DIS00096,Kingdom of the Sea (Remake),Standalone,1986,1986-09-10,1980s,Short Film,Family,Heist,131,PG,English,USA,Nathan Greno,Yvett Merino,Christophe Beck,Josh Gad,Kristen Bell,3D CGI,Disneytoon Studios,125.5,242.1,109.8,40.0,22.5,104.8,137.3,61.6,5.0,42,33,51,4442,Disney+,1986-11-22,Yes,0,0,0,63,1,No,Chernabog,Miguel,No,No,No,No,Yes,No,No,No,No,No,None,Kids,31.5,No,None,No,No,17.0,5.1,3.5,1.3,2.3,2.5,22,No,No,14.3,20.1,484.2,92.3,Medium Profit,Average
DIS00097,The Enchanted the Forest: Journey,The Enchanted the Forest,1962,1962-06-03,1960s,Remake,Action,Sports,166,G,French,India,Pete Docter,Roy Conli,Thomas Newman,Jason Segel,Lily James,None,Marvel Studios,305.8,594.5,249.2,104.3,87.4,332.9,261.6,68.2,7.2,52,59,79,612,Disney+,1963-05-06,Yes,1,1,0,73,0,Yes,Ursula,Mal,No,No,No,No,Yes,No,No,Yes,Yes,No,Marvel Cinematic Universe,Family,71.2,No,None,No,No,32.2,6.9,5.5,3.2,3.0,9.09,30,No,Yes,36.5,85.0,1545.7,241.0,Medium Profit,Average
DIS00098,Toy Story 3,Toy Story,1976,1976-02-20,1970s,Short Film,Sci-Fi,Buddy Comedy,166,PG-13,Multiple,Canada,Kirk Wise,Kathleen Kennedy,Patrick Doyle,Idris Elba,Halle Bailey,Stop Motion,Walt Disney Pictures,318.7,876.0,281.6,128.5,73.5,299.2,576.8,113.6,8.5,83,89,95,1634,DisneyNOW,1976-08-29,No,2,1,0,100,14,No,Hades,Bob Parr,No,Yes,No,Yes,No,No,No,No,Yes,No,None,Family,95.9,No,None,No,No,55.6,8.4,7.7,5.5,5.8,12.45,56,No,No,0.0,109.2,1971.0,465.9,High Profit,Hit
DIS00099,Hocus Pocus 4,Hocus Pocus,1953,1953-04-17,1950s,Animated,Comedy,Fairy Tale,168,G,English,Canada,Craig Gillespie,Roy Conli,Christophe Beck,Josh Gad,Anne Hathaway,3D CGI,Pixar Animation Studios,397.4,397.5,367.7,108.8,67.8,199.2,198.3,-16.6,7.6,63,82,66,1211,Disney+,1953-08-23,Yes,1,1,0,47,9,No,Shan Yu,Tiana,Yes,Yes,No,Yes,Yes,Yes,No,No,Yes,No,None,Everyone,87.0,No,None,No,No,34.0,8.0,6.4,4.6,2.8,3.36,26,No,No,12.9,46.2,1122.9,-79.0,Loss,Average
DIS00100,Adventures of Stardust 3,Adventures of Stardust,1956,1956-01-12,1950s,Live Action,Family,Buddy Comedy,88,PG,English,Canada,Byron Howard,Jason Owen,James Newton Howard,Dwayne Johnson,Idina Menzel,None,Disney Channel Productions,212.7,2336.5,201.2,65.0,282.4,1452.7,883.8,777.7,5.1,34,28,59,3372,Disney+,1956-07-05,Yes,0,0,0,50,11,No,Scar,Cinderella,Yes,No,Yes,Yes,Yes,No,No,No,Yes,No,None,Family,131.1,Yes,Disneyland,Yes,No,88.8,5.2,3.6,9.2,8.6,22.0,94,No,No,44.4,184.6,6425.4,2070.3,Massive Profit,Mega Blockbuster
DIS00101,Fantasia,Fantasia,1960,1960-12-12,1960s,Live Action,Fantasy,Heist,145,PG-13,English,UK,Chris Buck,Peter Del Vecho,Randy Newman,Robert Downey Jr.,Anne Hathaway,None,Lucasfilm,300.0,1143.1,255.7,86.6,119.6,486.8,656.3,233.9,5.9,53,58,54,666,Disney+,1961-11-16,Yes,0,0,0,100,12,No,Mother Gothel,Belle,Yes,Yes,Yes,Yes,No,No,No,No,No,No,None,Family,158.7,No,None,No,No,53.6,5.7,5.8,6.7,5.8,20.57,52,Yes,No,62.7,177.8,3029.2,800.8,Massive Profit,Hit
DIS00102,Robin Hood,Standalone,1949,1949-10-18,1940s,Remake,Romance,Fairy Tale,96,G,English,Canada,Marc Webb,Kevin Feige,Alan Menken,Tom Holland,Emma Watson,None,Lucasfilm,410.0,546.2,360.6,125.0,40.7,321.6,224.6,12.5,6.5,54,47,57,4228,DisneyNOW,1950-05-19,No,0,0,0,54,0,No,Judge Frollo,Simba,No,No,No,No,Yes,Yes,No,Yes,No,No,None,Everyone,106.8,No,None,No,No,43.1,6.4,5.1,3.1,4.5,7.03,45,No,No,0.0,83.6,1597.6,60.6,Low Profit,Average
DIS00103,Spirit of Dreams: Journey,Spirit of Dreams,1965,1965-06-16,1960s,Live Action,Action,Road Trip,121,PG,English,USA,Nathan Greno,Jared Bush,Germaine Franco,Josh Gad,Zendaya,None,Disneytoon Studios,408.8,285.5,366.1,175.3,26.0,133.8,151.7,-47.3,7.9,74,75,81,1723,Disney+ Hotstar,1965-12-01,Yes,5,2,0,59,0,No,Hans,Riley,No,No,No,No,Yes,No,No,No,No,No,None,Teen,30.5,No,None,No,No,34.3,7.9,6.8,2.5,3.3,6.4,30,No,Yes,22.1,34.6,720.9,-255.9,Loss,Flop
DIS00104,Star Wars,Star Wars,1939,1939-01-12,1930s,Disney Channel Original,Fantasy,Heist,189,PG,English,USA,Nathan Greno,Kathleen Kennedy,Thomas Newman,Josh Gad,Zendaya,3D CGI,Pixar Animation Studios,244.3,347.2,211.6,49.2,15.7,115.4,231.8,33.1,6.1,46,53,59,1499,Disney+,1939-09-07,Yes,0,0,0,75,14,No,Shan Yu,WALL-E,No,No,Yes,Yes,Yes,No,No,No,No,No,Star Wars Universe,Family,74.5,No,None,No,No,27.0,6.0,4.4,3.8,3.4,7.53,24,No,No,11.2,53.8,1102.4,86.4,Medium Profit,Average
DIS00105,High School Musical,Standalone,2020,2020-11-04,2020s,Live Action,Family,Time Travel,81,PG,English,USA,Dean DeBlois,Jason Owen,Germaine Franco,Josh Gad,Halle Bailey,None,20th Century Studios,224.5,158.6,193.2,91.8,21.0,87.6,71.0,-44.4,7.4,71,63,84,778,Disney+,2021-08-22,Yes,2,1,0,52,6,No,Shan Yu,Winnie the Pooh,No,No,No,Yes,Yes,No,No,No,No,No,None,Everyone,21.7,No,None,No,No,25.9,7.2,6.8,3.3,1.8,7.5,32,Yes,No,15.6,11.6,182.4,-126.4,Loss,Flop
DIS00106,The Chronicles of Narnia,The Chronicles of Narnia,2016,2016-12-16,2010s,Live Action,Comedy,Time Travel,113,PG,English,India,Niki Caro,Osnat Shurer,Thomas Newman,Idris Elba,Emma Watson,None,Pixar Animation Studios,439.4,313.1,397.5,95.3,38.5,184.7,128.4,-36.5,9.5,100,92,100,1523,Disney+,2017-03-31,Yes,1,2,1,74,9,No,Chernabog,Bob Parr,No,Yes,Yes,Yes,Yes,No,No,No,Yes,No,None,Everyone,135.9,No,None,No,No,45.2,9.1,9.5,5.1,3.7,16.3,48,Yes,No,41.5,39.7,391.4,-179.7,Loss,Flop
DIS00107,High School Musical,High School Musical,2011,2011-07-27,2010s,Pixar,Animation,Mystery,121,G,English,Canada,Craig Gillespie,Peter Del Vecho,Hans Zimmer,Chris Pratt,Anne Hathaway,Hybrid,Lucasfilm,364.1,1687.5,276.1,109.7,110.2,590.9,1096.6,337.4,8.1,80,67,96,2414,Theatrical Only,,No,1,0,0,86,6,No,Jafar,Snow White,Yes,Yes,Yes,Yes,Yes,Yes,No,No,No,No,None,Kids,130.8,Yes,Tokyo Disneyland,Yes,Yes,74.9,7.5,8.1,6.7,5.9,22.46,92,No,Yes,0.0,171.5,2320.3,1301.7,Massive Profit,Blockbuster
DIS00108,The Magic the North,The Magic the North,2017,2017-10-07,2010s,Remake,Family,Fairy Tale,93,G,English,USA,Rob Marshall,Kevin Feige,Michael Giacchino,Jason Segel,Angelina Jolie,None,20th Century Studios,6.4,24.8,5.8,2.6,3.9,12.7,12.1,195.2,7.4,96,60,69,4061,Disney+,2018-06-11,Yes,3,0,0,71,0,No,Gaston,Winnie the Pooh,No,Yes,Yes,No,Yes,Yes,No,Yes,No,No,None,Family,32.2,No,None,No,No,24.9,7.1,9.3,2.7,2.5,5.77,29,No,No,9.0,3.7,30.4,16.4,Massive Profit,Hit
DIS00109,Pirates of the Caribbean,Pirates of the Caribbean,2015,2015-12-14,2010s,Pixar,Romance,Heist,101,G,Multiple,UK,Marc Webb,Yvett Merino,Patrick Doyle,Idris Elba,Anne Hathaway,Hybrid,Lucasfilm,221.3,550.1,190.0,80.7,49.3,169.1,381.0,103.2,5.8,53,43,50,3363,Disney+,2016-07-07,Yes,0,0,0,34,0,No,Maleficent,Bob Parr,No,No,Yes,No,Yes,No,Yes,No,No,No,None,Teen,75.9,No,None,No,No,32.0,6.2,4.3,4.0,2.8,3.33,46,Yes,No,15.4,90.2,701.4,279.4,High Profit,Hit
DIS00110,Cinderella,Cinderella,1986,1986-06-17,1980s,Short Film,Adventure,Mystery,83,PG,French,USA,Niki Caro,Osnat Shurer,Thomas Newman,Robert Downey Jr.,Auli'i Cravalho,3D CGI,Walt Disney Animation Studios,341.6,599.9,310.7,132.1,70.6,385.9,214.0,35.5,8.0,72,72,81,1986,Disney+ Hotstar,1987-06-09,Yes,1,0,0,51,0,No,Hades,Carl Fredricksen,No,No,Yes,No,Yes,Yes,No,No,Yes,No,None,Family,61.3,No,None,No,No,42.6,7.7,8.4,3.5,4.3,4.91,44,No,Yes,13.9,57.7,1199.8,157.1,Medium Profit,Average
DIS00111,Tale of Wonders,Tale of Wonders,1950,1950-09-16,1950s,Remake,Adventure,Superhero,165,G,English,USA,John Musker,Jonas Rivera,Lin-Manuel Miranda,Idris Elba,Auli'i Cravalho,None,20th Century Studios,110.1,135.6,83.5,30.7,15.3,46.5,89.1,18.7,4.6,38,32,35,3814,Theatrical Only,,No,0,0,0,41,4,No,Scar,Snow White,Yes,No,No,Yes,Yes,No,No,Yes,No,Yes,None,Family,18.5,No,None,No,No,14.8,4.9,3.7,1.0,3.0,1.65,18,No,No,0.0,20.2,393.2,21.4,Low Profit,Average
DIS00112,The Magic the Isles 2,The Magic the Isles,2019,2019-01-18,2010s,Remake,Action,Heist,182,PG-13,English,Canada,Craig Gillespie,Yvett Merino,Thomas Newman,Ewan McGregor,Lily James,3D CGI,Marvel Studios,296.3,733.5,271.3,131.1,95.6,358.9,374.6,82.3,6.3,43,68,61,2482,Disney+,2019-07-08,Yes,0,0,0,50,2,Yes,Mother Gothel,Merida,Yes,No,Yes,No,No,No,No,Yes,No,No,Marvel Cinematic Universe,Teen,68.0,No,None,No,No,36.3,6.4,4.3,3.2,2.8,7.66,36,No,No,24.3,57.3,861.9,331.1,High Profit,Hit
DIS00113,Spirit of the Sea: Journey,Spirit of the Sea,2007,2007-07-24,2000s,Pixar,Sci-Fi,Heist,174,PG,Hindi,UK,Andrew Stanton,Kathleen Kennedy,James Newton Howard,Robert Downey Jr.,Anne Hathaway,Hybrid,Disney Channel Productions,59.3,24.3,49.6,16.3,1.6,9.3,15.0,-63.1,8.2,84,81,92,2142,Theatrical Only,,No,2,2,0,32,2,No,Gaston,Hiro,No,Yes,No,No,Yes,No,No,No,Yes,No,None,Kids,48.4,No,None,No,No,32.7,8.1,8.7,1.9,2.5,4.78,15,No,Yes,0.0,3.9,35.8,-41.6,Loss,Flop
DIS00114,Mulan,Standalone,1943,1943-06-19,1940s,Pixar,Adventure,Heist,105,PG-13,English,India,Pete Docter,Jonas Rivera,Patrick Doyle,Johnny Depp,Anne Hathaway,Stop Motion,Walt Disney Pictures,337.0,2080.1,254.4,126.7,111.0,631.2,1448.9,445.8,6.5,52,58,64,1501,Disney+,1944-07-16,Yes,1,0,0,54,2,No,Cruella de Vil,Miguel,No,Yes,No,No,No,Yes,No,No,No,No,None,Kids,255.7,No,None,No,No,97.8,6.8,4.9,10.0,10.0,33.98,100,No,Yes,109.7,304.9,6396.3,1699.0,Massive Profit,Blockbuster
DIS00115,Tale of the Sea 4,Tale of the Sea,1982,1982-01-06,1980s,Animated,Adventure,Mystery,112,G,English,USA,Jon Favreau,Jason Owen,Michael Giacchino,Chris Pratt,Zoe Saldana,Hybrid,20th Century Studios,440.2,484.2,359.3,131.8,69.5,209.1,275.1,-1.4,4.4,28,27,30,1345,DisneyNOW,1983-01-19,No,0,0,0,90,14,No,Mother Gothel,Riley,No,No,No,Yes,Yes,No,No,No,Yes,No,None,Teen,67.6,No,None,No,No,26.8,4.3,3.3,1.9,2.8,3.36,33,No,No,0.0,89.5,1016.8,-6.9,Loss,Average
DIS00116,101 Dalmatians,101 Dalmatians,1993,1993-06-06,1990s,Short Film,Animation,Buddy Comedy,83,PG,English,USA,Rich Moore,Jared Bush,Michael Giacchino,Chris Evans,Emma Stone,Hybrid,Walt Disney Pictures,126.5,159.2,101.7,45.8,19.9,100.5,58.7,7.9,7.8,78,86,69,1560,Theatrical Only,,No,1,0,0,62,1,No,Mother Gothel,Woody,No,Yes,Yes,No,Yes,No,No,No,No,No,None,Kids,58.3,No,None,No,No,17.8,8.2,7.9,1.0,2.6,1.86,12,No,Yes,0.0,18.8,290.5,11.7,Low Profit,Average
DIS00117,Treasure Planet,Treasure Planet,1995,1995-10-26,1990s,Pixar,Romance,Time Travel,104,G,Multiple,UK,Nathan Greno,Jason Owen,Patrick Doyle,Josh Gad,Idina Menzel,Hybrid,Lucasfilm,394.3,423.2,319.9,82.3,63.4,233.4,189.8,5.2,6.9,38,63,71,3655,Disney+,1996-10-17,Yes,3,1,1,66,0,No,Jafar,Nemo,No,No,Yes,No,Yes,No,No,No,Yes,No,None,Family,61.9,No,None,No,No,35.9,6.9,4.3,3.3,4.3,14.08,48,No,No,22.8,29.7,751.2,21.0,Low Profit,Average
DIS00118,Ratatouille 3,Ratatouille,1975,1975-01-10,1970s,Short Film,Sci-Fi,Road Trip,121,PG,English,Canada,Andrew Stanton,Roy Conli,Randy Newman,Dwayne Johnson,Auli'i Cravalho,Hybrid,Disney Channel Productions,114.4,435.0,98.8,28.4,58.9,230.3,204.7,242.0,6.8,60,65,65,3674,Disney+,1975-11-19,Yes,1,1,0,44,0,No,Ursula,Remy,No,No,No,No,Yes,Yes,No,No,No,No,None,Kids,30.1,No,None,No,No,30.3,6.8,6.0,3.9,4.5,9.78,26,No,No,10.1,50.7,989.6,307.8,Massive Profit,Hit
DIS00119,Legend of the Forest,Standalone,2020,2020-03-07,2020s,Disney Channel Original,Family,Superhero,129,G,English,India,Brad Bird,Yvett Merino,Thomas Newman,Ewan McGregor,Sofia Carson,2D,Lucasfilm,167.0,642.7,143.4,50.7,26.4,195.2,447.5,231.1,7.8,75,73,73,3815,DisneyNOW,2020-10-25,No,1,1,0,52,11,Yes,Cruella de Vil,Moana,Yes,Yes,Yes,Yes,Yes,No,Yes,No,No,No,None,Kids,141.8,No,None,No,No,45.1,8.0,7.2,7.0,5.2,11.49,51,No,No,0.0,62.9,739.1,448.6,Massive Profit,Hit
DIS00120,The Golden Dreams 2,The Golden Dreams,1999,1999-10-01,1990s,Live Action,Action,Sports,158,PG-13,Hindi,UK,Jennifer Lee,Peter Del Vecho,Christophe Beck,Ewan McGregor,Zendaya,None,Marvel Studios,430.1,472.9,338.7,137.5,49.4,167.9,305.0,-0.7,6.1,46,47,52,1596,Theatrical Only,,No,0,1,0,56,10,Yes,None,Aurora,Yes,No,No,Yes,No,No,Yes,No,Yes,No,Marvel Cinematic Universe,Everyone,64.2,No,None,No,No,33.6,6.3,4.4,1.5,3.6,9.5,38,No,No,0.0,52.2,792.1,-3.3,Loss,Average
DIS00121,Atlantis,Atlantis,1974,1974-03-17,1970s,Short Film,Romance,Heist,72,PG,English,India,Craig Gillespie,Jonas Rivera,Randy Newman,Robert Downey Jr.,Auli'i Cravalho,2D,20th Century Studios,308.6,822.2,282.5,67.4,78.8,531.3,290.9,135.0,5.8,46,45,54,1697,Disney+,1975-01-05,Yes,0,0,0,63,9,Yes,Yzma,Aladdin,No,No,Yes,Yes,Yes,No,No,No,Yes,No,None,Kids,130.3,No,None,No,No,40.8,6.1,4.9,4.0,3.9,6.02,40,No,No,22.2,136.7,1891.1,472.3,High Profit,Hit
DIS00122,The Enchanted the Sea 3,The Enchanted the Sea,1963,1963-03-12,1960s,Remake,Drama,Fairy Tale,105,G,Japanese,India,Jennifer Lee,Jonas Rivera,James Newton Howard,Josh Gad,Kristen Bell,None,20th Century Studios,113.8,360.6,97.2,38.5,57.1,206.4,154.2,165.7,7.0,86,65,78,2233,Theatrical Only,,No,2,1,1,14,8,No,Dr. Facilier,Snow White,Yes,Yes,No,Yes,Yes,No,No,Yes,No,No,None,Everyone,115.2,No,None,No,No,36.3,7.4,8.3,3.9,4.0,10.84,26,No,No,0.0,24.6,928.5,224.9,Massive Profit,Hit
DIS00123,The Golden Wonders 4,The Golden Wonders,1947,1947-01-11,1940s,Remake,Sci-Fi,Road Trip,174,PG,English,USA,Pete Docter,Roy Conli,Hans Zimmer,Chris Evans,Emma Stone,None,Disneytoon Studios,367.6,1226.3,343.4,111.0,98.9,629.8,596.5,169.9,7.4,69,75,71,1795,DisneyNOW,1947-12-25,No,3,1,0,53,0,No,Scar,Aladdin,No,No,No,No,Yes,Yes,No,Yes,Yes,No,None,Everyone,163.4,No,None,Yes,No,61.3,7.8,6.7,6.9,5.6,19.87,59,No,No,0.0,105.1,3648.2,771.9,Massive Profit,Hit
DIS00124,The Enchanted Dreams 4,The Enchanted Dreams,1958,1958-07-07,1950s,Disney Channel Original,Fantasy,Fairy Tale,70,PG,Multiple,Japan,Kirk Wise,Jared Bush,Germaine Franco,Chris Pratt,Emma Stone,2D,Walt Disney Pictures,323.0,347.2,273.7,84.3,24.1,197.0,150.2,-3.0,7.8,82,78,74,1943,DisneyNOW,1959-03-18,No,2,0,0,70,1,No,Yzma,Cinderella,Yes,No,Yes,No,Yes,No,No,No,Yes,No,None,Family,34.1,No,None,No,No,41.6,8.0,7.9,4.2,3.4,15.47,59,No,Yes,0.0,61.9,937.4,-10.8,Loss,Average
DIS00125,Adventures of the Forest: Forever,Adventures of the Forest,1965,1965-03-25,1960s,Animated,Animation,Road Trip,82,PG,Spanish,Japan,Craig Gillespie,Jared Bush,Randy Newman,Will Smith,Lily James,Stop Motion,Walt Disney Pictures,214.7,338.5,170.4,78.5,20.5,129.2,209.3,36.0,6.5,60,54,63,3863,Disney+,1966-01-17,Yes,0,0,0,33,0,No,Jafar,Woody,No,Yes,Yes,No,Yes,No,No,No,No,No,None,Everyone,49.9,No,None,No,No,29.9,5.9,6.0,3.0,3.1,7.87,40,No,No,24.9,18.2,854.7,89.6,Medium Profit,Average
DIS00126,Sleeping Beauty,Standalone,2008,2008-07-09,2000s,Remake,Animation,Superhero,140,G,English,USA,Nathan Greno,Roy Conli,Alan Menken,Will Smith,Sofia Carson,2D,Disney Channel Productions,403.6,755.9,364.3,105.0,87.0,451.5,304.4,61.1,7.0,53,53,75,3739,Disney+,2009-06-16,Yes,1,0,0,78,10,No,Captain Hook,Moana,Yes,No,Yes,Yes,Yes,No,No,Yes,No,No,None,Family,122.2,No,None,No,No,49.2,6.7,5.4,4.4,4.7,18.34,48,No,Yes,30.6,69.1,1096.1,286.6,Medium Profit,Average
DIS00127,Inside Out: Adventure,Inside Out,1963,1963-12-14,1960s,Live Action,Romance,Heist,138,PG,French,Canada,Lee Unkrich,Peter Del Vecho,Michael Giacchino,Robert Downey Jr.,Anne Hathaway,None,Marvel Studios,104.4,240.0,85.6,39.6,35.8,141.3,98.7,91.7,7.5,73,66,71,4437,Disney+,1964-08-06,Yes,2,1,0,13,4,Yes,Chernabog,Moana,Yes,No,No,Yes,Yes,No,No,No,Yes,No,Marvel Cinematic Universe,Family,102.8,No,None,No,No,33.6,7.0,8.1,1.9,3.7,5.07,36,Yes,No,15.3,34.0,618.0,114.8,High Profit,Hit
DIS00128,Adventures of the Isles,Standalone,1999,1999-01-26,1990s,Animated,Family,Mystery,83,PG,English,Japan,John Musker,John Lasseter,Thomas Newman,Chris Pratt,Idina Menzel,Hybrid,Marvel Studios,346.2,191.9,302.8,95.8,23.7,95.7,96.2,-51.9,7.3,70,56,62,2905,Theatrical Only,,No,0,2,0,52,14,Yes,Mother Gothel,Aurora,Yes,Yes,Yes,Yes,Yes,No,No,No,No,No,Marvel Cinematic Universe,Everyone,111.2,No,None,No,No,34.6,7.1,7.4,3.1,2.6,12.58,14,No,No,0.0,17.6,321.4,-206.7,Loss,Flop
DIS00129,The Enchanted the Realm 4,The Enchanted the Realm,1980,1980-02-02,1980s,Disney Channel Original,Drama,Sports,106,G,English,USA,Gary Trousdale,Kathleen Kennedy,Germaine Franco,Ryan Reynolds,Kristen Bell,3D CGI,Walt Disney Animation Studios,149.5,435.1,121.1,66.9,20.8,139.7,295.4,131.4,5.9,51,37,41,514,Disney+,1980-07-12,Yes,0,0,0,54,2,No,Scar,Aladdin,No,Yes,Yes,No,Yes,Yes,No,No,Yes,No,None,Family,102.6,No,None,No,No,32.7,5.8,4.9,3.3,3.3,9.35,39,No,No,10.5,56.4,935.5,247.1,High Profit,Hit
DIS00130,Tale of the Isles,Tale of the Isles,1955,1955-09-21,1950s,Live Action,Family,Road Trip,76,PG-13,English,USA,Jennifer Lee,Osnat Shurer,Randy Newman,Jason Segel,Auli'i Cravalho,None,Marvel Studios,305.3,2113.5,256.0,87.4,199.9,816.5,1297.0,515.5,6.9,69,57,61,1982,Disney+,1956-01-16,Yes,0,0,0,35,0,Yes,Cruella de Vil,Riley,No,No,Yes,No,No,No,No,No,No,No,Marvel Cinematic Universe,Teen,100.7,Yes,Tokyo Disneyland,Yes,Yes,93.4,7.1,6.8,10.0,10.0,23.0,85,No,No,28.4,166.9,5865.0,1770.1,Massive Profit,Blockbuster
DIS00131,Pirates of the Caribbean,Pirates of the Caribbean,1955,1955-05-09,1950s,Disney Channel Original,Drama,Heist,113,G,English,India,Nathan Greno,Kathleen Kennedy,Germaine Franco,Ryan Reynolds,Zendaya,Stop Motion,Disneytoon Studios,322.1,762.8,248.5,99.7,52.4,345.0,417.8,119.1,6.0,54,52,47,3947,Disney+,1956-02-15,Yes,0,0,0,95,12,Yes,Cruella de Vil,Aurora,Yes,No,No,Yes,Yes,No,No,No,No,No,None,Kids,78.4,No,None,No,No,46.5,6.1,5.2,5.1,4.5,8.32,43,No,No,50.4,143.1,2116.8,414.6,High Profit,Hit
DIS00132,The Muppets,The Muppets,1991,1991-10-24,1990s,Pixar,Drama,Time Travel,172,PG,English,USA,Pete Docter,Yvett Merino,Randy Newman,Chris Pratt,Auli'i Cravalho,3D CGI,20th Century Studios,174.9,1002.5,156.3,42.8,134.4,395.0,607.5,403.5,6.1,34,51,48,3632,Disney+ Hotstar,1992-01-30,Yes,0,1,0,85,1,No,Hans,Mirabel,No,No,No,No,Yes,No,No,No,Yes,No,None,Everyone,209.1,No,None,Yes,Yes,59.8,6.5,2.7,5.3,5.4,3.25,59,No,No,33.1,114.1,1879.7,803.4,Massive Profit,Blockbuster
DIS00133,Up: Journey,Up,2000,2000-05-04,2000s,Disney Channel Original,Fantasy,Heist,111,G,Spanish,India,Rich Moore,Jason Owen,Alan Menken,Idris Elba,Emma Watson,2D,Walt Disney Animation Studios,22.8,119.0,18.6,5.1,16.2,50.9,68.1,402.1,6.1,49,53,54,1512,Theatrical Only,,No,0,0,0,32,8,No,Judge Frollo,Snow White,Yes,No,Yes,Yes,Yes,No,No,No,No,No,None,Family,52.8,No,None,No,No,18.7,5.9,5.4,2.8,2.4,1.39,3,No,No,0.0,17.8,196.3,95.3,Massive Profit,Blockbuster
DIS00134,Wreck-It Ralph,Wreck-It Ralph,1985,1985-08-17,1980s,Animated,Fantasy,Coming of Age,145,G,English,USA,Niki Caro,Roy Conli,Germaine Franco,Robert Downey Jr.,Lily James,2D,Walt Disney Animation Studios,407.4,2357.6,339.5,118.5,229.8,856.6,1501.0,414.8,5.8,49,43,52,2208,Disney+,1986-09-04,Yes,0,0,0,52,7,No,Judge Frollo,Elsa,Yes,No,Yes,Yes,Yes,No,No,No,Yes,No,None,Kids,144.3,No,None,Yes,Yes,100.0,6.3,5.5,10.0,9.0,32.42,90,No,Yes,71.0,446.8,4774.1,1899.6,Massive Profit,Blockbuster
DIS00135,Spirit of Dreams: Rises,Spirit of Dreams,1937,1937-06-04,1930s,Remake,Action,Fairy Tale,116,G,English,USA,Lee Unkrich,Jonas Rivera,James Newton Howard,Idris Elba,Halle Bailey,None,Disneytoon Studios,143.9,238.4,109.1,53.3,28.8,138.2,100.2,46.8,6.3,50,68,50,1138,Disney+,1937-09-27,Yes,1,0,0,43,7,No,Shan Yu,Belle,Yes,Yes,No,Yes,Yes,Yes,No,Yes,Yes,No,None,Teen,112.7,No,None,No,No,34.1,6.1,5.0,4.0,3.7,13.05,28,No,Yes,28.7,24.7,768.8,76.0,Medium Profit,Average
DIS00136,The Muppets: Return,The Muppets,1996,1996-04-03,1990s,Disney Channel Original,Romance,Superhero,126,PG-13,English,USA,Rob Marshall,Kathleen Kennedy,Lin-Manuel Miranda,Chris Pratt,Emma Stone,Hybrid,Walt Disney Animation Studios,95.9,731.0,74.4,38.6,77.0,265.7,465.3,546.9,4.7,32,39,30,3819,Disney+ Hotstar,1997-02-07,Yes,0,0,0,52,14,No,Hades,Belle,Yes,No,No,Yes,No,Yes,No,No,Yes,No,None,Everyone,135.7,No,None,No,No,46.0,5.0,2.8,5.4,5.3,3.19,55,No,No,19.7,93.4,1279.2,618.0,Massive Profit,Mega Blockbuster
DIS00137,Cinderella,Standalone,1991,1991-12-22,1990s,Disney Channel Original,Family,Time Travel,87,PG-13,Multiple,USA,Lee Unkrich,Jonas Rivera,James Newton Howard,Josh Gad,Halle Bailey,2D,Pixar Animation Studios,308.9,349.2,259.5,106.0,13.2,104.9,244.3,-4.5,6.8,68,47,65,1541,DisneyNOW,1992-12-26,No,1,1,0,46,2,No,Chernabog,Woody,No,Yes,No,No,No,No,Yes,No,No,No,None,Family,42.7,No,None,No,No,34.0,6.6,6.8,4.3,3.4,12.11,45,Yes,No,0.0,38.4,654.8,-16.3,Loss,Average
DIS00138,The Magic Wonders,Standalone,1958,1958-08-15,1950s,Live Action,Romance,Fairy Tale,71,PG,Spanish,Japan,Chris Buck,Peter Del Vecho,Michael Giacchino,Ewan McGregor,Zendaya,None,Disney Channel Productions,150.6,133.5,118.3,37.4,20.1,80.0,53.5,-14.3,5.2,25,34,47,2372,DisneyNOW,1959-07-30,No,0,0,0,72,2,No,Hans,Carl Fredricksen,No,No,No,No,Yes,No,No,No,No,No,None,Family,41.8,No,None,No,No,17.3,5.3,3.0,1.0,1.8,6.69,21,No,Yes,0.0,18.7,360.5,-22.2,Loss,Flop
DIS00139,Kingdom of the North: Legacy,Kingdom of the North,2001,2001-08-21,2000s,Animated,Action,Superhero,147,PG-13,English,Japan,Gary Trousdale,Kevin Feige,Thomas Newman,Josh Gad,Lily James,3D CGI,Disneytoon Studios,207.4,201.3,170.1,50.6,27.1,84.2,117.1,-8.8,7.6,67,66,76,1536,Disney+ Hotstar,2002-09-01,Yes,0,0,0,95,15,No,Shan Yu,Troy Bolton,No,Yes,Yes,Yes,No,No,No,No,Yes,No,None,Family,86.3,No,None,No,No,30.5,7.2,7.0,3.0,4.0,8.75,18,No,Yes,28.3,21.7,327.1,-19.4,Loss,Average
DIS00140,Robin Hood,Robin Hood,1977,1977-12-06,1970s,Short Film,Romance,Mystery,134,G,English,USA,Chris Buck,Kathleen Kennedy,Thomas Newman,Dwayne Johnson,Emma Stone,3D CGI,Disney Channel Productions,136.1,439.3,113.7,54.1,23.9,195.7,243.6,161.8,5.6,42,39,53,1220,Disney+,1978-08-18,Yes,0,0,0,57,7,No,Jafar,Belle,Yes,Yes,No,Yes,Yes,No,No,No,Yes,No,None,Kids,63.3,No,None,No,No,26.0,5.8,4.0,2.6,3.7,5.31,32,Yes,No,9.4,51.2,977.4,271.5,Massive Profit,Hit
DIS00141,Sister Act,Sister Act,2021,2021-01-24,2020s,Pixar,Sci-Fi,Heist,139,PG,English,USA,Rich Moore,Jared Bush,Germaine Franco,Idris Elba,Anne Hathaway,Hybrid,Pixar Animation Studios,332.0,1386.7,269.2,101.4,176.5,814.1,572.6,274.2,4.4,20,25,36,931,Disney+,2021-11-21,Yes,0,0,0,65,6,No,Yzma,Belle,Yes,Yes,No,Yes,Yes,Yes,No,No,Yes,No,None,Teen,74.0,No,None,No,No,54.9,4.3,2.0,6.9,6.1,9.67,60,No,No,61.5,235.6,1560.0,1016.1,Massive Profit,Blockbuster
DIS00142,National Treasure,National Treasure,1984,1984-01-08,1980s,Disney Channel Original,Animation,Road Trip,129,PG,French,USA,Marc Webb,Jason Owen,Michael Giacchino,Robert Downey Jr.,Emma Stone,3D CGI,Walt Disney Pictures,62.9,104.8,50.4,26.6,13.7,44.0,60.8,36.1,5.8,29,52,46,1415,Disney+,1984-08-30,Yes,0,1,0,69,14,No,Chernabog,Rapunzel,Yes,Yes,Yes,Yes,Yes,Yes,Yes,No,Yes,No,None,Family,19.4,No,None,No,No,17.1,5.8,3.0,2.2,1.2,5.98,30,No,No,19.0,18.7,214.8,27.8,Medium Profit,Average
DIS00143,Big Hero 6 4,Standalone,2024,2024-10-18,2020s,Animated,Fantasy,Mystery,130,G,English,USA,Kirk Wise,Peter Del Vecho,Randy Newman,Jason Segel,Zoe Saldana,Hybrid,Marvel Studios,189.5,1235.1,144.3,67.1,115.7,469.0,766.1,484.2,6.3,47,61,62,2559,Disney+,2025-09-23,Yes,1,1,0,59,12,Yes,Gaston,Ralph,No,No,Yes,Yes,Yes,No,No,No,No,No,Marvel Cinematic Universe,Kids,207.3,No,None,No,No,61.5,6.4,4.8,6.0,5.6,22.35,59,No,No,55.4,231.1,1296.9,1023.7,Massive Profit,Blockbuster
DIS00144,Sister Act,Sister Act,2015,2015-10-09,2010s,Disney Channel Original,Family,Time Travel,177,PG,Japanese,India,Gary Trousdale,Jared Bush,James Newton Howard,Dwayne Johnson,Halle Bailey,Stop Motion,Marvel Studios,307.6,101.0,289.4,136.0,4.0,31.5,69.5,-76.3,6.7,58,60,67,1799,Disney+,2016-07-02,Yes,1,0,0,80,12,Yes,Hades,Remy,No,No,No,Yes,Yes,No,No,No,Yes,No,Marvel Cinematic Universe,Teen,19.9,No,None,No,No,14.2,7.2,4.7,2.4,1.4,1.92,18,No,No,4.7,15.8,128.8,-324.4,Loss,Flop
DIS00145,Pirates of the Caribbean,Standalone,1971,1971-12-24,1970s,Pixar,Sci-Fi,Time Travel,190,PG,English,UK,Ron Clements,Yvett Merino,Hans Zimmer,Ewan McGregor,Zendaya,3D CGI,Walt Disney Animation Studios,211.9,1002.4,190.2,89.0,112.2,365.7,636.7,259.0,7.7,79,68,76,1181,Theatrical Only,,No,2,2,1,65,0,No,Dr. Facilier,Hercules,No,No,No,No,Yes,No,No,No,No,No,None,Everyone,125.3,No,None,No,No,56.6,7.8,7.9,5.4,5.7,16.28,43,Yes,No,0.0,95.3,2380.7,723.2,Massive Profit,Blockbuster
DIS00146,Zootopia: Adventure,Zootopia,1968,1968-04-23,1960s,Short Film,Adventure,Mystery,122,PG,English,UK,Lee Unkrich,Peter Del Vecho,Michael Giacchino,Jason Segel,Emma Stone,Hybrid,Pixar Animation Studios,82.4,88.5,73.1,21.6,12.5,41.3,47.2,-6.5,8.4,89,95,87,3383,Disney+,1969-01-19,Yes,3,0,0,37,1,No,None,Remy,No,No,No,No,Yes,No,No,No,Yes,No,None,Everyone,48.6,No,None,No,No,16.1,8.5,9.9,1.0,1.4,2.22,12,No,No,13.3,11.2,216.8,-6.2,Loss,Average
DIS00147,The Enchanted the North: Origins,The Enchanted the North,1988,1988-01-08,1980s,Animated,Comedy,Heist,144,G,English,Japan,Gary Trousdale,Jared Bush,Hans Zimmer,Chris Evans,Kristen Bell,Stop Motion,Marvel Studios,331.8,884.0,303.7,125.7,88.2,534.9,349.1,105.9,6.8,58,48,68,806,Disney+,1988-05-03,Yes,1,0,0,64,2,Yes,Cruella de Vil,Mal,No,Yes,No,No,Yes,No,No,No,Yes,No,Marvel Cinematic Universe,Teen,153.8,No,None,No,No,49.8,6.9,5.9,6.1,5.9,12.75,52,No,No,16.2,147.3,1723.8,454.6,High Profit,Hit
DIS00148,Brave,Brave,2024,2024-01-06,2020s,Disney Channel Original,Sci-Fi,Time Travel,169,PG,English,USA,Dean DeBlois,Kathleen Kennedy,Thomas Newman,Chris Pratt,Kristen Bell,2D,Walt Disney Pictures,17.2,30.6,14.5,7.2,3.5,13.1,17.5,41.0,7.4,69,76,89,2713,Disney+,2024-09-01,Yes,0,0,0,48,1,No,Hans,Stitch,No,Yes,No,No,Yes,Yes,No,No,Yes,No,None,Family,29.8,No,None,No,No,20.3,7.2,7.4,3.2,2.1,1.34,29,No,No,11.7,2.7,32.1,8.9,Medium Profit,Average
DIS00149,Winnie the Pooh,Winnie the Pooh,1988,1988-05-18,1980s,Remake,Sci-Fi,Heist,145,PG,English,India,Gary Trousdale,Kathleen Kennedy,Thomas Newman,Chris Evans,Sofia Carson,None,Pixar Animation Studios,313.3,719.2,286.1,65.6,53.4,401.0,318.2,104.5,5.7,60,50,55,1455,Disney+,1988-12-18,Yes,0,0,0,57,11,Yes,Hans,Ariel,Yes,Yes,Yes,Yes,Yes,Yes,No,Yes,Yes,No,None,Family,44.7,No,None,No,No,48.3,6.5,5.8,4.3,3.9,15.93,50,No,No,37.8,143.3,1402.4,367.5,High Profit,Hit
DIS00150,Tale of the Forest 4,Tale of the Forest,2005,2005-11-05,2000s,Remake,Fantasy,Heist,178,PG,Multiple,USA,Ron Clements,John Lasseter,Michael Giacchino,Robert Downey Jr.,Zoe Saldana,None,Disney Channel Productions,245.0,1227.4,216.4,71.4,161.3,779.5,447.9,326.5,7.9,85,79,71,2503,Disney+,2006-08-24,Yes,5,2,1,61,2,Yes,Captain Hook,Mal,No,No,Yes,No,Yes,No,No,Yes,No,No,None,Everyone,208.9,No,None,No,No,69.1,8.6,8.6,6.9,6.2,4.87,65,Yes,No,81.6,225.8,1871.8,939.6,Massive Profit,Blockbuster
DIS00151,101 Dalmatians,101 Dalmatians,2016,2016-10-05,2010s,Disney Channel Original,Animation,Superhero,155,G,Spanish,USA,Marc Webb,Kathleen Kennedy,Patrick Doyle,Dwayne Johnson,Angelina Jolie,Stop Motion,Marvel Studios,416.1,543.2,350.0,96.2,121.7,349.2,194.0,21.7,6.8,59,65,76,967,Disney+,2017-09-10,Yes,0,0,0,50,10,Yes,Chernabog,Rapunzel,Yes,Yes,Yes,Yes,Yes,No,No,No,No,No,Marvel Cinematic Universe,Teen,119.2,No,None,No,No,47.4,6.9,6.1,4.6,5.2,15.78,48,No,No,31.4,39.7,679.0,97.0,Low Profit,Average
DIS00152,Cars: Return,Cars,1965,1965-06-22,1960s,Remake,Action,Time Travel,89,G,English,India,Niki Caro,John Lasseter,Thomas Newman,Ewan McGregor,Auli'i Cravalho,None,Pixar Animation Studios,65.7,272.7,49.4,16.1,24.0,99.9,172.8,316.3,6.8,48,53,59,773,DisneyNOW,1965-10-25,No,1,0,0,32,12,No,Hans,Cinderella,Yes,No,Yes,Yes,Yes,Yes,No,Yes,No,No,None,Family,59.3,No,None,No,No,19.4,6.9,4.7,2.1,1.2,2.31,8,No,Yes,0.0,31.2,688.6,207.2,Massive Profit,Blockbuster
DIS00153,Spirit of Stardust,Standalone,2009,2009-01-10,2000s,Live Action,Family,Fairy Tale,182,PG,English,USA,Marc Webb,Jared Bush,Lin-Manuel Miranda,Dwayne Johnson,Lily James,None,Walt Disney Pictures,42.8,50.8,40.2,13.0,4.1,19.5,31.3,-4.5,6.7,70,59,62,2901,Disney+ Hotstar,2009-08-28,Yes,0,1,0,65,8,No,None,Hiro,No,Yes,Yes,Yes,Yes,No,No,No,No,No,None,Family,33.3,No,None,No,No,25.4,6.6,6.2,3.5,2.7,2.9,18,No,No,11.2,3.3,72.4,-2.4,Loss,Average
DIS00154,Legend of the North,Legend of the North,1973,1973-10-20,1970s,Disney Channel Original,Romance,Coming of Age,102,PG-13,Multiple,India,Byron Howard,Jonas Rivera,Lin-Manuel Miranda,Idris Elba,Anne Hathaway,Hybrid,Disney Channel Productions,413.7,1493.2,369.9,119.8,178.7,822.7,670.5,204.9,5.0,40,43,43,1709,DisneyNOW,1974-10-31,No,0,0,0,27,0,No,Judge Frollo,Mal,No,No,No,No,No,No,No,No,Yes,No,None,Everyone,183.6,Yes,Disney's Hollywood Studios,Yes,Yes,67.8,4.6,4.2,6.9,6.3,13.49,50,No,No,0.0,82.9,3471.7,1003.5,Massive Profit,Hit
DIS00155,National Treasure,National Treasure,1999,1999-03-03,1990s,Animated,Romance,Coming of Age,155,PG,English,USA,Brad Bird,Jonas Rivera,Patrick Doyle,Johnny Depp,Idina Menzel,Hybrid,20th Century Studios,325.2,515.5,283.6,133.3,51.2,310.5,205.0,23.7,6.2,59,52,54,2922,Disney+,1999-06-21,Yes,1,0,0,60,10,Yes,Jafar,Cinderella,Yes,Yes,Yes,Yes,Yes,Yes,No,No,Yes,No,None,Teen,79.6,No,None,No,No,39.8,6.7,6.0,4.6,4.6,4.71,32,No,No,19.7,69.5,863.5,98.6,Low Profit,Average
DIS00156,The Chronicles of Narnia 3,The Chronicles of Narnia,1951,1951-04-07,1950s,Remake,Family,Sports,119,PG-13,English,India,Craig Gillespie,Jonas Rivera,Lin-Manuel Miranda,Tom Holland,Sofia Carson,None,Marvel Studios,409.0,1487.5,325.2,117.8,201.1,927.8,559.7,235.8,7.6,87,66,77,589,Disney+,1951-08-05,Yes,1,0,0,51,7,Yes,Scar,Mal,No,No,No,Yes,No,No,No,Yes,No,No,Marvel Cinematic Universe,Teen,91.9,Yes,Disney California Adventure,No,No,78.3,7.7,8.6,10.0,8.9,10.64,76,No,No,55.4,261.4,4276.6,1044.5,Massive Profit,Hit
DIS00157,Oliver & Company,Standalone,1952,1952-01-22,1950s,Animated,Sci-Fi,Buddy Comedy,120,PG,English,Canada,Niki Caro,Jared Bush,Michael Giacchino,Ewan McGregor,Idina Menzel,3D CGI,Marvel Studios,103.5,212.3,78.4,39.5,33.2,122.4,89.9,80.1,8.2,79,77,84,2340,Theatrical Only,,No,6,2,2,49,0,Yes,Yzma,Judy Hopps,No,No,No,No,Yes,No,No,No,No,No,Marvel Cinematic Universe,Family,41.1,No,None,No,No,23.6,8.6,7.6,1.6,2.0,6.9,38,No,No,0.0,33.2,605.1,94.4,High Profit,Hit
DIS00158,Zootopia,Zootopia,2013,2013-02-19,2010s,Pixar,Musical,Road Trip,61,PG,Multiple,USA,Byron Howard,Jared Bush,Alan Menken,Johnny Depp,Zoe Saldana,3D CGI,Walt Disney Pictures,241.5,719.1,210.1,62.2,118.7,372.2,346.9,164.1,8.3,68,78,78,2523,Disney+,2013-12-30,Yes,3,1,0,71,10,No,Hans,Miguel,No,Yes,Yes,Yes,Yes,No,No,No,No,No,None,Everyone,166.5,No,None,No,No,57.7,8.2,6.7,6.6,4.7,12.88,62,No,No,56.9,82.7,952.8,446.8,Massive Profit,Hit
DIS00159,Enchanted: Journey,Enchanted,1982,1982-02-14,1980s,Live Action,Romance,Road Trip,169,PG,English,USA,Chris Buck,Jared Bush,Patrick Doyle,Jason Segel,Halle Bailey,None,Disneytoon Studios,159.9,486.1,124.1,66.7,55.9,254.9,231.2,154.8,7.9,72,70,87,2388,Disney+,1982-08-02,Yes,0,0,0,54,2,No,None,Riley,No,No,No,No,Yes,No,No,No,No,No,None,Kids,68.9,No,None,No,No,41.5,7.8,7.2,5.0,3.6,4.06,42,No,No,17.4,68.1,1020.8,295.3,Massive Profit,Hit
DIS00160,Kingdom of the Isles,Kingdom of the Isles,1938,1938-07-15,1930s,Short Film,Family,Buddy Comedy,166,PG,English,Japan,Pete Docter,Osnat Shurer,Thomas Newman,Ryan Reynolds,Halle Bailey,Stop Motion,Walt Disney Pictures,76.7,69.2,65.6,19.1,9.4,27.4,41.8,-18.3,5.9,44,62,56,2081,Disney+ Hotstar,1939-05-28,Yes,1,0,0,43,5,No,None,Nemo,No,No,No,Yes,Yes,No,No,No,No,No,None,Kids,21.6,No,None,No,No,19.7,5.6,4.6,3.1,1.9,3.82,23,No,Yes,22.2,9.7,221.4,-15.5,Loss,Average
DIS00161,Up (Remake),Up,2016,2016-11-07,2010s,Animated,Adventure,Holiday,135,G,Hindi,USA,Nathan Greno,Osnat Shurer,Alan Menken,Chris Pratt,Zendaya,3D CGI,Lucasfilm,225.2,1466.9,205.5,57.7,243.9,874.9,592.0,457.3,8.2,73,79,78,718,Disney+,2017-04-12,Yes,3,1,0,78,6,No,Chernabog,Belle,Yes,No,No,Yes,Yes,Yes,No,No,No,No,None,Teen,141.9,Yes,Disneyland,Yes,No,73.0,8.6,6.7,7.9,8.3,4.81,75,Yes,No,52.5,264.4,1833.6,1203.7,Massive Profit,Blockbuster
DIS00162,Kingdom of the North,Kingdom of the North,2019,2019-04-01,2010s,Short Film,Fantasy,Coming of Age,146,PG,English,USA,John Musker,Kathleen Kennedy,Hans Zimmer,Chris Evans,Zendaya,Hybrid,Pixar Animation Studios,14.1,113.4,12.4,5.8,21.2,67.3,46.1,523.1,7.0,62,51,58,1435,Disney+,2019-12-16,Yes,2,1,0,35,0,No,Cruella de Vil,Mal,No,No,Yes,No,Yes,Yes,No,No,No,No,None,Kids,20.0,No,None,No,No,21.7,7.6,6.0,3.7,2.0,8.44,28,No,No,10.8,11.5,133.2,95.2,Massive Profit,Mega Blockbuster
DIS00163,The Enchanted the North: Reborn,Standalone,1941,1941-01-14,1940s,Disney Channel Original,Fantasy,Holiday,90,G,English,USA,Jennifer Lee,Yvett Merino,Christophe Beck,Johnny Depp,Idina Menzel,Hybrid,Walt Disney Pictures,127.0,1247.0,96.5,39.6,109.1,735.6,511.4,816.2,6.3,54,50,60,834,Disney+ Hotstar,1941-05-17,Yes,1,1,0,32,0,No,Gaston,Aladdin,No,No,Yes,No,Yes,Yes,No,No,No,No,None,Kids,118.1,No,None,Yes,Yes,58.4,6.4,5.4,4.4,6.1,20.81,74,No,No,67.2,144.3,3896.9,1110.9,Massive Profit,Mega Blockbuster
DIS00164,Legend of the Isles,Legend of the Isles,1993,1993-08-21,1990s,Pixar,Comedy,Fairy Tale,177,PG-13,English,India,Pete Docter,Kathleen Kennedy,Hans Zimmer,Dwayne Johnson,Kristen Bell,Hybrid,Disneytoon Studios,316.2,1040.4,275.5,97.5,99.6,448.8,591.6,178.9,6.9,54,60,57,4290,Theatrical Only,,No,0,1,0,82,11,No,Hans,Snow White,Yes,Yes,No,Yes,No,No,No,No,No,No,None,Family,75.6,No,None,No,No,61.4,6.8,5.0,6.3,6.0,5.53,64,No,Yes,0.0,68.5,1898.7,667.4,Massive Profit,Hit
DIS00165,Spirit of Stardust 3,Standalone,1946,1946-06-20,1940s,Live Action,Drama,Time Travel,113,PG,English,USA,Andrew Stanton,Jonas Rivera,Patrick Doyle,Ewan McGregor,Anne Hathaway,None,Marvel Studios,231.7,206.1,179.6,70.2,12.8,72.5,133.6,-17.5,7.1,63,67,69,1526,DisneyNOW,1946-08-23,No,2,0,0,83,9,Yes,Mother Gothel,Moana,Yes,Yes,No,Yes,Yes,No,No,No,No,No,Marvel Cinematic Universe,Family,40.6,No,None,No,No,29.9,7.9,6.9,3.7,3.2,1.74,22,No,Yes,0.0,20.8,618.3,-43.7,Loss,Flop
DIS00166,The Golden the Realm 2,Standalone,1943,1943-12-25,1940s,Animated,Comedy,Holiday,82,PG,English,USA,Kirk Wise,Yvett Merino,Michael Giacchino,Chris Pratt,Auli'i Cravalho,Hybrid,Disneytoon Studios,299.0,2893.7,255.7,98.7,386.7,1499.2,1394.5,716.5,6.0,57,48,49,1745,Disney+,1944-10-23,Yes,1,0,0,61,14,No,Hades,Tiana,Yes,Yes,No,Yes,Yes,No,No,No,No,No,None,Kids,319.7,Yes,Magic Kingdom,No,No,100.0,6.0,5.4,10.0,9.5,21.01,100,Yes,No,50.0,297.8,8898.1,2539.3,Massive Profit,Mega Blockbuster
DIS00167,Kingdom of Wonders,Kingdom of Wonders,2013,2013-06-13,2010s,Pixar,Comedy,Coming of Age,137,PG-13,Multiple,Japan,David Lowery,Peter Del Vecho,Patrick Doyle,Chris Pratt,Emma Stone,Hybrid,Pixar Animation Studios,31.2,201.4,26.2,8.4,15.8,106.7,94.7,482.1,6.5,54,65,71,2304,Disney+ Hotstar,2014-01-22,Yes,0,0,0,50,2,No,Gaston,Judy Hopps,No,No,Yes,No,No,Yes,No,No,Yes,No,None,Kids,49.0,No,None,No,No,26.3,6.5,6.1,1.0,1.9,7.07,18,No,Yes,16.9,22.7,266.9,166.8,Massive Profit,Blockbuster
DIS00168,Zootopia: Adventure,Standalone,1975,1975-04-08,1970s,Animated,Drama,Superhero,78,PG-13,English,Canada,Ron Clements,Roy Conli,Hans Zimmer,Johnny Depp,Sofia Carson,Hybrid,Marvel Studios,262.2,1475.7,241.4,104.6,313.1,908.4,567.3,326.5,6.4,45,51,68,3507,Disney+,1975-09-13,Yes,0,0,0,81,11,Yes,Ursula,Troy Bolton,No,Yes,No,Yes,No,No,No,No,No,No,Marvel Cinematic Universe,Kids,192.5,No,None,Yes,Yes,65.1,6.4,4.7,6.4,6.2,13.24,67,No,No,22.1,204.6,3357.2,1129.7,Massive Profit,Blockbuster
DIS00169,The Golden Wonders,The Golden Wonders,2010,2010-08-01,2010s,Pixar,Fantasy,Buddy Comedy,169,G,English,USA,Rich Moore,Osnat Shurer,Christophe Beck,Idris Elba,Anne Hathaway,Stop Motion,Walt Disney Pictures,216.7,1121.6,177.6,74.9,188.4,546.6,575.0,344.2,6.6,57,62,59,1307,Disney+,2011-01-28,Yes,1,1,0,67,10,No,Chernabog,Cinderella,Yes,No,Yes,Yes,Yes,No,No,No,No,No,None,Kids,148.6,No,None,Yes,Yes,57.3,6.8,5.6,5.2,5.2,6.04,54,No,Yes,62.8,186.1,1570.2,869.1,Massive Profit,Blockbuster
DIS00170,Cars: Untold Story,Cars,2023,2023-10-05,2020s,Disney Channel Original,Musical,Sports,142,G,Spanish,USA,Dean DeBlois,Osnat Shurer,Patrick Doyle,Ryan Reynolds,Emma Watson,Hybrid,Walt Disney Pictures,155.4,85.7,122.5,55.7,7.4,50.0,35.7,-51.9,7.7,70,66,71,1643,Disney+,2024-05-09,Yes,3,1,0,17,4,No,Chernabog,Ariel,Yes,Yes,Yes,Yes,Yes,Yes,No,No,No,No,None,Kids,57.6,No,None,No,No,29.9,7.3,6.3,5.0,2.5,2.33,49,No,No,14.4,16.5,92.1,-92.5,Loss,Flop
DIS00171,Tale of Wonders: Legacy,Tale of Wonders,1979,1979-05-09,1970s,Animated,Comedy,Coming of Age,78,PG,English,USA,Rich Moore,Kevin Feige,Patrick Doyle,Jason Segel,Sofia Carson,Hybrid,Marvel Studios,154.9,195.3,122.8,35.3,36.8,112.1,83.2,23.5,5.4,45,39,41,1634,Disney+,1979-12-30,Yes,0,0,0,82,9,Yes,Judge Frollo,Riley,No,No,No,Yes,Yes,No,No,No,Yes,No,Marvel Cinematic Universe,Teen,43.1,No,None,No,No,23.0,5.3,4.4,3.1,3.5,1.66,20,No,No,23.5,37.2,424.8,37.2,Low Profit,Average
DIS00172,Kingdom of the North: Reborn,Kingdom of the North,1996,1996-10-17,1990s,Remake,Animation,Fairy Tale,96,G,English,USA,Ron Clements,Kathleen Kennedy,Germaine Franco,Johnny Depp,Halle Bailey,None,Disneytoon Studios,148.2,51.4,115.7,34.2,2.1,16.7,34.7,-65.7,8.8,76,93,90,2989,Disney+,1997-08-16,Yes,6,1,1,76,2,No,Dr. Facilier,Elsa,Yes,Yes,Yes,No,Yes,No,No,Yes,No,No,None,Teen,44.5,No,None,No,No,27.2,9.0,7.5,1.9,3.5,3.84,31,No,No,32.0,4.4,90.0,-98.5,Loss,Flop
DIS00173,Tale of Dreams,Tale of Dreams,1999,1999-08-02,1990s,Remake,Musical,Time Travel,152,G,English,India,Pete Docter,Jason Owen,Randy Newman,Dwayne Johnson,Emma Watson,None,Disney Channel Productions,255.7,99.6,228.0,82.7,11.7,45.6,54.0,-67.9,6.8,59,52,72,4404,Disney+,2000-05-31,Yes,1,1,1,61,14,No,Yzma,Elsa,Yes,No,No,Yes,Yes,No,No,Yes,Yes,No,None,Teen,81.5,No,None,No,No,28.2,6.7,6.0,2.1,3.2,7.31,25,No,Yes,17.6,8.7,166.8,-211.1,Loss,Flop
DIS00174,The Enchanted the Realm,Standalone,1994,1994-09-23,1990s,Short Film,Musical,Buddy Comedy,174,G,Multiple,Japan,Dean DeBlois,Kevin Feige,Michael Giacchino,Jason Segel,Halle Bailey,2D,Walt Disney Animation Studios,354.8,1397.1,334.6,95.3,102.9,533.3,863.8,225.0,6.9,54,64,67,1287,Theatrical Only,,No,0,0,0,49,4,No,Judge Frollo,Bob Parr,No,No,No,Yes,Yes,No,No,No,No,No,None,Everyone,147.8,No,None,Yes,Yes,72.9,6.3,4.4,6.9,6.2,17.13,75,No,No,0.0,180.6,2514.8,967.2,Massive Profit,Hit
DIS00175,Tarzan,Standalone,1973,1973-09-21,1970s,Short Film,Adventure,Time Travel,91,G,English,Japan,Chris Buck,Roy Conli,James Newton Howard,Chris Evans,Emma Stone,3D CGI,Marvel Studios,435.6,405.1,329.0,147.4,42.6,123.4,281.7,-15.0,8.2,91,92,83,3160,Disney+,1974-06-16,Yes,1,1,0,51,10,Yes,Hans,Remy,No,No,No,Yes,Yes,No,No,No,No,No,Marvel Cinematic Universe,Teen,62.5,No,None,No,No,39.4,8.2,8.5,5.0,3.9,6.46,38,No,No,46.6,33.7,941.9,-71.3,Loss,Average
DIS00176,Cruella: Untold Story,Standalone,1943,1943-05-09,1940s,Disney Channel Original,Musical,Superhero,172,G,English,USA,Byron Howard,Kathleen Kennedy,Michael Giacchino,Josh Gad,Lily James,Stop Motion,Disney Channel Productions,67.5,189.9,52.9,13.7,14.1,105.3,84.6,185.1,6.8,69,53,63,1902,Disney+,1943-11-30,Yes,0,1,0,48,8,No,Yzma,Hercules,No,Yes,No,Yes,Yes,Yes,No,No,No,No,None,Everyone,48.3,No,None,No,No,31.5,6.5,7.2,2.1,3.2,9.92,50,No,No,14.6,18.8,583.9,123.3,Massive Profit,Hit
DIS00177,Camp Rock,Camp Rock,1982,1982-10-25,1980s,Pixar,Sci-Fi,Road Trip,148,PG-13,English,UK,Niki Caro,Kevin Feige,Randy Newman,Ryan Reynolds,Idina Menzel,2D,Marvel Studios,122.3,326.6,97.5,24.8,31.0,173.5,153.1,167.0,5.7,34,45,47,4316,Theatrical Only,,No,0,0,0,75,11,Yes,Shan Yu,Winnie the Pooh,No,No,No,Yes,No,No,No,No,No,No,Marvel Cinematic Universe,Kids,34.7,No,None,No,No,21.9,5.1,3.2,2.5,2.3,8.42,38,No,No,0.0,65.2,685.9,204.3,Massive Profit,Hit
DIS00178,Winnie the Pooh,Winnie the Pooh,1978,1978-12-13,1970s,Short Film,Musical,Road Trip,116,PG-13,English,Japan,Nathan Greno,Jason Owen,Patrick Doyle,Will Smith,Kristen Bell,Hybrid,Pixar Animation Studios,63.1,78.3,55.9,14.8,12.6,44.5,33.8,10.7,6.6,61,68,65,3162,Theatrical Only,,No,2,0,0,87,8,No,Gaston,Cinderella,Yes,No,No,Yes,No,No,No,No,No,No,None,Kids,105.4,No,None,No,No,31.8,6.4,5.9,2.0,2.3,7.94,23,Yes,No,0.0,8.8,172.3,7.6,Low Profit,Average
DIS00179,The Enchanted the Sea 4,The Enchanted the Sea,1979,1979-01-05,1970s,Live Action,Comedy,Mystery,125,PG,English,USA,Marc Webb,Roy Conli,Thomas Newman,Tom Holland,Emma Watson,None,Pixar Animation Studios,247.7,817.2,203.5,49.9,171.2,498.1,319.1,222.5,5.8,40,46,48,2040,Disney+,1979-10-26,Yes,0,0,0,32,7,No,Dr. Facilier,Snow White,Yes,No,Yes,Yes,Yes,No,No,No,No,No,None,Kids,107.3,No,None,No,No,44.0,5.8,4.5,3.8,5.0,2.29,56,No,No,29.1,107.5,1777.4,563.8,Massive Profit,Hit
DIS00180,Sister Act,Sister Act,1952,1952-12-22,1950s,Pixar,Adventure,Coming of Age,183,PG-13,English,Japan,Ron Clements,Osnat Shurer,Alan Menken,Chris Pratt,Zoe Saldana,Hybrid,Walt Disney Pictures,272.6,1146.2,242.1,103.3,104.7,634.6,511.6,231.8,4.4,42,27,36,3134,Disney+,1953-08-12,Yes,0,0,0,76,11,No,Hades,Judy Hopps,No,Yes,No,Yes,No,No,No,No,Yes,No,None,Teen,101.6,No,None,No,No,43.5,5.2,4.0,5.8,4.4,9.51,38,Yes,No,24.4,178.3,3266.7,800.8,Massive Profit,Blockbuster
DIS00181,The Golden the Forest (Remake),The Golden the Forest,1949,1949-11-01,1940s,Animated,Romance,Time Travel,85,PG,English,India,John Musker,Jason Owen,Germaine Franco,Chris Evans,Kristen Bell,Stop Motion,Disney Channel Productions,355.1,1090.0,302.8,146.8,115.9,475.5,614.5,142.4,6.4,48,58,68,1909,Disney+,1950-01-17,Yes,0,2,0,79,15,No,Captain Hook,Miguel,No,Yes,No,Yes,Yes,No,Yes,No,Yes,No,None,Kids,50.0,No,None,No,No,48.5,6.4,4.7,5.2,5.8,14.98,53,Yes,No,21.5,76.2,3188.2,640.4,High Profit,Hit
DIS00182,Adventures of the North,Adventures of the North,1966,1966-12-04,1960s,Disney Channel Original,Drama,Holiday,103,G,English,Canada,Ron Clements,Peter Del Vecho,Michael Giacchino,Chris Evans,Angelina Jolie,3D CGI,Walt Disney Animation Studios,88.3,105.4,80.9,20.8,15.5,44.7,60.7,3.6,6.4,44,60,62,2797,Theatrical Only,,No,1,0,0,40,10,Yes,Chernabog,Moana,Yes,Yes,No,Yes,Yes,No,No,No,No,No,None,Everyone,15.9,No,None,No,No,17.7,6.2,5.7,2.2,1.0,2.91,10,Yes,No,0.0,11.5,263.5,3.7,Low Profit,Average
DIS00183,The Magic the Sea,The Magic the Sea,1952,1952-12-11,1950s,Live Action,Adventure,Superhero,116,PG,English,USA,Lee Unkrich,Roy Conli,Lin-Manuel Miranda,Ryan Reynolds,Idina Menzel,None,Walt Disney Pictures,128.2,145.2,118.9,37.2,12.8,60.9,84.3,-7.0,7.1,66,56,69,3170,Disney+,1953-12-12,Yes,1,1,1,33,2,No,Hans,Mike Wazowski,No,Yes,Yes,No,Yes,Yes,No,No,No,No,None,Kids,86.1,No,None,No,No,29.9,7.1,6.8,3.1,3.1,8.36,26,Yes,No,33.1,25.2,413.8,-10.9,Loss,Average
DIS00184,Teen Beach 4,Teen Beach,1952,1952-06-25,1950s,Short Film,Family,Time Travel,178,PG,English,USA,Dean DeBlois,Jason Owen,Thomas Newman,Dwayne Johnson,Lily James,2D,Pixar Animation Studios,137.7,772.3,125.9,46.4,63.9,462.6,309.7,348.2,7.7,81,77,80,4201,Disney+,1953-03-21,Yes,2,1,0,49,8,No,Cruella de Vil,Simba,No,Yes,Yes,Yes,Yes,No,No,No,No,No,None,Everyone,161.7,No,None,No,No,47.7,7.9,8.1,5.3,4.6,11.44,49,No,Yes,39.0,106.9,2201.1,600.0,Massive Profit,Blockbuster
DIS00185,The Muppets,Standalone,2006,2006-02-17,2000s,Animated,Family,Time Travel,141,G,English,USA,Gary Trousdale,Kevin Feige,Alan Menken,Dwayne Johnson,Auli'i Cravalho,3D CGI,Pixar Animation Studios,376.8,702.9,317.4,84.5,71.3,430.9,272.0,74.9,7.3,49,59,75,3132,Theatrical Only,,No,4,1,0,93,9,No,Yzma,Aladdin,No,Yes,No,Yes,Yes,No,No,No,No,No,None,Teen,104.8,No,None,No,No,49.4,7.2,5.1,5.4,4.5,8.86,45,No,No,0.0,60.4,1054.3,301.0,Medium Profit,Average
DIS00186,The Incredibles: Return,The Incredibles,2003,2003-12-08,2000s,Remake,Adventure,Heist,130,G,English,USA,John Musker,Osnat Shurer,Christophe Beck,Dwayne Johnson,Sofia Carson,None,Disneytoon Studios,364.1,239.3,308.2,124.9,50.0,152.3,87.0,-44.7,8.2,81,68,87,4236,Disney+,2004-10-28,Yes,2,1,1,39,1,No,Hades,Carl Fredricksen,No,Yes,No,No,Yes,No,No,Yes,No,No,None,Teen,112.3,No,None,No,No,32.1,8.0,8.1,3.2,3.2,1.85,18,Yes,No,31.7,15.8,376.9,-193.8,Loss,Flop
DIS00187,Spirit of the Forest,Spirit of the Forest,1984,1984-09-14,1980s,Live Action,Animation,Time Travel,131,PG,Multiple,USA,Rich Moore,Roy Conli,Christophe Beck,Ewan McGregor,Zendaya,None,Pixar Animation Studios,15.7,54.4,12.4,4.9,7.3,25.2,29.2,214.5,5.6,55,51,58,3147,Theatrical Only,,No,0,0,0,91,12,No,Gaston,Nemo,No,No,Yes,Yes,Yes,No,No,No,Yes,No,None,Kids,77.8,No,None,No,No,27.0,6.1,5.1,2.2,1.9,3.53,32,No,No,0.0,5.8,111.5,37.1,Massive Profit,Hit
DIS00188,Bambi 4,Bambi,1944,1944-09-02,1940s,Live Action,Family,Heist,93,G,Hindi,USA,Gary Trousdale,Osnat Shurer,Alan Menken,Johnny Depp,Zendaya,None,Marvel Studios,432.9,1578.0,335.9,115.6,104.7,502.9,1075.1,249.5,6.4,44,60,57,1834,DisneyNOW,1945-04-10,No,0,0,0,71,10,Yes,Yzma,Mirabel,No,No,Yes,Yes,Yes,Yes,No,No,No,No,Marvel Cinematic Universe,Kids,101.8,No,None,No,No,63.7,6.1,4.3,5.6,5.5,5.87,53,No,No,0.0,87.6,4812.9,1126.5,Massive Profit,Hit
DIS00189,The Enchanted Wonders,The Enchanted Wonders,1947,1947-08-04,1940s,Disney Channel Original,Sci-Fi,Mystery,184,PG-13,Hindi,India,Ron Clements,Yvett Merino,Patrick Doyle,Chris Pratt,Kristen Bell,Hybrid,Marvel Studios,38.7,35.2,36.6,16.5,2.8,22.5,12.7,-33.7,5.3,39,46,52,2139,Disney+,1948-04-08,Yes,0,0,0,73,0,Yes,Ursula,Woody,No,No,No,No,No,No,No,No,No,No,Marvel Cinematic Universe,Teen,9.3,No,None,No,No,2.7,5.4,4.2,1.0,1.0,0.7,1,No,Yes,2.1,4.8,104.7,-17.9,Loss,Average
DIS00190,The Enchanted the North,The Enchanted the North,1950,1950-02-02,1950s,Pixar,Adventure,Buddy Comedy,112,G,Hindi,USA,Chris Buck,Jason Owen,Hans Zimmer,Ryan Reynolds,Auli'i Cravalho,Hybrid,Walt Disney Animation Studios,404.0,2515.6,357.0,122.7,391.8,1280.1,1235.5,424.4,6.0,60,61,60,1790,Disney+,1950-10-06,Yes,0,0,0,53,7,Yes,Hades,Troy Bolton,No,No,No,Yes,Yes,Yes,No,No,No,No,None,Family,180.7,Yes,Magic Kingdom,No,No,100.0,6.4,6.5,10.0,8.1,38.22,100,No,No,59.4,391.7,7295.2,2035.9,Massive Profit,Blockbuster
DIS00191,Kingdom of the North: Beyond,Standalone,1968,1968-05-27,1960s,Live Action,Action,Sports,101,PG,Spanish,UK,Andrew Stanton,Peter Del Vecho,Randy Newman,Tom Holland,Emma Watson,None,Disney Channel Productions,316.6,1477.7,270.9,66.5,250.8,849.7,628.0,338.0,7.7,75,75,73,3613,Disney+ Hotstar,1968-12-16,Yes,3,3,1,46,15,No,None,Aurora,Yes,No,No,Yes,Yes,No,No,No,No,No,None,Kids,224.7,Yes,Disney California Adventure,No,No,73.6,7.3,6.8,6.3,8.9,25.59,75,No,No,46.9,155.6,3620.4,1140.3,Massive Profit,Blockbuster
DIS00192,Cars: Rises,Cars,1975,1975-05-07,1970s,Disney Channel Original,Adventure,Road Trip,99,PG-13,English,India,Pete Docter,Kathleen Kennedy,Alan Menken,Will Smith,Idina Menzel,Stop Motion,Pixar Animation Studios,146.4,634.5,126.7,35.1,72.9,295.1,339.4,292.2,6.7,66,58,67,2836,Disney+,1976-02-16,Yes,1,0,0,44,1,No,Jafar,Ralph,No,Yes,Yes,No,No,No,No,No,No,No,None,Everyone,54.3,No,None,No,No,35.8,7.2,6.8,4.0,6.1,6.72,25,No,No,30.1,46.2,1443.5,472.7,Massive Profit,Blockbuster
DIS00193,The Golden the Isles: Chronicles,The Golden the Isles,1993,1993-03-02,1990s,Animated,Drama,Mystery,167,G,Hindi,Canada,Rich Moore,Osnat Shurer,Alan Menken,Johnny Depp,Lily James,Hybrid,Lucasfilm,181.5,522.8,139.5,56.3,55.6,246.9,275.9,167.0,7.6,74,69,85,514,Disney+,1993-11-01,Yes,2,1,1,42,14,No,Chernabog,Moana,Yes,Yes,No,Yes,Yes,No,No,No,No,No,None,Family,39.1,No,None,No,No,41.5,7.6,7.4,5.5,4.4,16.28,49,No,No,15.9,33.1,954.1,327.0,Massive Profit,Hit
DIS00194,Kingdom of Stardust,Kingdom of Stardust,1977,1977-03-12,1970s,Short Film,Family,Sports,174,PG,Spanish,USA,Craig Gillespie,Kevin Feige,Lin-Manuel Miranda,Idris Elba,Emma Stone,Hybrid,Marvel Studios,94.7,334.0,76.6,30.9,39.6,191.0,143.0,210.7,5.6,40,52,52,4437,Disney+,1977-07-31,Yes,0,0,0,73,13,Yes,Ursula,Remy,No,No,Yes,Yes,Yes,No,No,No,Yes,No,Marvel Cinematic Universe,Kids,56.6,No,None,No,No,33.0,5.4,3.4,2.6,4.4,9.57,31,No,No,38.0,18.2,743.1,226.5,Massive Profit,Hit
DIS00195,Monsters Inc,Monsters Inc,1992,1992-04-22,1990s,Remake,Romance,Sports,132,PG-13,English,USA,Jennifer Lee,Osnat Shurer,Michael Giacchino,Dwayne Johnson,Zendaya,None,Marvel Studios,251.6,992.7,211.6,91.1,85.8,444.4,548.3,227.9,6.8,75,65,63,2260,Disney+,1992-08-09,Yes,2,1,1,73,11,Yes,Judge Frollo,Belle,Yes,No,No,Yes,No,No,No,Yes,Yes,No,Marvel Cinematic Universe,Everyone,162.2,No,None,No,No,60.1,6.6,7.1,5.6,6.3,9.03,54,No,No,63.5,136.2,1836.5,690.0,Massive Profit,Hit
DIS00196,Toy Story,Toy Story,1960,1960-04-07,1960s,Live Action,Fantasy,Time Travel,157,G,Hindi,USA,Chris Buck,Jared Bush,Patrick Doyle,Chris Pratt,Anne Hathaway,None,Disneytoon Studios,334.8,695.7,259.6,108.8,61.3,270.5,425.2,88.8,6.6,53,55,59,3866,Theatrical Only,,No,0,0,0,43,5,Yes,Dr. Facilier,Elsa,Yes,No,Yes,Yes,Yes,No,No,No,Yes,No,None,Everyone,110.2,No,None,No,No,40.7,6.3,5.6,4.9,4.8,6.28,50,No,No,0.0,103.6,1843.6,327.3,High Profit,Hit
DIS00197,Ratatouille 4,Standalone,2019,2019-05-22,2010s,Animated,Action,Fairy Tale,145,G,English,USA,Jennifer Lee,Roy Conli,Hans Zimmer,Johnny Depp,Anne Hathaway,Stop Motion,Disney Channel Productions,264.9,230.7,214.8,76.8,33.6,99.6,131.1,-20.9,6.0,43,42,63,4313,Disney+,2020-04-27,Yes,0,0,0,58,0,No,None,Tiana,Yes,No,No,No,Yes,Yes,No,No,No,No,None,Kids,25.2,No,None,No,No,19.4,5.9,4.2,1.0,1.2,6.71,12,No,No,13.5,11.7,271.1,-60.9,Loss,Flop
DIS00198,Legend of Dreams: Return,Legend of Dreams,1949,1949-10-02,1940s,Live Action,Romance,Time Travel,164,PG,English,Japan,Gary Trousdale,Jonas Rivera,Alan Menken,Jason Segel,Lily James,None,Lucasfilm,282.2,320.6,224.6,71.6,22.0,138.5,182.1,8.2,7.0,47,63,70,1182,Theatrical Only,,No,0,0,0,25,2,No,Maleficent,Nemo,No,Yes,No,No,Yes,No,No,No,Yes,No,None,Teen,98.9,No,None,No,No,33.0,6.6,4.8,3.2,4.3,9.85,31,No,No,0.0,40.6,937.8,24.4,Low Profit,Average
DIS00199,Spirit of Dreams 3,Standalone,1972,1972-08-06,1970s,Disney Channel Original,Adventure,Superhero,79,G,Multiple,India,Gary Trousdale,Peter Del Vecho,Lin-Manuel Miranda,Ewan McGregor,Zoe Saldana,2D,Marvel Studios,238.6,178.0,221.9,97.8,18.4,56.0,122.0,-44.3,7.5,68,67,72,2096,Disney+,1973-08-31,Yes,5,1,1,74,8,Yes,Judge Frollo,Rapunzel,Yes,Yes,No,Yes,Yes,Yes,No,No,No,No,Marvel Cinematic Universe,Teen,70.5,No,None,No,No,23.5,7.6,6.8,2.7,3.0,6.95,16,No,Yes,24.8,24.6,418.3,-141.7,Loss,Flop
DIS00200,The Enchanted the Forest,The Enchanted the Forest,2015,2015-02-10,2010s,Animated,Musical,Sports,89,PG,French,USA,Rich Moore,Jonas Rivera,Randy Newman,Chris Evans,Zendaya,2D,20th Century Studios,112.2,687.7,91.6,40.0,72.3,400.0,287.7,422.6,8.1,76,92,95,509,Disney+,2015-12-11,Yes,2,3,1,66,8,No,Yzma,Tarzan,No,Yes,No,Yes,Yes,Yes,No,No,Yes,No,None,Teen,116.7,No,None,No,No,51.1,7.7,7.8,5.7,6.4,15.35,38,No,No,47.2,74.9,876.8,556.1,Massive Profit,Blockbuster
DIS00201,The Magic the Isles,The Magic the Isles,2006,2006-12-01,2000s,Remake,Action,Buddy Comedy,137,PG,English,India,Niki Caro,Osnat Shurer,Michael Giacchino,Josh Gad,Auli'i Cravalho,None,Disneytoon Studios,140.6,529.2,123.6,36.3,71.5,243.2,286.0,231.0,8.0,77,76,78,3916,Disney+,2007-03-13,Yes,2,2,0,59,13,No,Chernabog,Belle,Yes,No,Yes,Yes,Yes,No,No,Yes,No,No,None,Teen,37.6,No,None,No,No,40.8,8.5,7.4,2.8,4.7,5.82,57,Yes,No,43.8,32.6,793.8,369.3,Massive Profit,Hit
DIS00202,Tarzan (Remake),Tarzan,2008,2008-03-20,2000s,Animated,Action,Coming of Age,83,G,English,USA,Lee Unkrich,Jonas Rivera,Randy Newman,Johnny Depp,Zoe Saldana,Hybrid,Walt Disney Animation Studios,338.2,1149.3,255.4,89.6,105.7,409.2,740.1,233.1,6.3,48,55,63,1163,Theatrical Only,,No,1,0,0,49,15,No,Maleficent,Tiana,Yes,No,Yes,Yes,Yes,No,No,No,No,No,None,Family,120.4,No,None,No,No,62.3,6.1,4.6,6.6,6.7,21.09,62,No,No,0.0,65.1,1666.5,804.3,Massive Profit,Hit
DIS00203,Legend of Wonders: Forever,Legend of Wonders,1989,1989-04-08,1980s,Pixar,Romance,Road Trip,105,PG,Spanish,UK,John Musker,Jared Bush,Christophe Beck,Josh Gad,Halle Bailey,3D CGI,20th Century Studios,155.4,492.2,124.5,39.1,25.1,177.6,314.6,200.9,6.6,60,63,62,1633,Disney+,1989-08-22,Yes,0,2,0,61,15,No,Shan Yu,Ariel,Yes,No,No,Yes,Yes,No,No,No,Yes,No,None,Kids,108.0,No,None,No,No,46.1,6.4,6.3,5.1,3.8,16.72,46,No,No,36.2,53.5,947.5,328.6,Massive Profit,Hit
DIS00204,Inside Out,Inside Out,1957,1957-01-15,1950s,Remake,Family,Sports,112,PG,English,UK,Jennifer Lee,Osnat Shurer,Hans Zimmer,Ryan Reynolds,Halle Bailey,None,Disneytoon Studios,171.4,271.9,156.0,62.9,14.0,95.8,176.1,24.2,7.3,70,69,79,2328,Theatrical Only,,No,0,0,0,53,1,No,Chernabog,Ralph,No,Yes,No,No,Yes,No,No,Yes,No,No,None,Family,67.2,No,None,No,No,28.6,7.6,7.2,4.0,4.1,2.06,41,No,No,0.0,30.5,740.9,53.0,Low Profit,Average
DIS00205,Legend of the Sea: Legacy,Legend of the Sea,1967,1967-04-03,1960s,Remake,Action,Heist,180,PG,Spanish,India,Andrew Stanton,Peter Del Vecho,Lin-Manuel Miranda,Chris Pratt,Emma Stone,None,Walt Disney Animation Studios,66.2,154.0,62.2,24.1,14.7,87.7,66.3,78.4,6.7,48,61,74,4444,Disney+ Hotstar,1968-04-11,Yes,1,0,0,15,4,No,Captain Hook,Nemo,No,No,Yes,Yes,Yes,Yes,Yes,Yes,Yes,No,None,Family,77.8,No,None,No,No,27.1,6.6,4.8,2.1,3.7,7.88,38,No,No,14.2,25.2,381.2,67.7,High Profit,Hit
DIS00206,The Golden the North: Adventure,Standalone,2024,2024-10-23,2020s,Live Action,Drama,Fairy Tale,114,G,English,UK,Craig Gillespie,John Lasseter,Christophe Beck,Robert Downey Jr.,Kristen Bell,None,Marvel Studios,301.3,3234.9,237.7,115.3,396.3,1707.2,1527.7,816.4,7.0,81,57,68,4258,Disney+,2025-08-03,Yes,2,0,0,34,1,Yes,Mother Gothel,WALL-E,No,Yes,No,No,Yes,Yes,No,No,No,No,Marvel Cinematic Universe,Teen,192.1,Yes,Disney California Adventure,Yes,Yes,100.0,6.9,8.6,10.0,10.0,5.3,90,No,No,61.0,503.7,3396.6,2881.9,Massive Profit,Mega Blockbuster
DIS00207,Oliver & Company (Remake),Oliver & Company,1956,1956-10-04,1950s,Pixar,Romance,Road Trip,119,PG,English,USA,Marc Webb,Roy Conli,James Newton Howard,Tom Holland,Lily James,3D CGI,Pixar Animation Studios,302.0,594.1,280.5,84.3,72.5,379.7,214.4,62.9,7.6,69,75,69,3267,Theatrical Only,,No,1,0,0,42,2,No,Shan Yu,Ralph,No,Yes,No,No,Yes,No,No,No,No,No,None,Everyone,80.7,No,None,No,No,42.9,7.2,6.5,4.9,4.8,14.58,48,No,No,0.0,95.1,1633.8,229.3,Medium Profit,Average
DIS00208,Star Wars,Star Wars,2020,2020-05-15,2020s,Animated,Fantasy,Fairy Tale,168,PG-13,English,India,Byron Howard,Yvett Merino,Michael Giacchino,Tom Holland,Lily James,Stop Motion,Walt Disney Pictures,232.2,529.8,175.2,49.4,57.1,176.8,353.0,135.9,6.0,58,53,49,950,Disney+,2021-02-28,Yes,1,0,0,98,12,No,Scar,Elsa,Yes,No,Yes,Yes,No,Yes,No,No,Yes,No,Star Wars Universe,Everyone,84.0,No,None,No,No,30.5,5.9,5.5,2.3,2.8,8.31,34,No,No,32.1,59.0,609.3,305.2,High Profit,Hit
DIS00209,Sister Act (Remake),Sister Act,1961,1961-02-23,1960s,Pixar,Comedy,Fairy Tale,100,PG,English,USA,Byron Howard,Roy Conli,Lin-Manuel Miranda,Robert Downey Jr.,Emma Stone,Hybrid,Disney Channel Productions,81.5,160.6,70.6,25.0,19.9,72.6,88.0,68.0,7.5,85,73,71,514,Theatrical Only,,No,1,3,1,59,1,No,Shan Yu,Elsa,Yes,Yes,No,No,Yes,No,No,No,No,No,None,Kids,32.9,No,None,No,No,31.3,7.7,8.1,1.8,3.8,10.95,22,No,No,0.0,14.8,421.6,65.0,Medium Profit,Average
DIS00210,Tale of the North,Tale of the North,1950,1950-05-09,1950s,Animated,Family,Sports,132,G,English,USA,Lee Unkrich,Yvett Merino,Thomas Newman,Dwayne Johnson,Kristen Bell,Hybrid,Lucasfilm,356.6,699.1,309.7,72.0,144.8,448.3,250.8,83.2,7.1,66,63,68,2095,Disney+,1951-04-05,Yes,1,1,1,74,1,Yes,Scar,Ralph,No,Yes,No,No,Yes,Yes,No,No,No,No,None,Teen,107.8,No,None,No,No,47.1,6.9,6.5,4.2,6.1,17.07,48,No,No,53.1,103.7,2027.4,317.4,High Profit,Average
DIS00211,The Golden the North,The Golden the North,1974,1974-07-14,1970s,Disney Channel Original,Fantasy,Heist,62,PG-13,English,USA,Rich Moore,Jared Bush,Alan Menken,Will Smith,Zendaya,3D CGI,Marvel Studios,228.9,623.0,192.2,91.7,39.5,314.1,308.9,119.4,7.3,90,71,79,2058,DisneyNOW,1974-10-02,No,3,1,0,61,5,Yes,Hades,Cinderella,Yes,Yes,Yes,Yes,No,No,No,No,No,No,Marvel Cinematic Universe,Teen,56.7,No,None,No,No,45.8,7.4,9.2,3.7,4.5,2.58,42,No,Yes,0.0,87.1,1432.9,339.1,High Profit,Hit
DIS00212,The Enchanted the Realm: Chronicles,The Enchanted the Realm,2001,2001-08-07,2000s,Remake,Romance,Coming of Age,127,PG,English,USA,Jon Favreau,Kevin Feige,Hans Zimmer,Chris Pratt,Lily James,None,Disney Channel Productions,133.2,399.8,125.5,39.8,60.4,181.2,218.6,141.9,6.1,54,55,42,3940,Disney+,2001-12-27,Yes,1,1,0,60,14,No,Chernabog,Tiana,Yes,No,No,Yes,Yes,Yes,No,Yes,No,No,None,Family,90.3,No,None,No,No,32.1,6.4,5.4,1.7,4.4,5.45,32,No,Yes,25.6,64.6,649.7,234.5,High Profit,Hit
DIS00213,Tale of Wonders,Tale of Wonders,1954,1954-04-22,1950s,Pixar,Action,Buddy Comedy,134,PG,English,USA,John Musker,Kathleen Kennedy,Patrick Doyle,Jason Segel,Auli'i Cravalho,2D,Lucasfilm,357.3,587.9,320.6,98.3,38.4,202.2,385.7,40.3,4.4,40,45,36,3340,Disney+,1954-11-24,Yes,0,0,0,65,8,No,Jafar,Rapunzel,Yes,No,No,Yes,Yes,No,No,No,No,Yes,None,Family,105.7,No,None,No,No,34.2,4.8,3.9,4.3,2.0,8.11,34,No,No,21.4,41.8,1646.1,169.0,Medium Profit,Average
DIS00214,Cruella (Remake),Cruella,1939,1939-07-16,1930s,Remake,Comedy,Road Trip,65,PG-13,Multiple,Canada,John Musker,Peter Del Vecho,Michael Giacchino,Chris Evans,Anne Hathaway,None,20th Century Studios,208.1,154.2,183.6,75.4,16.6,77.2,77.0,-40.5,6.4,50,59,54,2347,Theatrical Only,,No,0,0,0,54,1,No,None,Nemo,No,Yes,No,No,No,No,Yes,Yes,Yes,No,None,Family,31.5,No,None,No,No,23.7,6.6,5.3,1.6,1.6,8.95,21,No,Yes,0.0,23.4,489.6,-104.8,Loss,Flop
DIS00215,The Muppets: Rises,The Muppets,1941,1941-04-12,1940s,Animated,Adventure,Buddy Comedy,168,PG-13,English,USA,Chris Buck,Jason Owen,Hans Zimmer,Jason Segel,Sofia Carson,2D,Lucasfilm,231.4,465.2,203.0,52.5,40.4,224.4,240.8,82.1,7.0,58,62,70,3958,Disney+ Hotstar,1941-12-03,Yes,0,0,0,53,2,No,Dr. Facilier,Hiro,No,Yes,No,No,No,No,No,No,No,No,None,Teen,62.2,No,None,No,No,40.5,6.6,6.6,5.1,3.6,10.02,45,No,No,22.3,92.5,1453.8,209.7,High Profit,Hit
DIS00216,The Golden Wonders 3,The Golden Wonders,1996,1996-06-19,1990s,Animated,Fantasy,Coming of Age,98,PG-13,English,Canada,John Musker,Kathleen Kennedy,Hans Zimmer,Chris Evans,Emma Watson,3D CGI,Walt Disney Pictures,400.7,178.2,379.5,98.4,31.0,107.9,70.3,-62.7,7.2,62,68,80,2887,Disney+,1996-10-20,Yes,0,2,0,51,0,Yes,Dr. Facilier,Judy Hopps,No,No,Yes,No,No,No,No,No,Yes,No,None,Kids,41.0,No,None,No,No,26.5,7.0,5.5,2.9,4.3,2.86,32,No,Yes,21.1,14.5,311.8,-299.7,Loss,Flop
DIS00217,Big Hero 6: New World,Standalone,1980,1980-07-02,1980s,Pixar,Fantasy,Buddy Comedy,139,PG,Multiple,UK,Ron Clements,Osnat Shurer,Lin-Manuel Miranda,Robert Downey Jr.,Idina Menzel,2D,Walt Disney Pictures,160.8,363.8,145.9,60.9,29.8,236.0,127.8,75.9,5.5,39,42,45,641,DisneyNOW,1981-02-03,No,0,0,0,24,9,No,Scar,Mulan,Yes,No,Yes,Yes,Yes,No,No,No,No,No,None,Kids,57.6,No,None,No,No,25.6,6.0,3.8,2.5,4.5,8.12,30,No,Yes,0.0,36.5,782.2,157.0,High Profit,Hit
DIS00218,Adventures of the Isles,Standalone,2021,2021-09-18,2020s,Remake,Sci-Fi,Fairy Tale,155,PG,French,USA,Byron Howard,Osnat Shurer,Germaine Franco,Tom Holland,Emma Stone,Hybrid,Walt Disney Animation Studios,257.5,428.3,237.2,101.6,56.3,196.6,231.7,26.4,6.0,45,66,56,3397,Disney+,2022-09-11,Yes,0,0,0,64,13,No,Hans,Elsa,Yes,No,No,Yes,Yes,No,No,Yes,No,No,None,Family,97.9,No,None,No,No,37.3,5.9,4.6,2.5,3.0,10.73,38,No,No,17.2,50.2,481.8,89.5,Medium Profit,Average
DIS00219,The Magic Stardust,The Magic Stardust,1961,1961-04-17,1960s,Disney Channel Original,Comedy,Holiday,112,G,English,Japan,Byron Howard,Jason Owen,James Newton Howard,Chris Evans,Emma Watson,3D CGI,20th Century Studios,431.4,733.1,343.5,152.7,60.1,307.4,425.7,47.7,5.5,41,53,53,1128,Theatrical Only,,No,0,0,0,18,1,No,Hades,Aladdin,No,No,Yes,No,Yes,No,No,No,Yes,No,None,Everyone,128.7,No,None,No,No,40.5,5.7,4.2,3.8,4.4,13.2,36,No,No,0.0,127.2,1924.4,236.9,Medium Profit,Average
DIS00220,The Magic the Sea,The Magic the Sea,1987,1987-08-26,1980s,Pixar,Musical,Coming of Age,106,PG,English,Japan,Ron Clements,Jonas Rivera,Hans Zimmer,Josh Gad,Lily James,Hybrid,Pixar Animation Studios,389.2,2462.6,361.7,115.2,335.6,1255.9,1206.7,416.4,4.0,20,25,36,1752,Theatrical Only,,No,0,0,0,67,10,No,Dr. Facilier,Riley,No,Yes,No,Yes,Yes,Yes,No,No,Yes,No,None,Kids,118.7,Yes,Shanghai Disneyland,No,No,99.1,4.1,2.6,9.2,10.0,11.17,100,No,Yes,0.0,343.6,4863.6,1985.7,Massive Profit,Blockbuster
DIS00221,The Enchanted Stardust,The Enchanted Stardust,2024,2024-03-27,2020s,Disney Channel Original,Action,Coming of Age,95,PG,English,USA,Niki Caro,Roy Conli,Thomas Newman,Idris Elba,Anne Hathaway,3D CGI,20th Century Studios,71.7,111.7,61.6,17.6,13.0,38.1,73.6,41.0,6.8,51,52,66,2063,Theatrical Only,,No,1,1,0,61,1,No,Yzma,Moana,Yes,Yes,No,No,Yes,Yes,No,No,No,No,None,Family,22.3,No,None,No,No,24.0,7.3,5.6,2.3,2.2,5.4,29,No,No,0.0,15.6,117.3,32.5,Medium Profit,Average
DIS00222,The Golden the North 3,The Golden the North,1944,1944-09-20,1940s,Remake,Romance,Time Travel,158,PG,English,India,Jennifer Lee,Kathleen Kennedy,Randy Newman,Chris Evans,Angelina Jolie,None,Disneytoon Studios,180.1,66.1,146.0,50.4,6.4,38.9,27.2,-66.3,6.6,54,64,67,3358,Theatrical Only,,No,1,0,0,44,6,No,Mother Gothel,Bob Parr,No,No,No,Yes,Yes,No,No,Yes,No,No,None,Kids,40.3,No,None,No,No,19.5,6.2,5.2,3.1,2.0,3.33,29,No,No,0.0,10.7,201.6,-130.3,Loss,Flop
DIS00223,The Enchanted the Forest: Journey,The Enchanted the Forest,2016,2016-08-23,2010s,Live Action,Action,Buddy Comedy,96,G,English,USA,Ron Clements,Jonas Rivera,Germaine Franco,Will Smith,Sofia Carson,None,Disneytoon Studios,67.9,695.2,63.9,17.3,98.7,447.5,247.7,756.2,7.5,71,72,74,3994,Disney+,2017-07-16,Yes,2,1,1,27,0,No,Judge Frollo,Woody,No,No,No,No,Yes,No,No,No,Yes,No,None,Kids,79.2,No,None,No,No,36.6,7.0,7.1,5.6,3.4,6.55,33,No,Yes,21.5,130.0,869.0,614.0,Massive Profit,Mega Blockbuster
DIS00224,Descendants,Descendants,2024,2024-10-23,2020s,Disney Channel Original,Sci-Fi,Time Travel,67,PG-13,English,India,Jon Favreau,Jason Owen,Alan Menken,Idris Elba,Emma Stone,Hybrid,Walt Disney Pictures,137.7,30.6,128.6,52.2,3.2,13.2,17.4,-83.1,7.9,75,64,70,4403,DisneyNOW,2025-09-02,No,1,0,0,57,14,Yes,Hades,Snow White,Yes,Yes,No,Yes,No,No,No,No,No,No,None,Kids,43.1,No,None,No,No,18.9,8.4,7.9,2.2,2.0,5.61,29,No,No,0.0,4.7,32.1,-150.2,Loss,Flop
DIS00225,Dumbo,Dumbo,1977,1977-01-09,1970s,Disney Channel Original,Romance,Time Travel,88,PG-13,English,Japan,John Musker,Roy Conli,Randy Newman,Johnny Depp,Emma Stone,Stop Motion,Lucasfilm,380.8,1060.1,339.8,153.9,200.8,576.5,483.6,114.7,7.3,72,79,69,4396,Disney+,1977-05-21,Yes,0,1,0,50,5,No,Gaston,Snow White,Yes,No,No,Yes,No,No,Yes,No,Yes,No,None,Everyone,204.9,No,None,Yes,Yes,58.9,7.0,7.8,4.7,4.6,8.4,56,No,No,48.5,199.2,2358.7,566.4,High Profit,Hit
DIS00226,Spirit of the North,Spirit of the North,1963,1963-07-18,1960s,Short Film,Drama,Superhero,86,G,English,UK,Kirk Wise,John Lasseter,Michael Giacchino,Idris Elba,Anne Hathaway,Stop Motion,Pixar Animation Studios,19.8,130.1,18.5,6.3,8.0,48.7,81.4,424.6,5.2,28,47,43,4479,Theatrical Only,,No,0,0,0,59,1,No,None,WALL-E,No,No,No,No,Yes,Yes,No,No,No,Yes,None,Teen,22.9,No,None,No,No,15.1,5.6,3.4,1.0,1.9,0.88,7,No,Yes,0.0,22.5,335.0,105.3,Massive Profit,Blockbuster
DIS00227,Mulan: Curse,Mulan,1940,1940-07-11,1940s,Animated,Drama,Buddy Comedy,77,G,English,USA,Pete Docter,Peter Del Vecho,Michael Giacchino,Johnny Depp,Zoe Saldana,Stop Motion,Walt Disney Pictures,104.1,162.4,87.7,30.9,25.4,73.9,88.5,36.9,6.2,51,58,51,2794,Theatrical Only,,No,0,0,0,73,2,No,Mother Gothel,Hercules,No,No,No,No,Yes,No,No,No,No,No,None,Kids,43.9,No,None,No,No,25.2,6.5,4.3,2.0,1.0,9.73,13,No,Yes,0.0,29.1,511.6,43.8,Medium Profit,Average
DIS00228,The Magic the Isles: Reborn,The Magic the Isles,1972,1972-04-06,1970s,Remake,Drama,Superhero,145,PG,English,USA,David Lowery,Peter Del Vecho,Alan Menken,Chris Pratt,Emma Stone,Hybrid,Disneytoon Studios,331.7,512.8,250.5,124.0,64.4,244.3,268.5,36.9,6.3,51,49,65,3308,Theatrical Only,,No,0,0,0,66,6,No,Scar,Elsa,Yes,Yes,No,Yes,Yes,No,No,Yes,No,No,None,Teen,106.0,No,None,No,No,44.9,5.6,5.0,4.1,5.4,15.85,53,No,No,0.0,63.4,1205.1,138.3,Medium Profit,Average
DIS00229,Moana,Standalone,2019,2019-02-20,2010s,Live Action,Romance,Holiday,99,PG-13,Hindi,Canada,Marc Webb,Jason Owen,James Newton Howard,Will Smith,Sofia Carson,None,Marvel Studios,81.2,166.4,63.5,34.6,11.6,50.1,116.3,69.6,7.9,74,73,82,2996,Disney+,2019-05-24,Yes,5,2,2,57,0,Yes,Hades,Aladdin,No,Yes,No,No,No,Yes,No,No,No,No,Marvel Cinematic Universe,Family,33.0,No,None,No,No,37.5,7.7,6.5,2.8,3.5,7.74,16,No,No,39.7,23.9,195.5,68.3,Medium Profit,Hit
DIS00230,Coco 2,Coco,2004,2004-10-11,2000s,Live Action,Drama,Buddy Comedy,151,PG,English,UK,Byron Howard,John Lasseter,James Newton Howard,Johnny Depp,Emma Watson,None,Disneytoon Studios,53.6,38.6,50.7,24.0,2.3,14.5,24.1,-48.3,4.0,20,36,30,1039,Disney+,2005-04-18,Yes,0,0,0,72,0,No,Gaston,Woody,No,No,No,No,Yes,Yes,No,No,No,No,None,Family,46.7,No,None,No,No,21.9,4.1,2.5,1.1,2.6,8.46,25,No,No,7.1,3.4,59.8,-36.1,Loss,Flop
DIS00231,Snow White (Remake),Snow White,1991,1991-05-17,1990s,Pixar,Romance,Coming of Age,82,PG,English,UK,Dean DeBlois,Roy Conli,Patrick Doyle,Ryan Reynolds,Kristen Bell,Stop Motion,Marvel Studios,112.5,188.5,101.9,45.7,26.5,108.7,79.8,27.7,6.9,61,68,88,3814,Theatrical Only,,No,2,0,0,57,0,Yes,Ursula,Winnie the Pooh,No,No,No,No,Yes,Yes,No,No,No,No,Marvel Cinematic Universe,Family,119.3,No,None,No,No,34.3,7.0,6.5,2.8,4.2,12.83,46,No,No,0.0,22.9,353.4,40.9,Medium Profit,Average
DIS00232,WALL-E (Remake),Standalone,1992,1992-11-02,1990s,Disney Channel Original,Drama,Sports,133,PG,English,USA,Gary Trousdale,Yvett Merino,Christophe Beck,Johnny Depp,Zendaya,Hybrid,Walt Disney Animation Studios,185.0,89.5,170.8,69.5,8.7,55.6,33.9,-62.8,6.5,71,54,64,2536,Disney+,1993-02-02,Yes,1,1,0,44,1,No,Yzma,Mal,No,No,Yes,No,Yes,No,No,No,No,No,None,Family,92.1,No,None,No,No,32.9,6.6,6.8,3.4,2.6,10.59,37,Yes,No,18.2,6.3,165.6,-150.8,Loss,Flop
DIS00233,Tale of Wonders (Remake),Tale of Wonders,2013,2013-06-15,2010s,Short Film,Family,Mystery,185,PG-13,Multiple,Japan,Brad Bird,Jason Owen,Thomas Newman,Chris Evans,Anne Hathaway,Stop Motion,20th Century Studios,27.9,90.6,21.2,8.2,10.7,39.5,51.1,208.2,4.6,24,36,31,737,Disney+,2014-03-21,Yes,0,0,0,64,7,No,Mother Gothel,Tarzan,No,Yes,No,Yes,No,No,No,No,No,No,None,Teen,47.7,No,None,No,No,13.8,4.5,2.4,1.0,1.0,4.0,22,No,Yes,12.2,12.8,120.0,61.2,Massive Profit,Hit
DIS00234,Pinocchio: Origins,Pinocchio,1962,1962-07-14,1960s,Animated,Fantasy,Sports,64,PG,English,USA,Pete Docter,Jared Bush,Hans Zimmer,Will Smith,Anne Hathaway,Hybrid,Pixar Animation Studios,121.8,442.5,110.0,47.8,20.9,150.0,292.5,180.4,6.1,61,47,63,3552,DisneyNOW,1963-03-19,No,0,0,0,67,15,No,Gaston,Simba,No,No,Yes,Yes,Yes,No,No,No,No,No,None,Everyone,91.1,No,None,No,No,32.5,6.8,6.2,3.2,4.2,7.91,41,No,Yes,0.0,66.6,1150.5,284.7,Massive Profit,Hit
DIS00235,The Magic Wonders,The Magic Wonders,2023,2023-09-06,2020s,Animated,Adventure,Coming of Age,147,G,English,USA,Marc Webb,Jonas Rivera,Thomas Newman,Chris Pratt,Emma Stone,Hybrid,Disney Channel Productions,299.7,877.5,267.3,105.7,62.6,419.9,457.6,135.3,4.8,29,25,50,708,Disney+,2024-01-27,Yes,0,0,0,36,1,No,Maleficent,Carl Fredricksen,No,No,No,No,Yes,No,Yes,No,Yes,No,None,Kids,114.1,No,None,No,No,37.4,5.1,1.6,3.3,3.7,7.64,44,No,No,27.9,71.0,943.3,504.5,High Profit,Hit
DIS00236,The Enchanted Stardust (Remake),The Enchanted Stardust,2015,2015-03-16,2010s,Short Film,Romance,Coming of Age,178,PG,English,USA,Andrew Stanton,Peter Del Vecho,James Newton Howard,Tom Holland,Halle Bailey,Hybrid,Disney Channel Productions,340.7,802.4,293.9,148.9,61.0,323.4,479.0,81.2,5.5,38,47,50,1617,Disney+,2015-08-09,Yes,0,0,0,57,0,No,Maleficent,Tiana,Yes,No,No,No,Yes,Yes,No,No,Yes,No,None,Family,47.2,No,None,No,No,32.9,5.7,3.8,2.8,3.1,3.46,43,No,No,15.8,114.8,1023.1,359.6,High Profit,Hit
DIS00237,Tale of the Forest 3,Standalone,1998,1998-02-01,1990s,Short Film,Action,Sports,163,G,English,UK,Kirk Wise,Kevin Feige,Patrick Doyle,Idris Elba,Idina Menzel,2D,Walt Disney Animation Studios,167.4,1538.2,150.8,46.9,209.6,612.6,925.6,678.0,5.1,20,39,37,829,Disney+,1999-02-27,Yes,0,0,0,47,0,No,Shan Yu,Belle,Yes,Yes,No,No,Yes,No,No,No,No,No,None,Teen,137.8,No,None,No,No,54.7,5.0,1.5,4.1,5.9,6.8,66,No,No,47.5,124.6,2614.9,1340.5,Massive Profit,Mega Blockbuster
DIS00238,Tale of the North,Tale of the North,1999,1999-03-13,1990s,Live Action,Action,Sports,154,G,English,UK,Pete Docter,Kathleen Kennedy,Michael Giacchino,Robert Downey Jr.,Auli'i Cravalho,None,Walt Disney Animation Studios,37.6,108.0,30.1,15.1,21.3,63.6,44.4,138.9,6.7,52,62,64,3905,Theatrical Only,,No,0,1,0,55,2,Yes,Dr. Facilier,Aladdin,No,No,Yes,No,Yes,No,No,No,No,No,None,Teen,89.8,No,None,No,No,26.6,6.0,5.5,1.0,1.5,2.15,44,No,No,0.0,12.6,180.9,62.8,High Profit,Hit
DIS00239,The Lion King: Origins,The Lion King,1991,1991-11-19,1990s,Pixar,Adventure,Superhero,117,PG,English,Canada,Kirk Wise,John Lasseter,Randy Newman,Tom Holland,Halle Bailey,2D,Marvel Studios,70.7,307.2,61.9,16.0,22.9,184.0,123.2,294.4,5.6,45,44,46,2600,Disney+,1992-08-17,Yes,0,0,0,50,2,Yes,Dr. Facilier,Nemo,No,No,Yes,No,Yes,No,Yes,No,No,No,Marvel Cinematic Universe,Teen,28.0,No,None,No,No,24.9,5.5,4.0,2.9,2.1,2.51,20,Yes,No,9.1,48.2,576.0,229.3,Massive Profit,Blockbuster
DIS00240,The Rescuers,The Rescuers,1957,1957-05-24,1950s,Short Film,Romance,Fairy Tale,61,PG,English,Canada,John Musker,John Lasseter,Alan Menken,Ryan Reynolds,Zendaya,3D CGI,Disney Channel Productions,240.0,1058.6,214.8,53.8,93.2,349.7,708.9,294.1,9.0,95,95,97,1804,Disney+,1958-01-25,Yes,1,1,0,51,1,No,Yzma,Snow White,Yes,Yes,No,No,Yes,No,No,No,Yes,No,None,Teen,206.2,No,None,No,No,61.3,8.8,9.5,5.3,6.8,6.67,67,No,No,61.7,164.2,2884.7,790.0,Massive Profit,Blockbuster
DIS00241,Frozen,Frozen,1969,1969-12-22,1960s,Disney Channel Original,Sci-Fi,Holiday,158,PG,English,USA,Rich Moore,Roy Conli,Hans Zimmer,Johnny Depp,Idina Menzel,3D CGI,Lucasfilm,108.0,173.8,81.5,37.0,16.6,63.8,110.0,46.7,7.3,61,65,71,4374,DisneyNOW,1971-01-23,No,1,1,0,37,0,No,Ursula,Aladdin,No,Yes,No,No,Yes,No,No,No,No,Yes,None,Kids,66.4,No,None,No,No,23.7,7.2,6.5,2.6,2.3,8.11,15,Yes,No,0.0,33.9,421.5,55.3,Medium Profit,Average
DIS00242,The Enchanted the Realm,The Enchanted the Realm,1986,1986-04-07,1980s,Remake,Comedy,Coming of Age,186,PG,English,India,Byron Howard,Yvett Merino,Lin-Manuel Miranda,Will Smith,Auli'i Cravalho,None,Lucasfilm,242.8,247.7,210.8,91.1,26.9,126.0,121.7,-18.0,7.5,68,81,77,2910,Disney+,1986-07-23,Yes,2,0,0,47,4,No,Ursula,Remy,No,Yes,No,Yes,Yes,No,No,Yes,No,No,None,Teen,72.7,No,None,No,No,25.6,7.4,7.8,3.3,2.3,4.03,25,No,No,29.0,41.7,495.4,-54.2,Loss,Average
DIS00243,The Enchanted the Sea,The Enchanted the Sea,1977,1977-01-24,1970s,Remake,Fantasy,Sports,148,G,English,USA,Dean DeBlois,Yvett Merino,Alan Menken,Will Smith,Lily James,None,Marvel Studios,222.1,221.0,204.2,44.9,30.3,87.2,133.8,-11.3,5.6,27,40,43,506,Disney+,1977-04-15,Yes,0,0,0,47,13,Yes,Yzma,Merida,Yes,Yes,Yes,Yes,Yes,Yes,No,Yes,Yes,No,Marvel Cinematic Universe,Kids,56.1,No,None,No,No,18.9,4.8,3.0,2.0,2.0,4.76,14,No,No,19.2,33.1,491.7,-28.1,Loss,Average
DIS00244,Tale of the North,Standalone,2027,2027-03-26,2020s,Disney Channel Original,Sci-Fi,Holiday,179,PG-13,English,Canada,Jennifer Lee,Jason Owen,Thomas Newman,Jason Segel,Halle Bailey,3D CGI,Disney Channel Productions,147.8,92.0,123.8,57.3,5.9,42.9,49.1,-49.2,8.6,86,88,100,0,Theatrical Only,,No,2,1,0,93,14,No,Shan Yu,Bob Parr,No,No,No,Yes,No,No,No,No,No,No,None,Kids,63.5,No,None,No,No,45.2,8.5,8.4,5.1,4.0,10.44,42,No,No,0.0,11.7,92.0,-89.1,Loss,Flop
DIS00245,Spirit of the Realm 3,Spirit of the Realm,1971,1971-09-25,1970s,Live Action,Drama,Mystery,141,PG,Japanese,India,Dean DeBlois,Roy Conli,Alan Menken,Idris Elba,Idina Menzel,None,20th Century Studios,58.8,13.6,46.4,20.7,1.6,8.8,4.8,-79.7,7.9,82,79,89,1447,Disney+,1972-01-23,Yes,2,1,1,56,2,No,Ursula,Winnie the Pooh,No,Yes,No,No,Yes,Yes,No,No,Yes,No,None,Teen,59.7,No,None,No,No,29.7,7.9,8.0,2.9,4.5,10.97,26,No,No,19.2,0.8,32.3,-53.5,Loss,Flop
DIS00246,Tale of the Forest (Remake),Tale of the Forest,1999,1999-07-08,1990s,Live Action,Fantasy,Heist,164,PG,French,USA,John Musker,Yvett Merino,Hans Zimmer,Josh Gad,Zoe Saldana,None,20th Century Studios,104.9,358.9,96.5,21.2,48.4,211.9,147.0,204.9,7.7,86,81,89,4135,Disney+,1999-11-07,Yes,2,1,0,90,13,No,Hades,WALL-E,No,Yes,Yes,Yes,Yes,Yes,Yes,No,No,No,None,Kids,77.7,No,None,No,No,40.0,7.7,8.8,4.0,3.4,14.96,31,No,Yes,12.0,60.3,601.2,241.2,Massive Profit,Hit
DIS00247,Tarzan,Standalone,2021,2021-10-10,2020s,Live Action,Animation,Fairy Tale,146,PG,English,USA,Marc Webb,John Lasseter,Alan Menken,Dwayne Johnson,Halle Bailey,None,Walt Disney Pictures,116.1,150.2,106.3,48.2,17.8,88.4,61.8,-2.8,8.6,93,89,100,1464,Disney+,2022-08-20,Yes,3,1,1,44,1,No,Shan Yu,Simba,No,No,Yes,No,Yes,No,No,No,No,No,None,Teen,117.9,No,None,No,No,40.3,8.3,8.6,4.0,6.6,12.01,36,No,No,23.7,26.9,169.0,-4.3,Loss,Average
DIS00248,Teen Beach,Teen Beach,1957,1957-04-27,1950s,Animated,Comedy,Holiday,102,PG,English,India,Rich Moore,Jonas Rivera,Lin-Manuel Miranda,Ewan McGregor,Idina Menzel,3D CGI,Lucasfilm,140.9,398.1,108.7,59.6,55.9,230.2,167.9,136.5,7.9,82,92,76,3420,Disney+,1958-02-06,Yes,2,0,0,61,1,No,Hans,Stitch,No,Yes,Yes,No,Yes,No,No,No,No,No,None,Kids,79.4,No,None,No,No,31.7,8.2,7.7,3.0,3.7,10.67,18,No,No,25.2,20.2,1084.8,229.8,High Profit,Hit
DIS00249,Tale of the Realm,Tale of the Realm,1982,1982-04-19,1980s,Disney Channel Original,Fantasy,Buddy Comedy,141,G,English,Japan,Byron Howard,Roy Conli,Hans Zimmer,Dwayne Johnson,Lily James,2D,Pixar Animation Studios,336.3,467.8,274.8,105.9,35.2,230.3,237.5,22.9,5.5,42,43,40,2406,Disney+,1983-01-27,Yes,0,0,0,65,11,No,Gaston,Elsa,Yes,No,Yes,Yes,Yes,No,No,No,Yes,No,None,Everyone,87.7,No,None,No,No,36.3,5.0,3.9,3.6,4.0,1.97,48,No,No,30.7,90.7,982.4,87.1,Low Profit,Average
DIS00250,Adventures of the North,Adventures of the North,1987,1987-05-11,1980s,Animated,Drama,Mystery,98,G,French,Japan,Kirk Wise,Roy Conli,James Newton Howard,Tom Holland,Emma Stone,3D CGI,Lucasfilm,159.3,167.9,130.8,49.7,14.4,91.0,76.9,-7.0,4.0,23,25,37,2758,Disney+,1987-09-16,Yes,0,0,0,71,12,No,Cruella de Vil,Belle,Yes,Yes,No,Yes,Yes,No,No,No,Yes,No,None,Teen,22.0,No,None,No,No,17.5,3.8,3.1,1.9,1.9,2.5,26,No,No,9.7,16.2,331.6,-12.6,Loss,Average
DIS00251,Adventures of Dreams 2,Standalone,1952,1952-12-05,1950s,Live Action,Animation,Coming of Age,81,PG,English,USA,Ron Clements,Jonas Rivera,Christophe Beck,Chris Pratt,Angelina Jolie,None,Pixar Animation Studios,396.3,1249.8,356.8,151.2,267.3,764.0,485.8,146.0,7.8,78,63,76,1767,Disney+,1953-08-04,Yes,2,0,0,56,2,No,Chernabog,Mirabel,No,No,Yes,No,Yes,No,Yes,No,No,No,None,Everyone,184.8,No,None,No,No,66.3,7.5,7.6,5.3,6.0,3.64,65,Yes,No,48.8,214.9,3561.9,741.8,High Profit,Hit
DIS00252,WALL-E,WALL-E,1945,1945-05-08,1940s,Remake,Family,Time Travel,185,G,English,USA,John Musker,Jason Owen,Patrick Doyle,Josh Gad,Idina Menzel,None,Disneytoon Studios,52.0,198.4,42.2,20.8,34.2,117.2,81.2,214.9,7.4,64,74,81,2009,Disney+ Hotstar,1945-12-29,Yes,0,0,0,42,0,No,None,Mirabel,No,No,Yes,No,Yes,No,No,Yes,Yes,No,None,Teen,43.8,No,None,No,No,30.7,7.4,5.6,3.2,3.5,11.96,32,No,No,36.1,32.9,600.2,135.4,Massive Profit,Hit
DIS00253,The Magic the Realm,The Magic the Realm,1996,1996-02-08,1990s,Short Film,Fantasy,Buddy Comedy,160,PG,English,USA,Jennifer Lee,Jonas Rivera,Patrick Doyle,Chris Pratt,Angelina Jolie,2D,Walt Disney Pictures,426.5,2166.0,351.7,117.0,369.0,1160.7,1005.3,362.1,7.1,60,63,72,1807,Disney+,1996-07-15,Yes,0,0,0,57,9,Yes,Maleficent,Belle,Yes,Yes,Yes,Yes,Yes,Yes,No,No,Yes,No,None,Family,260.2,Yes,Shanghai Disneyland,Yes,Yes,93.4,7.1,6.6,8.8,8.3,22.88,100,No,No,28.7,376.5,3790.5,1697.3,Massive Profit,Blockbuster
DIS00254,Enchanted (Remake),Enchanted,1949,1949-10-01,1940s,Remake,Action,Buddy Comedy,114,G,English,USA,Niki Caro,Kevin Feige,Lin-Manuel Miranda,Chris Pratt,Auli'i Cravalho,Stop Motion,Walt Disney Animation Studios,305.8,1160.5,232.0,87.2,121.2,611.6,548.9,263.6,5.8,51,54,57,2168,Theatrical Only,,No,0,0,0,29,1,No,Hades,Rapunzel,Yes,No,No,No,Yes,Yes,No,Yes,Yes,No,None,Everyone,144.5,No,None,No,No,55.9,5.4,5.3,4.8,4.5,17.12,58,No,No,0.0,164.1,3394.5,841.3,Massive Profit,Hit
DIS00255,Teen Beach 3,Standalone,1941,1941-09-16,1940s,Animated,Comedy,Sports,189,G,English,USA,Niki Caro,John Lasseter,Alan Menken,Ryan Reynolds,Zendaya,2D,Walt Disney Pictures,113.2,220.0,87.6,31.3,12.8,106.7,113.3,85.0,6.5,62,64,61,1892,Disney+,1941-12-02,Yes,0,1,0,70,2,No,Chernabog,Remy,No,Yes,Yes,No,Yes,No,Yes,No,No,No,None,Teen,24.1,No,None,No,No,25.1,6.5,5.8,1.2,3.5,7.35,25,No,No,23.3,37.5,687.5,101.1,High Profit,Average
DIS00256,Adventures of the Realm,Adventures of the Realm,2004,2004-09-13,2000s,Remake,Comedy,Sports,154,G,Spanish,USA,Craig Gillespie,Peter Del Vecho,Patrick Doyle,Ewan McGregor,Angelina Jolie,None,Disneytoon Studios,37.9,17.2,32.4,14.8,1.7,9.2,8.0,-63.6,7.0,71,53,66,4486,Theatrical Only,,No,0,0,0,25,14,No,Chernabog,Merida,Yes,Yes,No,Yes,Yes,No,No,Yes,No,No,None,Family,62.0,No,None,No,No,18.2,6.9,7.0,2.2,1.8,6.73,28,No,No,0.0,1.0,26.7,-30.0,Loss,Flop
DIS00257,Finding Nemo: Secret,Finding Nemo,1946,1946-06-07,1940s,Disney Channel Original,Romance,Coming of Age,98,G,English,USA,Craig Gillespie,Kathleen Kennedy,Patrick Doyle,Johnny Depp,Angelina Jolie,2D,Lucasfilm,356.8,594.5,328.4,125.2,51.0,312.7,281.8,31.1,6.9,72,73,70,3825,Theatrical Only,,No,2,2,2,78,15,No,Chernabog,Mal,No,No,Yes,Yes,Yes,No,No,No,No,No,None,Everyone,96.3,No,None,No,No,39.3,7.0,7.3,3.1,2.8,5.33,28,No,Yes,0.0,78.7,1783.5,140.9,Medium Profit,Average
DIS00258,The Golden the Sea,The Golden the Sea,1975,1975-02-06,1970s,Pixar,Sci-Fi,Holiday,152,PG-13,Japanese,India,Jennifer Lee,Peter Del Vecho,Hans Zimmer,Chris Pratt,Zoe Saldana,3D CGI,Marvel Studios,63.8,34.6,55.2,28.7,4.4,13.9,20.7,-58.8,7.2,68,55,69,4100,Theatrical Only,,No,0,1,0,50,13,Yes,Judge Frollo,Mike Wazowski,No,Yes,No,Yes,No,No,No,No,No,No,Marvel Cinematic Universe,Kids,71.8,No,None,No,No,24.9,7.5,6.7,5.5,2.0,3.95,17,No,No,0.0,6.8,78.7,-49.3,Loss,Flop
DIS00259,Treasure Planet: Chronicles,Treasure Planet,2023,2023-06-15,2020s,Live Action,Musical,Buddy Comedy,63,PG,Spanish,Canada,Chris Buck,Jason Owen,Michael Giacchino,Josh Gad,Angelina Jolie,None,Disneytoon Studios,164.9,790.2,139.9,56.1,70.4,308.3,481.9,303.2,6.3,71,57,53,2758,Disney+,2024-06-13,Yes,1,1,0,54,12,No,Chernabog,Pocahontas,Yes,No,No,Yes,Yes,Yes,Yes,No,Yes,No,None,Family,113.6,No,None,No,No,43.0,5.7,7.3,3.3,4.2,10.0,45,No,Yes,36.7,42.1,849.5,594.2,Massive Profit,Blockbuster
DIS00260,The Golden the Sea,The Golden the Sea,1946,1946-08-24,1940s,Live Action,Comedy,Road Trip,138,G,English,USA,Niki Caro,Yvett Merino,Michael Giacchino,Tom Holland,Kristen Bell,None,Pixar Animation Studios,68.7,113.5,64.4,23.6,13.8,51.2,62.3,29.0,7.9,87,77,79,3306,DisneyNOW,1947-07-23,No,1,1,0,46,5,No,None,Elsa,Yes,No,Yes,Yes,Yes,Yes,No,No,Yes,No,None,Kids,53.7,No,None,No,No,27.6,8.2,7.9,2.6,2.4,3.04,16,No,Yes,0.0,10.2,340.5,25.5,Medium Profit,Average
DIS00261,The Golden the North (Remake),Standalone,2008,2008-08-22,2000s,Remake,Family,Holiday,179,PG-13,Hindi,UK,Dean DeBlois,John Lasseter,Patrick Doyle,Johnny Depp,Emma Stone,None,Marvel Studios,6.8,17.4,5.8,1.9,0.9,5.2,12.2,126.0,6.0,53,57,52,2943,Theatrical Only,,No,1,0,0,18,4,Yes,Gaston,Moana,Yes,Yes,Yes,Yes,No,No,No,Yes,No,No,Marvel Cinematic Universe,Everyone,46.3,No,None,No,No,18.6,5.6,4.6,1.7,2.2,2.07,15,No,Yes,0.0,3.4,25.2,9.7,High Profit,Hit
DIS00262,The Golden Wonders 3,The Golden Wonders,2001,2001-07-24,2000s,Remake,Family,Mystery,183,PG-13,French,India,Jennifer Lee,Jason Owen,Germaine Franco,Ryan Reynolds,Sofia Carson,None,Walt Disney Animation Studios,213.2,247.2,184.3,83.5,18.7,88.4,158.8,-7.7,7.7,82,74,72,1298,Disney+,2002-07-21,Yes,2,1,1,53,2,Yes,Captain Hook,Carl Fredricksen,No,No,No,No,No,No,No,Yes,No,No,None,Kids,31.1,No,None,No,No,33.0,8.3,8.6,3.9,3.9,10.56,49,No,Yes,15.0,35.2,401.7,-20.6,Loss,Average
DIS00263,The Magic the North,The Magic the North,2020,2020-02-10,2020s,Remake,Musical,Fairy Tale,62,PG,English,India,Niki Caro,Yvett Merino,Christophe Beck,Dwayne Johnson,Lily James,None,Disney Channel Productions,249.5,1119.8,207.5,107.2,88.6,660.6,459.2,255.8,6.5,67,69,57,3003,Disney+,2020-12-20,Yes,0,0,0,51,7,No,Yzma,Bob Parr,No,No,Yes,Yes,Yes,No,No,Yes,Yes,No,None,Everyone,195.6,No,None,No,No,57.8,6.4,6.9,6.6,6.6,18.58,59,No,No,42.0,82.9,1287.8,805.1,Massive Profit,Blockbuster
DIS00264,Spirit of the Isles 4,Spirit of the Isles,1963,1963-08-02,1960s,Live Action,Romance,Fairy Tale,111,PG-13,English,USA,Brad Bird,Jonas Rivera,Patrick Doyle,Chris Pratt,Emma Stone,None,Marvel Studios,252.6,972.4,200.3,109.1,184.5,621.4,351.0,214.3,6.1,48,60,51,1075,Disney+,1964-07-13,Yes,0,0,0,53,6,Yes,Gaston,Tiana,Yes,Yes,No,Yes,No,No,No,No,No,No,Marvel Cinematic Universe,Kids,48.4,No,None,No,No,46.8,6.0,5.1,5.2,4.5,9.24,48,No,Yes,46.8,109.2,2503.9,663.0,Massive Profit,Hit
DIS00265,The Princess and the Frog: Awakens,The Princess and the Frog,1979,1979-02-17,1970s,Disney Channel Original,Sci-Fi,Fairy Tale,77,PG-13,Japanese,Canada,Dean DeBlois,Peter Del Vecho,Thomas Newman,Idris Elba,Auli'i Cravalho,2D,Disney Channel Productions,66.8,142.0,60.9,23.7,21.6,71.0,71.0,67.8,4.8,20,31,36,4388,Disney+,1979-07-12,Yes,0,0,0,53,13,No,Hades,Moana,Yes,Yes,No,Yes,No,No,No,No,No,No,None,Family,83.1,No,None,No,No,24.5,4.8,2.0,4.0,2.4,3.81,18,No,No,24.5,17.5,308.8,57.4,Medium Profit,Hit
DIS00266,The Incredibles,The Incredibles,2026,2026-06-05,2020s,Pixar,Sci-Fi,Buddy Comedy,149,PG,English,Canada,Kirk Wise,Jason Owen,Patrick Doyle,Johnny Depp,Angelina Jolie,2D,Disney Channel Productions,110.5,88.2,96.3,26.7,16.7,48.1,40.1,-28.3,6.9,63,67,72,832,Disney+,2026-12-31,Yes,3,1,0,38,9,No,Captain Hook,Pocahontas,Yes,No,No,Yes,Yes,No,No,No,Yes,No,None,Teen,91.9,No,None,No,No,26.4,6.7,6.4,3.4,3.6,2.54,13,No,Yes,26.4,7.4,88.2,-34.8,Loss,Flop
DIS00267,The Magic the North: Journey,Standalone,1947,1947-03-18,1940s,Short Film,Sci-Fi,Buddy Comedy,73,PG,English,USA,Rich Moore,Yvett Merino,Lin-Manuel Miranda,Robert Downey Jr.,Auli'i Cravalho,Hybrid,Pixar Animation Studios,92.2,449.8,83.1,40.3,46.8,202.0,247.8,264.5,6.8,69,56,55,2335,Disney+,1948-02-23,Yes,3,2,1,57,14,Yes,Hans,Merida,Yes,No,Yes,Yes,Yes,No,No,No,No,No,None,Teen,87.3,No,None,No,No,37.7,6.6,7.0,3.5,3.9,10.72,45,No,No,44.6,59.6,1338.2,326.4,Massive Profit,Blockbuster
DIS00268,The Magic Dreams,The Magic Dreams,2015,2015-06-13,2010s,Short Film,Musical,Time Travel,125,PG,English,India,Kirk Wise,Roy Conli,Patrick Doyle,Josh Gad,Emma Stone,3D CGI,Walt Disney Pictures,83.3,215.9,70.9,32.6,34.7,139.0,76.9,108.6,8.1,82,74,80,2262,Theatrical Only,,No,1,4,1,65,15,No,Gaston,Miguel,No,Yes,No,Yes,Yes,No,No,No,No,No,None,Teen,87.4,No,None,No,No,28.6,8.0,8.4,2.4,2.9,6.6,45,No,Yes,0.0,24.6,275.3,112.4,High Profit,Hit
DIS00269,Toy Story: Origins,Toy Story,1965,1965-07-05,1960s,Live Action,Fantasy,Mystery,170,G,English,India,Craig Gillespie,Kevin Feige,Alan Menken,Chris Pratt,Anne Hathaway,None,Pixar Animation Studios,212.4,1158.6,198.8,90.3,188.4,678.0,480.6,300.8,5.1,20,39,46,3079,Disney+,1966-03-15,Yes,0,0,0,52,9,No,Gaston,Belle,Yes,Yes,Yes,Yes,Yes,No,No,No,Yes,No,None,Everyone,75.2,No,None,No,No,51.0,4.8,2.4,4.7,6.5,13.65,52,No,Yes,60.7,209.0,2925.5,869.5,Massive Profit,Blockbuster
DIS00270,Spirit of the Sea 2,Standalone,2013,2013-03-01,2010s,Live Action,Musical,Holiday,182,PG,English,USA,Jon Favreau,Kevin Feige,Christophe Beck,Ryan Reynolds,Lily James,None,20th Century Studios,368.2,1449.8,286.9,125.1,161.8,849.4,600.4,251.9,5.7,34,40,55,2124,Theatrical Only,,No,0,0,0,56,10,No,Chernabog,Mal,No,No,No,Yes,Yes,No,No,No,No,No,None,Family,231.8,Yes,Disney's Hollywood Studios,Yes,Yes,68.5,5.5,3.7,4.5,6.4,9.78,82,No,No,0.0,133.8,1921.0,1037.8,Massive Profit,Hit
DIS00271,The Golden the Realm,The Golden the Realm,2021,2021-08-26,2020s,Remake,Drama,Road Trip,116,PG-13,English,USA,Chris Buck,Osnat Shurer,Thomas Newman,Ryan Reynolds,Emma Stone,None,Lucasfilm,23.7,39.2,19.3,5.2,5.9,20.7,18.5,60.0,5.9,39,47,55,1007,Disney+,2022-01-16,Yes,0,0,0,42,12,No,Maleficent,Elsa,Yes,No,No,Yes,No,No,No,Yes,No,No,None,Family,23.3,No,None,No,No,17.1,6.2,4.3,3.1,2.1,5.42,15,No,Yes,13.5,3.5,44.1,14.7,Medium Profit,Average
DIS00272,Cars,Cars,1941,1941-07-13,1940s,Pixar,Musical,Holiday,177,PG,English,India,Dean DeBlois,Peter Del Vecho,Alan Menken,Chris Pratt,Halle Bailey,3D CGI,Walt Disney Animation Studios,369.0,736.2,318.3,95.3,69.1,350.7,385.5,78.0,6.6,48,65,66,1088,Disney+,1942-07-09,Yes,1,0,0,51,6,No,Captain Hook,WALL-E,No,Yes,No,Yes,Yes,No,No,No,No,No,None,Everyone,64.9,No,None,No,No,44.4,6.7,5.4,4.8,3.9,8.48,31,No,Yes,16.0,111.6,2300.6,322.6,High Profit,Average
DIS00273,Winnie the Pooh,Winnie the Pooh,2010,2010-05-17,2010s,Disney Channel Original,Comedy,Fairy Tale,103,PG,English,Japan,Lee Unkrich,Peter Del Vecho,Hans Zimmer,Chris Pratt,Zoe Saldana,3D CGI,Lucasfilm,295.2,3205.1,246.6,104.6,142.2,1182.7,2022.4,812.6,5.9,44,62,61,3128,Disney+,2011-04-04,Yes,0,0,0,46,0,No,Chernabog,WALL-E,No,Yes,No,No,Yes,No,No,No,Yes,No,None,Family,333.1,No,None,No,No,100.0,5.9,4.7,9.5,10.0,21.6,96,No,No,103.7,382.6,4487.1,2853.9,Massive Profit,Mega Blockbuster
DIS00274,Toy Story,Toy Story,1971,1971-07-21,1970s,Animated,Fantasy,Fairy Tale,60,G,English,India,Brad Bird,Roy Conli,Germaine Franco,Will Smith,Angelina Jolie,2D,Walt Disney Pictures,436.8,4027.4,370.6,195.2,376.9,2310.3,1717.1,611.8,4.5,22,35,36,4192,Disney+,1972-03-12,Yes,0,0,0,67,7,No,Maleficent,Pocahontas,Yes,No,Yes,Yes,Yes,No,No,No,Yes,No,None,Kids,117.7,No,None,Yes,Yes,100.0,4.8,2.4,9.0,9.4,14.52,100,No,Yes,119.9,358.4,9565.1,3461.6,Massive Profit,Mega Blockbuster
DIS00275,Spirit of Dreams,Spirit of Dreams,2017,2017-08-16,2010s,Live Action,Sci-Fi,Coming of Age,129,G,English,India,Pete Docter,Yvett Merino,Lin-Manuel Miranda,Johnny Depp,Lily James,None,Disneytoon Studios,381.9,1928.2,344.8,128.2,194.9,639.8,1288.4,307.7,6.4,55,48,52,1223,Disney+,2018-02-06,Yes,1,1,0,41,0,No,Scar,Nemo,No,No,No,No,Yes,No,No,No,Yes,No,None,Kids,73.5,No,None,Yes,No,85.9,6.0,5.7,8.1,8.9,11.59,91,No,Yes,55.0,172.5,2362.0,1455.2,Massive Profit,Blockbuster
DIS00276,Legend of Wonders (Remake),Legend of Wonders,1960,1960-11-11,1960s,Pixar,Action,Buddy Comedy,127,PG,English,UK,Ron Clements,Kevin Feige,Hans Zimmer,Jason Segel,Zendaya,Hybrid,20th Century Studios,207.8,767.9,195.9,58.6,55.8,300.6,467.3,201.7,8.8,87,87,96,1022,Disney+,1961-05-15,Yes,2,1,0,50,0,No,Scar,Tarzan,No,Yes,No,No,Yes,No,No,No,Yes,No,None,Everyone,59.2,No,None,No,No,53.0,8.6,8.8,5.5,4.9,9.82,70,Yes,No,57.5,76.1,2034.9,513.4,Massive Profit,Hit
DIS00277,Kingdom of the Sea: Journey,Standalone,1956,1956-11-15,1950s,Disney Channel Original,Musical,Heist,62,G,Spanish,USA,Brad Bird,Osnat Shurer,Thomas Newman,Will Smith,Angelina Jolie,2D,Marvel Studios,340.1,1147.1,268.2,128.3,217.0,620.6,526.5,189.3,6.2,48,45,52,1411,Theatrical Only,,No,0,0,0,72,15,Yes,Cruella de Vil,Troy Bolton,No,No,Yes,Yes,Yes,No,No,No,No,No,Marvel Cinematic Universe,Teen,164.0,No,None,Yes,Yes,55.4,6.6,4.5,4.8,4.6,19.59,58,Yes,No,0.0,119.6,3154.5,750.6,Massive Profit,Hit
DIS00278,Dumbo (Remake),Standalone,2005,2005-06-08,2000s,Animated,Fantasy,Road Trip,145,PG,English,USA,Jon Favreau,Kevin Feige,James Newton Howard,Jason Segel,Lily James,3D CGI,Disneytoon Studios,226.7,294.6,190.1,83.2,24.3,98.6,196.0,7.8,8.1,96,69,87,1108,Theatrical Only,,No,0,0,0,32,6,No,Cruella de Vil,Mulan,Yes,No,Yes,Yes,Yes,No,No,No,No,No,None,Everyone,49.1,No,None,No,No,41.5,7.7,9.4,5.7,4.7,12.49,39,No,Yes,0.0,44.9,449.3,21.3,Low Profit,Average
DIS00279,Atlantis 2,Atlantis,1946,1946-08-04,1940s,Animated,Romance,Heist,104,PG-13,Multiple,USA,Rob Marshall,Yvett Merino,Michael Giacchino,Jason Segel,Anne Hathaway,2D,Walt Disney Pictures,107.5,494.6,81.4,45.8,27.6,169.8,324.8,288.8,6.6,65,52,63,1085,Disney+,1947-07-04,Yes,2,1,0,100,15,No,Hans,Mike Wazowski,No,No,No,Yes,No,No,No,No,No,No,None,Everyone,140.2,No,None,No,No,42.0,6.7,6.4,3.2,5.6,3.07,45,No,Yes,31.6,41.1,1483.8,367.4,Massive Profit,Blockbuster
DIS00280,Frozen 3,Frozen,1965,1965-08-09,1960s,Short Film,Comedy,Coming of Age,144,PG,English,USA,Brad Bird,Kevin Feige,Germaine Franco,Jason Segel,Lily James,Stop Motion,20th Century Studios,276.8,89.2,216.8,62.1,5.2,35.0,54.2,-68.0,6.5,59,47,68,516,Disney+,1966-03-29,Yes,1,1,0,42,1,Yes,Hades,Mike Wazowski,No,No,No,No,Yes,No,No,No,Yes,No,None,Teen,59.5,No,None,No,No,22.7,6.1,6.6,3.9,3.0,3.47,15,No,Yes,22.1,5.3,225.2,-189.7,Loss,Flop
DIS00281,The Golden Dreams 2,The Golden Dreams,1986,1986-09-05,1980s,Remake,Drama,Fairy Tale,137,G,English,UK,Brad Bird,Jason Owen,Christophe Beck,Josh Gad,Emma Watson,None,Disney Channel Productions,341.9,777.6,310.6,75.1,99.1,369.2,408.4,101.6,5.7,37,60,63,2585,DisneyNOW,1987-01-28,No,0,0,0,27,0,No,Maleficent,Bob Parr,No,Yes,Yes,No,Yes,No,No,Yes,Yes,No,None,Family,119.1,No,None,No,No,45.0,5.7,3.4,4.8,5.0,4.4,38,No,No,0.0,44.7,1555.2,391.9,High Profit,Hit
DIS00282,Pocahontas: Untold Story,Pocahontas,1950,1950-12-02,1950s,Short Film,Adventure,Sports,86,PG-13,English,India,Craig Gillespie,John Lasseter,James Newton Howard,Johnny Depp,Angelina Jolie,Hybrid,Disneytoon Studios,32.8,34.4,25.4,9.9,2.6,18.7,15.7,-2.5,8.0,78,70,92,3564,Disney+,1951-05-07,Yes,3,3,2,43,2,No,Ursula,Woody,No,No,No,No,No,No,No,No,No,No,None,Family,61.0,No,None,No,No,32.3,8.1,7.6,3.1,3.8,1.74,41,Yes,No,26.7,4.6,99.8,-0.9,Loss,Average
DIS00283,High School Musical 4,High School Musical,1957,1957-01-01,1950s,Live Action,Animation,Superhero,84,G,English,USA,Marc Webb,Jared Bush,Germaine Franco,Idris Elba,Auli'i Cravalho,None,Lucasfilm,115.2,146.1,98.2,47.8,17.3,87.3,58.8,0.1,7.2,62,59,83,3269,Disney+,1958-01-09,Yes,0,1,0,26,11,No,Cruella de Vil,Aladdin,No,No,Yes,Yes,Yes,Yes,No,No,Yes,No,None,Kids,105.4,No,None,No,No,30.9,7.1,5.7,3.4,4.2,2.16,25,No,No,10.8,16.5,398.1,0.1,Low Profit,Average
DIS00284,The Incredibles (Remake),The Incredibles,1950,1950-11-15,1950s,Live Action,Sci-Fi,Buddy Comedy,122,PG,English,Canada,Craig Gillespie,Jared Bush,Christophe Beck,Jason Segel,Emma Watson,None,Lucasfilm,94.2,73.3,79.3,39.6,10.5,39.8,33.5,-38.4,7.4,76,73,73,4190,Disney+,1951-07-24,Yes,1,0,0,41,2,Yes,Ursula,Ralph,No,No,No,No,Yes,No,No,No,No,No,None,Kids,47.0,No,None,No,No,29.6,7.3,7.3,3.0,3.3,8.8,28,Yes,No,17.9,8.7,212.6,-45.6,Loss,Flop
DIS00285,Tale of Stardust: Reborn,Tale of Stardust,1984,1984-09-25,1980s,Short Film,Comedy,Sports,169,PG,English,USA,Marc Webb,John Lasseter,Patrick Doyle,Jason Segel,Anne Hathaway,Hybrid,Pixar Animation Studios,323.8,639.7,293.8,111.1,60.5,378.8,260.9,58.0,8.7,84,80,82,1770,Theatrical Only,,No,1,0,0,44,1,No,Yzma,Stitch,No,No,No,No,Yes,No,No,No,No,No,None,Everyone,54.5,No,None,No,No,54.5,8.7,9.7,4.5,6.4,18.65,53,No,No,0.0,117.1,1311.4,234.8,Medium Profit,Average
DIS00286,Cinderella,Cinderella,1940,1940-04-14,1940s,Animated,Fantasy,Fairy Tale,147,PG,English,USA,Craig Gillespie,Roy Conli,Germaine Franco,Ryan Reynolds,Angelina Jolie,Stop Motion,Disneytoon Studios,154.9,268.1,142.5,43.4,27.0,148.6,119.5,44.2,5.8,49,46,51,2659,Disney+,1941-03-31,Yes,0,0,0,56,0,No,Judge Frollo,Riley,No,Yes,Yes,No,Yes,No,Yes,No,Yes,No,None,Family,77.7,No,None,No,No,24.6,5.6,4.9,1.9,2.1,6.85,21,No,No,23.6,30.8,844.5,82.2,Medium Profit,Average
DIS00287,Snow White,Snow White,2011,2011-09-10,2010s,Remake,Drama,Superhero,61,PG,English,UK,Kirk Wise,Osnat Shurer,Germaine Franco,Chris Pratt,Emma Watson,2D,Lucasfilm,29.0,8.9,26.7,11.6,0.8,3.2,5.7,-76.8,8.7,100,78,85,826,Disney+ Hotstar,2012-07-28,Yes,1,2,1,67,10,No,Gaston,Ralph,No,No,No,Yes,Yes,Yes,No,Yes,No,No,None,Kids,24.2,No,None,No,No,29.9,8.5,9.6,1.2,3.4,4.65,19,No,No,32.1,0.9,12.2,-29.4,Loss,Flop
DIS00288,Coco,Standalone,2027,2027-12-08,2020s,Pixar,Comedy,Superhero,149,PG-13,English,UK,Craig Gillespie,Jason Owen,Patrick Doyle,Ewan McGregor,Auli'i Cravalho,3D CGI,Pixar Animation Studios,443.8,511.8,383.4,133.7,102.7,322.8,189.0,-1.0,6.5,55,65,59,0,Theatrical Only,,No,1,1,0,40,8,Yes,Scar,Stitch,No,Yes,No,Yes,No,Yes,No,No,No,No,None,Teen,99.2,No,None,No,No,41.5,6.3,5.3,4.0,5.3,7.35,48,Yes,No,0.0,52.2,511.8,-5.3,Loss,Average
DIS00289,Tarzan 3,Tarzan,1976,1976-07-25,1970s,Live Action,Fantasy,Road Trip,74,PG,English,USA,Brad Bird,Peter Del Vecho,Hans Zimmer,Ewan McGregor,Emma Stone,None,Marvel Studios,318.1,357.7,299.7,120.8,49.9,158.3,199.4,-14.9,6.1,61,53,55,3270,DisneyNOW,1977-02-16,No,1,0,0,10,13,Yes,Hans,Tiana,Yes,No,Yes,Yes,Yes,No,Yes,No,Yes,No,Marvel Cinematic Universe,Family,116.1,No,None,No,No,37.0,6.2,6.3,3.1,3.8,6.17,36,No,Yes,0.0,70.0,804.8,-62.8,Loss,Average
DIS00290,The Golden Stardust 4,The Golden Stardust,1947,1947-10-12,1940s,Remake,Musical,Coming of Age,101,PG,English,USA,Rob Marshall,Yvett Merino,Christophe Beck,Chris Pratt,Emma Stone,None,Pixar Animation Studios,303.5,364.6,250.7,96.8,20.5,145.9,218.7,4.9,7.8,76,72,69,4104,Theatrical Only,,No,0,0,0,70,8,Yes,Cruella de Vil,Elsa,Yes,Yes,No,Yes,Yes,Yes,No,Yes,No,No,None,Everyone,106.1,No,None,No,No,40.5,7.7,7.5,6.0,3.3,6.92,31,No,No,0.0,63.2,1084.7,17.1,Low Profit,Average
DIS00291,101 Dalmatians 4,101 Dalmatians,2026,2026-05-19,2020s,Animated,Musical,Sports,138,G,English,USA,Gary Trousdale,Jason Owen,Randy Newman,Dwayne Johnson,Emma Watson,Hybrid,20th Century Studios,233.7,246.7,198.0,76.6,26.5,93.6,153.1,-10.2,6.1,43,43,63,3211,Theatrical Only,,No,0,0,0,74,5,No,Ursula,Merida,Yes,Yes,No,Yes,Yes,No,No,No,No,No,None,Everyone,60.5,No,None,No,No,31.4,5.9,4.7,2.7,3.3,12.5,27,No,No,0.0,23.5,246.7,-27.9,Loss,Average
DIS00292,Alice in Wonderland,Alice in Wonderland,2010,2010-09-18,2010s,Pixar,Action,Fairy Tale,176,G,English,USA,Craig Gillespie,Jared Bush,Thomas Newman,Tom Holland,Emma Stone,Hybrid,Walt Disney Pictures,208.1,600.0,182.6,66.3,27.5,226.9,373.1,141.1,5.0,26,45,43,3812,Theatrical Only,,No,0,0,0,44,1,No,None,Tarzan,No,No,No,No,Yes,No,No,No,Yes,No,None,Everyone,125.2,No,None,No,No,40.6,5.2,2.3,5.6,3.0,5.77,45,No,No,0.0,95.9,840.0,351.1,High Profit,Hit
DIS00293,Monsters Inc,Monsters Inc,2011,2011-08-22,2010s,Disney Channel Original,Romance,Superhero,162,PG,Multiple,USA,Lee Unkrich,Kathleen Kennedy,Thomas Newman,Chris Pratt,Angelina Jolie,2D,Pixar Animation Studios,228.9,114.2,195.5,50.4,15.0,55.7,58.5,-53.6,4.3,20,39,30,1324,DisneyNOW,2012-06-25,No,0,0,0,43,2,No,Judge Frollo,Bob Parr,No,No,No,No,Yes,Yes,No,No,No,No,None,Teen,23.8,No,None,No,No,13.1,4.1,2.6,1.9,1.0,1.48,22,No,Yes,0.0,22.2,157.0,-131.7,Loss,Flop
DIS00294,Mulan,Mulan,2013,2013-02-22,2010s,Live Action,Family,Heist,175,PG,English,UK,Rich Moore,Yvett Merino,James Newton Howard,Josh Gad,Auli'i Cravalho,None,Walt Disney Pictures,322.4,918.5,305.8,87.9,152.1,464.2,454.3,133.3,6.5,60,59,63,1945,Disney+,2013-04-24,Yes,1,0,0,61,2,No,Cruella de Vil,Tarzan,No,Yes,Yes,No,Yes,No,No,No,No,Yes,None,Teen,95.1,No,None,No,No,52.3,6.3,6.3,6.3,5.2,2.83,65,No,No,39.5,93.0,1217.0,524.8,High Profit,Hit
DIS00295,Legend of Stardust 3,Standalone,1939,1939-09-10,1930s,Animated,Animation,Superhero,154,PG-13,Hindi,UK,Jon Favreau,Yvett Merino,Hans Zimmer,Johnny Depp,Lily James,Hybrid,Walt Disney Animation Studios,427.1,243.9,369.7,160.1,12.7,104.0,139.9,-54.0,6.9,55,66,69,1946,Disney+,1940-04-10,Yes,2,1,0,60,2,No,Captain Hook,Hercules,No,No,Yes,No,No,No,No,No,No,No,None,Teen,120.8,No,None,No,No,35.5,7.1,5.1,5.4,3.6,4.23,29,No,No,25.6,46.3,774.4,-285.9,Loss,Flop
DIS00296,The Golden the Forest (Remake),The Golden the Forest,1961,1961-08-06,1960s,Short Film,Animation,Mystery,91,PG,English,USA,Brad Bird,John Lasseter,Alan Menken,Johnny Depp,Zendaya,Stop Motion,Walt Disney Animation Studios,26.0,92.9,21.2,10.3,10.9,39.1,53.8,194.9,6.1,40,60,54,678,Disney+,1961-11-17,Yes,0,0,0,34,1,No,Maleficent,Aladdin,No,No,Yes,No,Yes,No,Yes,No,No,No,None,Everyone,18.9,No,None,No,No,19.7,6.2,3.6,4.5,1.7,4.52,24,No,Yes,8.1,8.1,243.9,61.4,Massive Profit,Hit
DIS00297,Hercules,Hercules,1979,1979-04-22,1970s,Short Film,Musical,Heist,89,PG-13,English,Japan,Lee Unkrich,Jared Bush,Patrick Doyle,Jason Segel,Kristen Bell,Stop Motion,20th Century Studios,247.9,759.6,233.1,111.3,82.7,271.1,488.5,120.6,8.1,88,81,77,3835,Theatrical Only,,No,0,0,0,43,6,No,Ursula,Pocahontas,Yes,No,No,Yes,No,No,Yes,No,Yes,No,None,Family,159.9,No,None,No,No,46.5,7.9,8.4,5.2,5.2,7.44,44,No,No,0.0,50.2,1652.1,415.2,High Profit,Hit
DIS00298,The Golden Wonders 2,The Golden Wonders,1981,1981-05-17,1980s,Animated,Comedy,Sports,131,G,English,USA,Jon Favreau,Yvett Merino,Christophe Beck,Ryan Reynolds,Zoe Saldana,Stop Motion,Marvel Studios,19.7,25.2,15.8,5.8,1.1,8.0,17.2,16.7,8.0,70,74,80,3692,Theatrical Only,,No,4,3,1,56,13,Yes,Chernabog,Moana,Yes,No,No,Yes,Yes,No,No,No,No,No,Marvel Cinematic Universe,Teen,47.7,No,None,No,No,19.8,7.6,6.9,1.0,2.7,6.77,15,No,No,0.0,1.8,53.5,3.6,Low Profit,Average
DIS00299,Adventures of Wonders,Adventures of Wonders,1952,1952-11-24,1950s,Remake,Musical,Superhero,190,G,Hindi,USA,Chris Buck,Jared Bush,Patrick Doyle,Robert Downey Jr.,Auli'i Cravalho,None,Marvel Studios,326.9,951.3,260.9,85.5,147.7,556.8,394.5,174.6,6.5,65,55,60,3522,Disney+,1953-11-09,Yes,0,0,0,64,9,Yes,Gaston,Troy Bolton,No,No,No,Yes,Yes,Yes,No,Yes,Yes,No,Marvel Cinematic Universe,Teen,92.9,No,None,No,No,58.1,6.6,6.5,4.5,5.9,5.13,53,Yes,No,34.8,158.1,2711.2,604.9,Massive Profit,Hit
DIS00300,Treasure Planet,Treasure Planet,1944,1944-02-27,1940s,Remake,Family,Holiday,91,PG,English,USA,Marc Webb,Jason Owen,Randy Newman,Dwayne Johnson,Halle Bailey,3D CGI,Disney Channel Productions,213.6,400.4,182.3,55.2,32.5,197.0,203.4,68.6,7.6,77,60,71,3021,Theatrical Only,,No,2,2,1,46,2,No,Gaston,Mulan,Yes,No,No,No,Yes,No,Yes,Yes,No,No,None,Teen,125.3,No,None,No,No,39.0,6.8,7.6,3.8,3.1,14.99,34,No,No,0.0,23.6,1221.2,162.9,Medium Profit,Average
DIS00301,Up,Up,1941,1941-07-16,1940s,Animated,Drama,Sports,182,PG-13,English,Canada,Byron Howard,Kevin Feige,Christophe Beck,Chris Pratt,Emma Stone,Stop Motion,20th Century Studios,128.2,160.9,96.7,46.7,23.0,70.0,90.9,12.2,5.1,23,40,37,1371,DisneyNOW,1942-02-02,No,0,0,0,55,1,No,Chernabog,Aurora,Yes,No,No,No,No,No,No,No,Yes,No,None,Family,50.8,No,None,No,No,22.5,4.9,2.1,1.3,1.7,5.89,21,No,Yes,0.0,25.0,502.8,17.5,Low Profit,Average
DIS00302,Alice in Wonderland 2,Alice in Wonderland,2022,2022-12-21,2020s,Animated,Fantasy,Fairy Tale,133,G,Multiple,UK,Niki Caro,Roy Conli,James Newton Howard,Will Smith,Auli'i Cravalho,3D CGI,Marvel Studios,164.4,849.3,140.0,37.7,93.5,332.8,516.5,377.9,7.5,73,66,77,3167,DisneyNOW,2024-01-12,No,2,0,0,47,2,Yes,Yzma,Belle,Yes,Yes,Yes,No,Yes,No,No,No,Yes,No,Marvel Cinematic Universe,Everyone,66.9,No,None,Yes,No,55.2,7.5,6.9,4.9,5.3,17.58,55,Yes,No,0.0,106.2,934.2,671.6,Massive Profit,Blockbuster
DIS00303,Toy Story: Kingdom,Toy Story,1969,1969-06-06,1960s,Remake,Romance,Holiday,111,PG,English,Japan,Dean DeBlois,Osnat Shurer,Michael Giacchino,Dwayne Johnson,Zendaya,None,Marvel Studios,56.5,329.3,44.0,17.3,42.9,166.0,163.3,437.2,8.3,80,71,92,1638,Disney+,1969-11-16,Yes,2,0,0,75,15,Yes,Maleficent,Judy Hopps,No,Yes,No,Yes,Yes,Yes,No,Yes,Yes,No,Marvel Cinematic Universe,Everyone,122.6,No,None,No,No,38.9,8.6,7.7,5.3,4.6,10.98,30,No,Yes,29.7,25.2,798.6,268.0,Massive Profit,Blockbuster
DIS00304,101 Dalmatians,101 Dalmatians,1953,1953-07-20,1950s,Live Action,Comedy,Superhero,122,G,Hindi,India,Niki Caro,Osnat Shurer,Christophe Beck,Josh Gad,Zendaya,None,Disney Channel Productions,339.1,2134.5,280.4,122.2,115.7,746.9,1387.6,430.2,7.0,71,67,67,4078,Disney+,1953-11-23,Yes,3,1,1,87,7,Yes,Scar,Carl Fredricksen,No,No,Yes,Yes,Yes,No,No,No,No,Yes,None,Teen,157.9,Yes,Tokyo Disneyland,No,No,100.0,7.4,7.5,10.0,9.6,23.15,100,No,Yes,59.9,247.4,6030.0,1731.9,Massive Profit,Blockbuster
DIS00305,The Enchanted Stardust: Secret,The Enchanted Stardust,2013,2013-03-09,2010s,Disney Channel Original,Animation,Superhero,74,PG,English,USA,Craig Gillespie,Jared Bush,Patrick Doyle,Robert Downey Jr.,Emma Watson,3D CGI,Lucasfilm,419.0,1360.6,346.9,85.1,123.4,801.6,559.0,215.0,4.8,30,33,31,3738,Disney+,2014-01-13,Yes,0,0,0,61,8,Yes,Mother Gothel,Hiro,No,Yes,Yes,Yes,Yes,No,No,No,No,No,None,Everyone,172.9,No,None,Yes,No,58.6,4.5,3.1,6.1,5.7,9.64,57,No,No,63.2,169.6,1802.8,928.6,Massive Profit,Hit
DIS00306,The Princess and the Frog: Awakens,The Princess and the Frog,1975,1975-10-19,1970s,Disney Channel Original,Musical,Time Travel,110,PG-13,English,USA,Nathan Greno,Osnat Shurer,Hans Zimmer,Jason Segel,Anne Hathaway,2D,Walt Disney Pictures,234.5,807.9,179.0,60.0,123.7,521.5,286.4,238.0,6.8,73,61,62,3385,Theatrical Only,,No,0,0,0,70,7,No,Gaston,Remy,No,Yes,No,Yes,No,No,No,No,Yes,No,None,Everyone,98.7,No,None,No,No,51.2,6.6,6.7,6.4,4.8,15.06,54,No,No,0.0,50.7,1838.0,568.9,Massive Profit,Hit
DIS00307,The Sword in the Stone,Standalone,1956,1956-01-12,1950s,Pixar,Sci-Fi,Coming of Age,178,G,English,USA,Nathan Greno,Kathleen Kennedy,Thomas Newman,Ryan Reynolds,Sofia Carson,3D CGI,Pixar Animation Studios,318.3,133.2,287.3,96.9,14.6,64.7,68.5,-65.3,7.8,87,65,79,3310,Disney+,1956-05-08,Yes,0,0,0,47,1,Yes,Dr. Facilier,Bob Parr,No,No,No,No,Yes,No,No,No,No,No,None,Kids,44.9,No,None,No,No,33.4,7.8,9.0,2.4,2.2,4.9,34,No,No,26.5,22.1,366.3,-251.0,Loss,Flop
DIS00308,Adventures of the Forest: Return,Adventures of the Forest,1953,1953-02-20,1950s,Remake,Action,Coming of Age,177,PG,Hindi,USA,Rich Moore,John Lasseter,Michael Giacchino,Jason Segel,Emma Watson,None,Disney Channel Productions,296.7,2076.9,224.9,74.3,193.5,1244.5,832.4,594.2,4.8,31,27,42,3016,Disney+,1953-06-07,Yes,0,0,0,68,1,No,Dr. Facilier,Hiro,No,Yes,No,No,Yes,No,No,Yes,No,No,None,Family,93.9,Yes,EPCOT,Yes,Yes,86.9,5.0,3.3,9.4,7.0,18.42,85,No,No,72.0,148.7,5867.2,1777.7,Massive Profit,Blockbuster
DIS00309,Pinocchio: Kingdom,Pinocchio,1988,1988-05-19,1980s,Live Action,Animation,Time Travel,80,PG,English,India,Dean DeBlois,Jason Owen,Alan Menken,Ewan McGregor,Lily James,None,Marvel Studios,43.9,96.0,37.4,16.8,9.3,41.6,54.4,77.1,7.1,41,65,75,1705,Disney+,1989-01-16,Yes,0,0,0,35,1,Yes,None,Stitch,No,No,Yes,No,Yes,No,No,No,No,No,Marvel Cinematic Universe,Everyone,24.1,No,None,No,No,19.1,6.9,5.0,1.2,1.0,1.3,23,No,No,16.4,19.0,187.2,41.8,High Profit,Hit
DIS00310,The Golden Stardust,The Golden Stardust,1956,1956-07-14,1950s,Remake,Romance,Coming of Age,90,G,English,USA,Rob Marshall,John Lasseter,Michael Giacchino,Chris Evans,Zoe Saldana,None,Disneytoon Studios,90.1,82.3,70.9,22.3,16.4,51.3,31.0,-11.7,7.0,64,59,65,637,Disney+,1957-06-02,Yes,1,0,0,64,7,No,Scar,Ralph,No,Yes,No,Yes,Yes,No,Yes,Yes,Yes,No,None,Teen,46.9,No,None,No,No,25.1,7.4,7.2,3.8,1.6,8.21,21,No,Yes,28.7,13.1,226.3,-10.9,Loss,Average
DIS00311,Alice in Wonderland 4,Alice in Wonderland,1996,1996-10-19,1990s,Animated,Animation,Buddy Comedy,72,PG,English,UK,Niki Caro,Roy Conli,James Newton Howard,Idris Elba,Idina Menzel,Hybrid,Disneytoon Studios,412.2,3924.4,388.8,176.4,679.2,2547.3,1377.1,594.3,6.6,54,60,60,3624,Theatrical Only,,No,0,0,0,75,14,No,Ursula,Ralph,No,Yes,Yes,Yes,Yes,No,No,No,Yes,No,None,Teen,307.5,Yes,Disney California Adventure,Yes,Yes,100.0,6.9,5.4,7.7,10.0,24.06,96,No,No,0.0,479.0,6867.7,3359.2,Massive Profit,Mega Blockbuster
DIS00312,The Jungle Book,The Jungle Book,1985,1985-10-24,1980s,Disney Channel Original,Adventure,Mystery,118,PG-13,English,India,Byron Howard,Kathleen Kennedy,Thomas Newman,Ryan Reynolds,Anne Hathaway,Hybrid,Marvel Studios,129.0,783.4,115.0,42.8,46.4,269.0,514.4,396.5,7.4,63,68,79,3559,DisneyNOW,1986-04-21,No,0,0,0,44,13,Yes,Scar,Ariel,Yes,Yes,Yes,Yes,No,No,No,No,Yes,No,Marvel Cinematic Universe,Kids,148.3,No,None,No,No,47.5,7.9,6.5,5.0,3.9,18.44,37,No,No,0.0,115.1,1586.4,625.6,Massive Profit,Blockbuster
DIS00313,The Princess and the Frog,The Princess and the Frog,2010,2010-11-05,2010s,Disney Channel Original,Romance,Road Trip,147,PG,Japanese,UK,David Lowery,Roy Conli,James Newton Howard,Ryan Reynolds,Idina Menzel,Hybrid,20th Century Studios,396.9,357.3,318.1,127.8,34.7,129.5,227.8,-19.9,8.2,79,77,78,2249,Disney+,2011-07-20,Yes,2,1,0,49,15,No,Hades,Merida,Yes,Yes,Yes,Yes,Yes,No,No,No,No,No,None,Teen,95.4,No,None,No,No,36.7,7.9,7.6,3.3,4.5,13.89,29,Yes,No,16.0,56.1,500.2,-88.6,Loss,Average
DIS00314,Frozen,Frozen,2016,2016-03-16,2010s,Live Action,Animation,Buddy Comedy,133,G,English,USA,Pete Docter,Roy Conli,Lin-Manuel Miranda,Chris Pratt,Emma Watson,None,Disneytoon Studios,172.1,450.5,161.9,46.9,65.6,207.4,243.1,115.8,6.0,54,44,60,2505,Disney+,2016-11-16,Yes,1,0,0,60,8,No,Captain Hook,Elsa,Yes,No,Yes,Yes,Yes,No,No,No,No,No,None,Family,51.5,No,None,No,No,29.5,6.3,5.4,2.7,4.0,9.18,40,No,No,14.0,50.9,563.1,241.7,High Profit,Hit
DIS00315,Cars,Cars,1941,1941-09-20,1940s,Short Film,Musical,Road Trip,179,PG,English,Canada,Jon Favreau,Kathleen Kennedy,Christophe Beck,Ryan Reynolds,Emma Stone,2D,Walt Disney Pictures,284.9,446.8,236.6,87.1,25.3,137.3,309.5,38.0,8.8,85,92,98,1692,Disney+,1942-08-01,Yes,3,1,0,72,14,No,Hans,Tiana,Yes,No,No,Yes,Yes,No,No,No,Yes,No,None,Everyone,161.5,No,None,No,No,49.8,8.9,9.0,4.3,4.3,15.65,49,No,No,29.0,79.2,1396.2,123.1,Medium Profit,Average
DIS00316,The Enchanted the Forest 4,Standalone,2005,2005-09-23,2000s,Disney Channel Original,Fantasy,Holiday,80,PG-13,English,Canada,Nathan Greno,Jared Bush,Alan Menken,Idris Elba,Halle Bailey,Stop Motion,Walt Disney Animation Studios,358.5,1058.9,288.6,159.9,125.7,420.6,638.3,136.1,7.0,68,69,60,2306,Disney+,2006-05-17,Yes,0,0,0,33,2,No,Hans,Mike Wazowski,No,Yes,Yes,No,No,Yes,No,No,No,No,None,Kids,92.2,No,None,Yes,No,59.1,7.1,6.6,4.5,5.0,13.64,49,No,No,24.9,104.5,1614.8,610.4,High Profit,Hit
DIS00317,Zootopia: Kingdom,Standalone,1996,1996-10-10,1990s,Pixar,Animation,Heist,73,PG-13,English,USA,Marc Webb,Roy Conli,Lin-Manuel Miranda,Dwayne Johnson,Auli'i Cravalho,2D,Lucasfilm,301.0,427.2,237.8,115.1,23.2,135.9,291.3,21.1,5.3,31,45,43,976,DisneyNOW,1997-02-14,No,0,0,0,61,0,No,Hans,Woody,No,No,Yes,No,No,No,No,No,No,No,None,Teen,68.3,No,None,No,No,29.1,5.1,2.9,3.5,3.9,8.13,43,No,No,0.0,84.1,747.6,74.3,Low Profit,Average
DIS00318,Pirates of the Caribbean 4,Standalone,1949,1949-02-13,1940s,Disney Channel Original,Adventure,Holiday,143,PG-13,English,UK,Pete Docter,Jason Owen,Thomas Newman,Dwayne Johnson,Kristen Bell,Stop Motion,Walt Disney Animation Studios,136.9,219.7,110.9,47.1,13.3,71.0,148.7,39.1,6.9,61,62,68,3478,Theatrical Only,,No,3,1,1,45,0,No,Ursula,Mal,No,Yes,No,No,No,Yes,No,No,No,No,None,Kids,47.1,No,None,No,No,29.5,6.7,6.2,3.1,2.4,5.59,39,No,No,0.0,14.1,642.6,61.7,Medium Profit,Average
DIS00319,Pocahontas,Standalone,2022,2022-02-12,2020s,Disney Channel Original,Drama,Fairy Tale,174,G,Hindi,UK,Gary Trousdale,John Lasseter,Hans Zimmer,Idris Elba,Zoe Saldana,3D CGI,Marvel Studios,300.3,484.7,281.4,67.5,87.0,273.7,211.0,38.9,7.3,82,72,64,2150,DisneyNOW,2022-08-07,No,2,2,0,39,2,Yes,Dr. Facilier,Carl Fredricksen,No,Yes,No,No,Yes,Yes,No,No,No,No,Marvel Cinematic Universe,Kids,120.9,No,None,No,No,40.2,7.1,8.3,6.7,4.5,7.38,35,No,No,0.0,65.3,533.2,135.8,Medium Profit,Average
DIS00320,Big Hero 6,Big Hero 6,1987,1987-02-04,1980s,Animated,Musical,Coming of Age,74,PG,English,USA,Gary Trousdale,Osnat Shurer,Alan Menken,Tom Holland,Anne Hathaway,Stop Motion,Walt Disney Animation Studios,150.1,340.7,129.1,40.1,17.5,138.5,202.2,101.4,7.3,59,72,74,1605,Disney+ Hotstar,1987-09-11,Yes,2,1,1,70,15,No,Mother Gothel,Hercules,No,No,No,Yes,Yes,No,No,No,Yes,No,None,Teen,83.3,No,None,No,No,25.1,7.3,6.3,2.6,3.7,6.16,25,No,No,22.3,22.3,672.9,171.5,High Profit,Hit
DIS00321,Maleficent,Maleficent,1963,1963-12-06,1960s,Live Action,Comedy,Road Trip,180,G,English,India,Jennifer Lee,Peter Del Vecho,Michael Giacchino,Dwayne Johnson,Halle Bailey,None,Pixar Animation Studios,427.2,721.4,377.0,89.2,67.3,401.9,319.5,54.7,5.0,47,30,47,4181,Disney+,1964-08-02,Yes,0,0,0,70,12,No,Jafar,Hercules,No,No,No,Yes,Yes,No,No,No,No,No,None,Teen,72.0,No,None,No,No,45.6,5.1,4.5,4.7,5.0,4.32,49,Yes,No,34.2,143.9,1857.6,255.2,Medium Profit,Average
DIS00322,The Magic Dreams: Kingdom,The Magic Dreams,1962,1962-09-07,1960s,Short Film,Musical,Time Travel,126,G,English,Canada,Craig Gillespie,Osnat Shurer,Alan Menken,Dwayne Johnson,Emma Watson,Hybrid,Walt Disney Animation Studios,243.2,432.1,184.4,86.2,59.6,173.4,258.7,59.7,6.4,56,59,57,1218,Disney+,1963-08-21,Yes,0,0,0,77,13,No,Scar,Belle,Yes,No,No,Yes,Yes,No,No,No,Yes,No,None,Everyone,108.0,No,None,No,No,36.5,6.5,5.1,3.4,4.0,6.46,34,No,No,16.9,63.8,1123.5,161.5,Medium Profit,Average
DIS00323,WALL-E,WALL-E,1946,1946-06-24,1940s,Disney Channel Original,Fantasy,Time Travel,139,PG-13,English,India,Niki Caro,Yvett Merino,Thomas Newman,Ryan Reynolds,Zendaya,2D,20th Century Studios,382.8,444.1,355.5,119.9,55.4,178.7,265.4,-6.6,6.6,41,57,58,4176,Disney+ Hotstar,1946-10-09,Yes,0,0,0,62,2,No,Ursula,Stitch,No,Yes,Yes,No,No,No,No,No,No,No,None,Kids,102.6,No,None,No,No,33.5,6.6,3.8,2.6,3.3,12.63,33,No,Yes,18.6,64.4,1332.3,-31.3,Loss,Average
DIS00324,The Golden Dreams,The Golden Dreams,1954,1954-03-20,1950s,Short Film,Sci-Fi,Holiday,184,G,English,UK,Kirk Wise,Jared Bush,Michael Giacchino,Jason Segel,Zoe Saldana,Stop Motion,Disneytoon Studios,48.6,103.1,37.2,17.0,11.9,47.1,56.0,90.2,8.9,84,95,95,1887,Disney+,1954-09-05,Yes,4,2,1,57,1,No,Maleficent,Aladdin,No,No,No,No,Yes,Yes,No,No,No,No,None,Everyone,103.1,No,None,No,No,35.1,8.8,8.7,2.5,3.1,3.59,47,No,No,34.8,12.7,288.7,48.9,High Profit,Hit
DIS00325,Kingdom of the North,Kingdom of the North,1961,1961-05-02,1960s,Disney Channel Original,Sci-Fi,Fairy Tale,151,G,English,USA,David Lowery,Kathleen Kennedy,Lin-Manuel Miranda,Jason Segel,Kristen Bell,Stop Motion,Pixar Animation Studios,32.6,59.1,30.0,6.8,10.1,37.0,22.1,60.6,6.2,60,41,51,1977,Theatrical Only,,No,1,0,0,81,6,No,Dr. Facilier,Remy,No,Yes,No,Yes,Yes,Yes,No,No,Yes,No,None,Everyone,45.9,No,None,No,No,21.8,5.9,5.5,1.6,2.3,6.46,19,No,No,0.0,6.7,155.1,22.3,Medium Profit,Average
DIS00326,Tale of the Sea,Tale of the Sea,1994,1994-04-21,1990s,Remake,Fantasy,Holiday,167,PG,English,Japan,John Musker,Roy Conli,Christophe Beck,Idris Elba,Sofia Carson,None,Marvel Studios,274.4,2206.9,218.5,67.0,201.4,901.9,1305.0,673.0,6.6,76,56,58,2311,Disney+,1995-03-29,Yes,0,0,0,44,11,Yes,Ursula,Rapunzel,Yes,Yes,Yes,Yes,Yes,No,Yes,Yes,Yes,No,Marvel Cinematic Universe,Kids,347.2,No,None,Yes,Yes,100.0,6.6,7.6,9.4,9.8,26.75,88,No,No,94.9,428.6,3972.4,1921.4,Massive Profit,Mega Blockbuster
DIS00327,The Golden the North,The Golden the North,1998,1998-12-10,1990s,Remake,Adventure,Holiday,69,G,Multiple,USA,Niki Caro,Kathleen Kennedy,James Newton Howard,Chris Pratt,Angelina Jolie,Hybrid,Walt Disney Animation Studios,374.7,495.2,302.1,97.7,79.4,317.4,177.8,23.9,6.6,55,52,59,1535,Disney+,1999-08-28,Yes,2,1,0,55,11,No,Gaston,Elsa,Yes,Yes,No,Yes,Yes,No,No,Yes,No,No,None,Family,39.3,No,None,No,No,34.1,6.8,5.3,3.4,4.0,10.4,41,Yes,No,36.7,86.3,841.8,95.4,Low Profit,Average
DIS00328,Up (Remake),Up,1999,1999-07-11,1990s,Short Film,Fantasy,Holiday,120,PG,English,India,Pete Docter,Jonas Rivera,Christophe Beck,Johnny Depp,Auli'i Cravalho,Stop Motion,Disney Channel Productions,30.7,54.0,25.4,6.4,6.8,31.9,22.1,69.8,5.2,25,61,54,2642,DisneyNOW,2000-02-19,No,0,0,0,52,15,No,Yzma,Belle,Yes,Yes,Yes,Yes,Yes,Yes,No,No,No,No,None,Kids,15.8,No,None,No,No,11.8,5.2,2.7,1.6,1.4,4.44,7,No,Yes,0.0,7.7,90.5,22.2,Medium Profit,Average
DIS00329,Adventures of the Forest,Standalone,1941,1941-07-18,1940s,Pixar,Animation,Heist,120,PG-13,Multiple,USA,Craig Gillespie,Yvett Merino,Hans Zimmer,Johnny Depp,Emma Watson,3D CGI,Disney Channel Productions,158.6,354.1,148.5,36.1,38.5,204.3,149.8,91.8,7.6,67,70,73,3696,DisneyNOW,1942-05-06,No,1,1,1,30,2,No,Shan Yu,Riley,No,No,Yes,No,No,No,No,No,No,No,None,Everyone,50.6,No,None,No,No,37.3,7.9,6.6,4.8,4.1,2.31,41,No,Yes,0.0,61.7,1106.6,169.5,High Profit,Hit
DIS00330,Pirates of the Caribbean,Pirates of the Caribbean,1962,1962-07-09,1960s,Disney Channel Original,Action,Mystery,70,PG,English,India,Byron Howard,Jonas Rivera,Patrick Doyle,Chris Pratt,Angelina Jolie,Hybrid,Walt Disney Pictures,106.5,815.1,98.0,33.8,72.6,493.0,322.1,518.4,6.8,76,72,67,2367,Disney+,1963-04-15,Yes,1,1,0,91,9,Yes,Gaston,Snow White,Yes,Yes,No,Yes,Yes,Yes,No,No,Yes,No,None,Kids,114.7,No,None,No,No,51.2,7.2,8.4,5.2,4.9,17.4,51,No,Yes,27.3,91.2,2119.3,683.3,Massive Profit,Mega Blockbuster
DIS00331,Oliver & Company,Oliver & Company,1972,1972-09-25,1970s,Animated,Animation,Fairy Tale,68,PG,English,Japan,Byron Howard,Kathleen Kennedy,Michael Giacchino,Robert Downey Jr.,Emma Stone,Hybrid,Disney Channel Productions,161.2,448.1,147.6,39.8,36.6,144.4,303.7,139.1,5.7,43,52,48,3406,Disney+ Hotstar,1973-04-03,Yes,0,0,0,49,1,No,Dr. Facilier,Winnie the Pooh,No,Yes,Yes,No,Yes,No,No,No,No,No,None,Everyone,33.8,No,None,No,No,29.3,5.0,3.6,4.1,3.4,3.89,24,No,No,17.0,89.1,1053.0,260.7,High Profit,Hit
DIS00332,Pinocchio,Pinocchio,1964,1964-01-07,1960s,Remake,Sci-Fi,Mystery,132,PG,English,USA,Marc Webb,Osnat Shurer,Randy Newman,Jason Segel,Anne Hathaway,None,Lucasfilm,343.9,166.7,274.9,129.3,24.4,107.4,59.3,-58.8,7.3,64,64,67,1055,Disney+,1964-10-06,Yes,0,0,0,57,5,No,Yzma,Woody,No,Yes,No,Yes,Yes,No,No,Yes,No,No,None,Kids,40.3,No,None,No,No,24.6,7.6,6.6,2.9,1.2,3.9,32,No,No,7.5,33.3,425.1,-237.5,Loss,Flop
DIS00333,Hercules,Hercules,2025,2025-03-27,2020s,Remake,Sci-Fi,Heist,173,G,English,USA,Byron Howard,Jason Owen,Thomas Newman,Josh Gad,Anne Hathaway,None,Pixar Animation Studios,346.5,1146.9,273.3,70.3,141.4,642.4,504.5,233.8,6.4,56,53,58,4498,Disney+,2025-11-01,Yes,1,2,0,75,14,No,Ursula,Miguel,No,No,Yes,Yes,Yes,No,No,Yes,Yes,No,None,Everyone,218.8,No,None,No,No,63.3,6.6,5.7,7.0,5.6,3.66,66,No,No,52.6,213.6,1175.6,803.3,Massive Profit,Hit
DIS00334,Treasure Planet (Remake),Treasure Planet,1943,1943-11-13,1940s,Short Film,Adventure,Sports,114,PG,English,USA,Gary Trousdale,Jason Owen,Alan Menken,Josh Gad,Lily James,Hybrid,Disneytoon Studios,146.9,405.5,113.5,61.2,21.2,164.0,241.5,132.1,8.1,76,68,87,2325,Disney+,1944-09-26,Yes,7,4,2,48,5,Yes,Mother Gothel,Hiro,No,Yes,Yes,Yes,Yes,No,No,No,Yes,No,None,Family,30.7,No,None,No,No,34.2,8.0,7.4,2.8,4.2,2.04,32,Yes,No,31.1,77.2,1246.9,230.8,High Profit,Hit
DIS00335,The Enchanted Dreams 4,The Enchanted Dreams,2004,2004-06-24,2000s,Short Film,Romance,Road Trip,82,G,English,USA,Marc Webb,Kevin Feige,Thomas Newman,Jason Segel,Auli'i Cravalho,2D,Lucasfilm,205.6,190.5,181.3,63.3,33.8,107.3,83.2,-22.1,8.3,74,78,93,1538,Disney+,2005-02-18,Yes,0,0,0,50,2,No,Gaston,Winnie the Pooh,No,No,Yes,No,Yes,Yes,No,No,Yes,No,None,Kids,84.7,No,None,No,No,28.5,8.5,6.8,3.4,3.3,2.58,37,No,Yes,14.6,30.6,295.3,-54.1,Loss,Average
DIS00336,101 Dalmatians: Chronicles,101 Dalmatians,1958,1958-12-11,1950s,Pixar,Fantasy,Time Travel,178,G,Japanese,USA,Jennifer Lee,Roy Conli,Michael Giacchino,Ewan McGregor,Sofia Carson,3D CGI,20th Century Studios,243.8,431.3,231.1,80.9,42.2,212.2,219.1,38.2,7.6,65,77,84,1475,Disney+,1959-07-21,Yes,2,1,0,60,2,Yes,Hades,Mirabel,No,No,Yes,No,Yes,Yes,No,No,No,No,None,Family,64.9,No,None,No,No,36.1,7.3,6.5,3.7,4.1,7.03,37,Yes,No,28.2,34.8,1164.5,119.3,Medium Profit,Average
DIS00337,The Golden the Forest 2,The Golden the Forest,2009,2009-01-14,2000s,Remake,Animation,Heist,78,PG-13,Multiple,USA,Dean DeBlois,Jared Bush,Lin-Manuel Miranda,Will Smith,Zoe Saldana,Hybrid,Walt Disney Pictures,255.8,420.9,195.8,64.5,25.4,164.9,256.0,61.7,8.7,87,95,85,2499,Disney+,2010-01-27,Yes,4,2,1,53,0,No,Yzma,Moana,Yes,Yes,Yes,No,No,Yes,No,Yes,No,No,None,Teen,47.0,No,None,No,No,44.5,8.5,8.4,6.4,3.9,6.31,47,No,No,41.7,73.4,599.8,160.6,Medium Profit,Average
DIS00338,The Jungle Book 3,Standalone,1952,1952-08-04,1950s,Animated,Animation,Fairy Tale,77,PG,English,India,Craig Gillespie,Jonas Rivera,Lin-Manuel Miranda,Robert Downey Jr.,Sofia Carson,Hybrid,20th Century Studios,353.0,635.5,290.8,103.2,58.4,246.1,389.4,61.3,6.0,39,39,51,682,Disney+,1953-02-21,Yes,0,0,0,45,10,No,Judge Frollo,Elsa,Yes,No,Yes,Yes,Yes,Yes,No,No,No,No,None,Teen,94.1,No,None,No,No,33.4,6.2,3.7,4.2,3.5,8.36,42,No,Yes,37.2,56.8,1811.2,241.5,Medium Profit,Average
DIS00339,The Golden the Realm 4,The Golden the Realm,2025,2025-02-08,2020s,Short Film,Family,Sports,149,PG,English,Canada,John Musker,Roy Conli,Thomas Newman,Ryan Reynolds,Halle Bailey,Stop Motion,Pixar Animation Studios,362.6,2968.9,295.6,97.8,532.6,1768.9,1200.0,654.7,7.7,78,76,72,886,Disney+,2025-08-23,Yes,2,3,0,55,1,Yes,Shan Yu,Stitch,No,Yes,No,No,Yes,No,Yes,No,No,No,None,Family,154.5,Yes,Disney's Animal Kingdom,No,No,100.0,7.4,8.1,9.1,10.0,14.82,91,No,No,77.0,578.6,3043.1,2575.5,Massive Profit,Mega Blockbuster
DIS00340,Mulan,Mulan,2008,2008-10-02,2000s,Remake,Family,Fairy Tale,130,G,English,USA,Chris Buck,Kevin Feige,Lin-Manuel Miranda,Tom Holland,Anne Hathaway,None,Pixar Animation Studios,60.6,327.3,49.4,24.6,45.6,173.4,153.9,342.3,8.0,84,72,72,3070,DisneyNOW,2009-01-06,No,2,1,1,62,15,No,Yzma,Merida,Yes,Yes,Yes,Yes,Yes,No,Yes,Yes,No,No,None,Teen,136.8,No,None,No,No,42.6,7.8,9.6,3.5,6.2,12.82,34,No,No,0.0,38.8,474.6,253.3,Massive Profit,Blockbuster
DIS00341,Enchanted,Enchanted,2015,2015-02-13,2010s,Pixar,Comedy,Coming of Age,158,G,English,USA,Niki Caro,Kathleen Kennedy,Hans Zimmer,Tom Holland,Auli'i Cravalho,3D CGI,Disney Channel Productions,100.7,38.5,92.7,23.7,6.8,23.3,15.2,-66.9,6.4,52,69,62,4166,DisneyNOW,2015-11-11,No,1,1,0,76,5,No,Hades,Cinderella,Yes,No,No,Yes,Yes,Yes,No,No,No,No,None,Family,57.6,No,None,No,No,18.2,6.3,5.4,1.0,1.0,4.89,28,No,No,0.0,7.3,49.1,-77.9,Loss,Flop
DIS00342,Inside Out 2,Inside Out,1987,1987-09-14,1980s,Pixar,Musical,Holiday,140,PG,English,India,Brad Bird,Jared Bush,Christophe Beck,Johnny Depp,Idina Menzel,2D,Lucasfilm,244.1,79.1,190.3,50.5,6.1,31.4,47.7,-67.2,7.0,65,56,69,1823,Theatrical Only,,No,0,0,0,37,10,No,Shan Yu,Carl Fredricksen,No,Yes,No,Yes,Yes,Yes,No,No,Yes,No,None,Teen,28.1,No,None,No,No,29.1,7.3,6.2,5.5,3.1,2.71,32,No,No,0.0,9.5,156.2,-161.7,Loss,Flop
DIS00343,The Enchanted Dreams 4,The Enchanted Dreams,2013,2013-08-10,2010s,Pixar,Fantasy,Holiday,188,G,Multiple,USA,Niki Caro,Jared Bush,Michael Giacchino,Robert Downey Jr.,Lily James,2D,Walt Disney Pictures,176.7,407.2,155.2,46.5,24.9,177.3,229.9,101.9,7.1,49,58,59,3987,Disney+,2014-03-14,Yes,2,1,1,64,1,No,Judge Frollo,Hercules,No,No,Yes,No,Yes,No,No,No,No,No,None,Kids,35.5,No,None,No,No,28.3,7.1,5.9,2.3,3.1,9.93,38,No,Yes,23.2,58.3,539.5,205.5,High Profit,Hit
DIS00344,Lilo & Stitch,Standalone,1985,1985-04-05,1980s,Disney Channel Original,Musical,Buddy Comedy,173,G,English,UK,Nathan Greno,Kevin Feige,Germaine Franco,Dwayne Johnson,Zoe Saldana,2D,Walt Disney Animation Studios,423.0,470.3,352.8,132.8,40.3,220.2,250.1,-3.2,7.2,71,76,73,922,DisneyNOW,1985-10-10,No,0,0,0,81,14,No,Chernabog,Aurora,Yes,No,No,Yes,Yes,No,No,No,No,No,None,Teen,105.0,No,None,No,No,38.9,6.8,7.0,3.3,4.4,2.09,31,No,No,0.0,63.1,952.4,-15.3,Loss,Average
DIS00345,Oliver & Company 2,Oliver & Company,1994,1994-08-24,1990s,Disney Channel Original,Romance,Coming of Age,148,PG,Hindi,India,Dean DeBlois,Jared Bush,Lin-Manuel Miranda,Jason Segel,Kristen Bell,3D CGI,Walt Disney Animation Studios,288.7,461.9,219.3,86.0,70.6,272.3,189.6,51.3,5.9,45,44,49,1549,Disney+,1995-06-15,Yes,0,0,0,36,12,No,None,Cinderella,Yes,No,No,Yes,Yes,No,No,No,No,No,None,Teen,88.6,No,None,No,No,33.7,5.8,3.7,3.9,3.1,11.67,38,No,Yes,20.5,68.7,831.4,156.6,Medium Profit,Average
DIS00346,Bambi 4,Standalone,1958,1958-12-12,1950s,Pixar,Musical,Mystery,165,G,Multiple,USA,Kirk Wise,Jason Owen,Christophe Beck,Tom Holland,Lily James,Stop Motion,Marvel Studios,333.4,2141.0,274.9,108.9,147.6,1010.6,1130.4,457.8,4.3,28,25,39,3860,Disney+,1959-06-17,Yes,0,0,0,58,5,Yes,Scar,Carl Fredricksen,No,Yes,No,Yes,Yes,Yes,No,No,No,No,Marvel Cinematic Universe,Family,155.1,No,None,Yes,No,71.4,4.3,3.5,7.7,6.7,26.39,79,Yes,No,50.1,248.4,5780.7,1757.2,Massive Profit,Blockbuster
DIS00347,Maleficent,Maleficent,1948,1948-09-04,1940s,Pixar,Action,Buddy Comedy,167,PG,English,USA,Nathan Greno,Jonas Rivera,Michael Giacchino,Chris Evans,Zendaya,2D,Marvel Studios,164.7,310.3,153.0,54.6,27.4,171.6,138.7,49.5,6.5,53,72,67,4140,Disney+,1949-08-16,Yes,0,0,0,63,0,Yes,Ursula,Ralph,No,No,No,No,Yes,No,No,No,No,No,Marvel Cinematic Universe,Everyone,67.9,No,None,No,No,29.4,6.8,5.4,3.0,3.1,5.02,31,No,No,17.6,47.6,915.4,102.7,Medium Profit,Average
DIS00348,The Golden Wonders (Remake),Standalone,1945,1945-12-24,1940s,Animated,Family,Coming of Age,113,G,Spanish,Japan,Jennifer Lee,Jonas Rivera,Patrick Doyle,Josh Gad,Zoe Saldana,3D CGI,Marvel Studios,205.0,559.7,181.4,41.7,27.7,192.7,367.0,150.9,6.2,61,48,53,2957,Theatrical Only,,No,0,0,0,50,15,Yes,Scar,Aurora,Yes,Yes,No,Yes,Yes,No,No,No,No,No,Marvel Cinematic Universe,Everyone,119.4,No,None,No,No,44.7,6.4,6.5,4.4,4.3,15.56,52,Yes,No,0.0,103.0,1693.1,336.6,Massive Profit,Hit
DIS00349,The Enchanted the Isles: Legacy,The Enchanted the Isles,1973,1973-07-06,1970s,Live Action,Fantasy,Coming of Age,61,G,English,UK,Jennifer Lee,Osnat Shurer,James Newton Howard,Dwayne Johnson,Auli'i Cravalho,None,Pixar Animation Studios,357.2,1453.4,335.6,111.3,145.9,484.2,969.2,225.2,7.0,71,69,68,732,Theatrical Only,,No,0,0,0,43,2,No,Jafar,Cinderella,Yes,No,Yes,No,Yes,No,No,No,No,No,None,Everyone,200.8,Yes,Disney's Animal Kingdom,No,No,66.7,6.8,6.8,6.9,6.5,13.4,64,No,Yes,0.0,284.5,3379.2,1006.5,Massive Profit,Blockbuster
DIS00350,Kingdom of the Sea,Kingdom of the Sea,1951,1951-02-22,1950s,Disney Channel Original,Family,Mystery,101,G,Multiple,USA,Gary Trousdale,Jonas Rivera,Alan Menken,Ewan McGregor,Idina Menzel,Stop Motion,Pixar Animation Studios,439.8,424.3,417.7,180.1,69.7,242.9,181.4,-29.0,6.8,70,74,66,3306,Disney+,1951-12-28,Yes,0,0,0,86,6,No,Gaston,WALL-E,No,No,No,Yes,Yes,Yes,Yes,No,No,No,None,Family,102.1,No,None,No,No,34.6,6.6,7.0,3.3,4.4,11.26,21,No,No,23.3,45.3,1219.9,-173.5,Loss,Average
DIS00351,WALL-E,WALL-E,1970,1970-01-07,1970s,Short Film,Family,Sports,88,G,English,USA,Byron Howard,Kathleen Kennedy,James Newton Howard,Chris Pratt,Idina Menzel,2D,20th Century Studios,173.8,476.3,148.5,66.5,55.0,187.7,288.6,121.5,6.7,62,53,56,3346,Disney+,1970-11-15,Yes,1,2,1,68,1,No,Maleficent,Pocahontas,Yes,No,Yes,No,Yes,No,No,No,No,Yes,None,Kids,73.6,No,None,No,No,40.5,6.9,5.9,3.5,4.5,2.83,39,No,No,16.6,31.4,1143.1,261.3,High Profit,Hit
DIS00352,Robin Hood,Robin Hood,1955,1955-07-12,1950s,Short Film,Romance,Road Trip,97,PG,French,India,Byron Howard,Jonas Rivera,Michael Giacchino,Robert Downey Jr.,Halle Bailey,Hybrid,Disney Channel Productions,432.3,2566.6,388.5,164.2,245.5,1048.2,1518.4,364.4,6.1,56,53,56,2893,Disney+,1956-03-08,Yes,0,0,0,38,1,No,Hades,Woody,No,Yes,No,No,Yes,No,Yes,No,Yes,No,None,Family,150.4,No,None,No,No,100.0,6.5,4.0,10.0,10.0,18.33,100,No,Yes,38.3,221.4,7122.3,2013.9,Massive Profit,Blockbuster
DIS00353,The Golden Stardust,The Golden Stardust,1952,1952-04-08,1950s,Short Film,Musical,Heist,160,PG,English,USA,Jennifer Lee,Jason Owen,Hans Zimmer,Ewan McGregor,Angelina Jolie,3D CGI,20th Century Studios,103.9,173.2,98.1,32.2,14.1,82.5,90.7,32.9,7.5,65,83,76,3861,Theatrical Only,,No,1,0,0,69,12,No,Captain Hook,Judy Hopps,No,No,No,Yes,Yes,No,No,No,No,No,None,Kids,112.5,No,None,No,No,32.8,7.7,7.1,4.3,5.4,7.16,19,No,No,0.0,15.2,493.6,42.9,Medium Profit,Average
DIS00354,Tale of Stardust (Remake),Tale of Stardust,2022,2022-08-02,2020s,Live Action,Sci-Fi,Holiday,163,G,English,USA,Rob Marshall,Yvett Merino,Thomas Newman,Will Smith,Emma Stone,None,Lucasfilm,258.1,1315.7,240.7,93.5,88.7,485.4,830.3,293.7,8.0,71,68,83,3699,Disney+,2023-06-23,Yes,3,4,1,53,2,No,Dr. Facilier,Woody,No,No,No,No,Yes,No,No,No,No,No,None,Kids,142.7,No,None,Yes,No,60.9,7.9,6.9,7.6,6.5,13.43,50,No,Yes,26.8,130.3,1447.3,981.5,Massive Profit,Blockbuster
DIS00355,National Treasure,National Treasure,1965,1965-01-05,1960s,Short Film,Animation,Sports,163,G,French,India,David Lowery,Kathleen Kennedy,Hans Zimmer,Will Smith,Sofia Carson,Hybrid,Disneytoon Studios,325.6,2182.0,294.8,80.6,395.2,1178.6,1003.4,481.2,7.9,79,79,79,1282,Disney+,1965-04-13,Yes,2,2,0,60,7,No,Hans,Merida,Yes,No,Yes,Yes,Yes,Yes,No,No,Yes,No,None,Kids,177.2,No,None,Yes,No,100.0,8.1,7.8,8.6,10.0,16.4,100,No,No,48.2,173.6,5509.6,1806.6,Massive Profit,Blockbuster
DIS00356,Teen Beach,Teen Beach,2022,2022-12-01,2020s,Pixar,Comedy,Buddy Comedy,105,G,English,USA,Ron Clements,Jonas Rivera,Hans Zimmer,Josh Gad,Auli'i Cravalho,Hybrid,Walt Disney Animation Studios,34.8,163.9,28.4,12.3,15.7,73.0,90.9,302.7,6.8,57,74,66,726,Theatrical Only,,No,0,2,0,77,2,No,Gaston,Hercules,No,Yes,No,No,Yes,No,No,No,No,No,None,Everyone,76.8,No,None,No,No,28.9,6.9,5.5,2.7,1.9,5.53,35,Yes,No,0.0,12.5,180.3,123.2,Massive Profit,Blockbuster
DIS00357,Legend of the Realm: New World,Legend of the Realm,1986,1986-03-05,1980s,Live Action,Sci-Fi,Superhero,151,PG,Multiple,USA,Gary Trousdale,John Lasseter,Alan Menken,Jason Segel,Auli'i Cravalho,None,Walt Disney Animation Studios,315.6,730.1,271.8,71.0,79.7,387.8,342.3,113.0,6.7,57,49,65,3478,Disney+,1986-10-11,Yes,0,0,0,40,0,No,Jafar,Stitch,No,No,Yes,No,Yes,No,No,No,Yes,No,None,Everyone,165.5,No,None,No,No,49.0,6.9,6.4,5.6,5.2,16.33,41,No,No,18.4,104.0,1460.2,387.3,High Profit,Hit
DIS00358,Adventures of the Forest,Adventures of the Forest,1953,1953-07-26,1950s,Pixar,Comedy,Road Trip,150,PG,French,USA,Marc Webb,Jason Owen,Randy Newman,Tom Holland,Emma Stone,Hybrid,Marvel Studios,389.2,547.1,341.4,108.4,110.0,321.4,225.7,21.6,7.1,54,81,62,3067,Disney+ Hotstar,1953-10-05,Yes,0,0,0,71,1,Yes,Dr. Facilier,Judy Hopps,No,Yes,No,No,Yes,No,No,No,Yes,No,Marvel Cinematic Universe,Kids,114.2,No,None,No,No,40.4,7.1,5.4,3.9,4.9,14.22,42,No,Yes,33.0,35.1,1545.6,97.3,Low Profit,Average
DIS00359,Adventures of the Sea,Standalone,2012,2012-07-27,2010s,Live Action,Family,Mystery,75,PG,Hindi,USA,Marc Webb,Kevin Feige,Lin-Manuel Miranda,Chris Evans,Emma Watson,None,20th Century Studios,207.3,220.8,195.6,71.1,36.9,123.5,97.3,-17.2,6.8,64,64,67,1004,DisneyNOW,2013-07-14,No,1,0,0,55,11,No,Scar,Troy Bolton,No,No,No,Yes,Yes,No,No,No,No,No,None,Everyone,54.6,No,None,No,No,32.1,6.3,5.8,3.7,3.0,7.61,28,No,Yes,0.0,12.8,298.1,-45.9,Loss,Average
DIS00360,The Golden Stardust: Secret,The Golden Stardust,1991,1991-11-19,1990s,Disney Channel Original,Comedy,Buddy Comedy,156,PG,English,Japan,Pete Docter,John Lasseter,Christophe Beck,Johnny Depp,Zendaya,2D,Walt Disney Animation Studios,102.7,232.6,81.0,38.9,26.0,140.9,91.7,94.0,6.9,75,67,66,3646,Disney+,1992-05-03,Yes,0,1,0,63,4,Yes,Mother Gothel,Mulan,Yes,No,No,Yes,Yes,No,No,No,No,No,None,Everyone,80.9,No,None,No,No,30.1,6.6,6.9,1.0,1.7,2.82,28,Yes,No,18.2,35.7,436.1,112.7,High Profit,Hit
DIS00361,The Enchanted the Isles,Standalone,1945,1945-12-21,1940s,Disney Channel Original,Fantasy,Mystery,166,G,Japanese,India,Jon Favreau,Kathleen Kennedy,Lin-Manuel Miranda,Jason Segel,Angelina Jolie,2D,Lucasfilm,315.7,529.9,250.3,114.0,51.1,321.2,208.7,45.5,4.9,20,46,38,1088,Disney+,1946-05-07,Yes,0,0,0,58,1,No,Chernabog,Hercules,No,Yes,Yes,No,Yes,No,No,No,No,No,None,Kids,93.4,No,None,No,No,36.3,5.0,1.9,3.1,4.8,10.28,45,Yes,No,19.1,87.5,1602.9,165.6,Medium Profit,Average
DIS00362,The Magic Wonders 3,The Magic Wonders,1955,1955-11-26,1950s,Remake,Family,Coming of Age,180,G,English,USA,Kirk Wise,Yvett Merino,Michael Giacchino,Robert Downey Jr.,Anne Hathaway,None,Pixar Animation Studios,68.0,32.8,61.8,21.3,1.5,11.7,21.1,-60.5,6.1,49,48,66,579,Disney+ Hotstar,1956-09-19,Yes,0,0,0,55,7,No,Captain Hook,Snow White,Yes,No,No,Yes,Yes,No,No,Yes,Yes,No,None,Teen,42.8,No,None,No,No,20.2,5.6,3.8,1.0,2.2,1.74,13,Yes,No,22.3,4.7,91.0,-50.3,Loss,Flop
DIS00363,Tale of Stardust,Standalone,1995,1995-08-23,1990s,Short Film,Sci-Fi,Time Travel,181,PG-13,Spanish,USA,Gary Trousdale,Yvett Merino,Thomas Newman,Idris Elba,Zoe Saldana,Hybrid,Lucasfilm,430.5,4125.6,377.4,145.6,470.6,1804.4,2321.2,688.8,6.3,63,47,68,1693,Disney+,1996-02-01,Yes,2,0,0,66,1,No,Yzma,Mike Wazowski,No,Yes,Yes,No,No,No,No,No,No,No,None,Everyone,343.9,Yes,Shanghai Disneyland,No,No,100.0,6.8,6.6,9.4,9.4,32.25,97,No,Yes,35.8,549.2,7322.9,3602.6,Massive Profit,Mega Blockbuster
DIS00364,Enchanted 2,Standalone,1944,1944-10-08,1940s,Remake,Drama,Buddy Comedy,64,PG,English,UK,Nathan Greno,Roy Conli,Christophe Beck,Robert Downey Jr.,Sofia Carson,2D,Marvel Studios,366.7,1227.6,277.3,150.3,139.4,735.1,492.5,187.1,7.0,55,54,71,2192,Theatrical Only,,No,0,1,0,30,15,Yes,Dr. Facilier,Belle,Yes,Yes,Yes,Yes,Yes,No,No,Yes,No,No,Marvel Cinematic Universe,Kids,153.9,No,None,No,No,59.8,7.4,5.9,5.5,5.7,9.76,66,No,No,0.0,117.9,3744.2,800.0,Massive Profit,Hit
DIS00365,Adventures of the Forest: Adventure,Adventures of the Forest,1948,1948-06-19,1940s,Animated,Adventure,Fairy Tale,181,G,English,India,Byron Howard,Jonas Rivera,Patrick Doyle,Robert Downey Jr.,Emma Watson,Stop Motion,Disney Channel Productions,442.0,2981.9,343.6,160.7,318.0,1731.2,1250.7,491.3,7.1,51,77,78,1935,Theatrical Only,,No,3,3,1,47,1,No,Gaston,Tiana,Yes,Yes,No,No,Yes,No,No,No,Yes,No,None,Teen,228.9,No,None,Yes,Yes,100.0,7.0,4.5,7.6,10.0,11.52,100,No,Yes,0.0,169.6,8796.6,2477.6,Massive Profit,Blockbuster
DIS00366,Adventures of the Isles,Adventures of the Isles,1986,1986-08-26,1980s,Short Film,Animation,Road Trip,156,G,English,USA,David Lowery,Yvett Merino,Lin-Manuel Miranda,Ewan McGregor,Angelina Jolie,Stop Motion,20th Century Studios,253.1,473.1,222.3,96.2,57.0,199.5,273.6,48.5,7.0,57,59,58,1936,Disney+ Hotstar,1987-08-24,Yes,1,1,0,82,4,No,Dr. Facilier,Stitch,No,Yes,Yes,Yes,Yes,No,No,No,No,No,None,Teen,73.5,No,None,No,No,36.0,6.9,6.3,3.5,4.7,3.23,58,No,Yes,17.1,61.9,946.2,154.6,Medium Profit,Average
DIS00367,Moana,Standalone,2016,2016-07-13,2010s,Remake,Fantasy,Road Trip,154,G,English,India,Kirk Wise,Peter Del Vecho,Alan Menken,Dwayne Johnson,Angelina Jolie,Stop Motion,20th Century Studios,288.2,1833.7,270.1,109.6,311.5,939.0,894.7,382.9,4.5,22,33,43,2317,Theatrical Only,,No,0,0,0,91,14,No,Hades,Hiro,No,No,Yes,Yes,Yes,No,No,Yes,No,No,None,Family,106.9,Yes,Disney's Hollywood Studios,Yes,Yes,79.9,4.2,2.3,8.7,7.7,20.45,79,No,Yes,0.0,237.6,2292.1,1454.0,Massive Profit,Blockbuster
DIS00368,Legend of the Forest 4,Legend of the Forest,1991,1991-09-05,1990s,Live Action,Adventure,Coming of Age,82,PG-13,English,India,Brad Bird,Yvett Merino,Michael Giacchino,Will Smith,Anne Hathaway,None,Walt Disney Animation Studios,25.3,88.1,19.1,7.2,5.2,30.2,57.9,235.0,5.1,53,41,39,3136,DisneyNOW,1992-09-03,No,0,0,0,79,10,No,Yzma,Aurora,Yes,Yes,Yes,Yes,No,No,No,No,Yes,No,None,Teen,22.5,No,None,No,No,9.9,5.1,5.8,1.0,1.0,2.25,7,No,No,0.0,16.8,165.2,61.8,Massive Profit,Hit
DIS00369,The Golden the Forest: Adventure,The Golden the Forest,1975,1975-12-24,1970s,Animated,Animation,Mystery,177,PG-13,French,India,Gary Trousdale,John Lasseter,Alan Menken,Jason Segel,Anne Hathaway,Stop Motion,Lucasfilm,90.1,117.2,83.4,38.9,7.9,43.3,73.9,-4.2,6.6,62,63,63,4036,Disney+,1976-08-21,Yes,0,0,0,80,14,No,Mother Gothel,Aurora,Yes,Yes,Yes,Yes,No,No,No,No,Yes,No,None,Everyone,91.5,No,None,No,No,30.5,6.8,6.3,3.0,2.5,8.17,19,Yes,No,12.2,13.2,266.6,-5.1,Loss,Average
DIS00370,The Magic Stardust,The Magic Stardust,2010,2010-06-16,2010s,Short Film,Sci-Fi,Coming of Age,65,G,English,UK,Jon Favreau,Jared Bush,James Newton Howard,Will Smith,Lily James,Stop Motion,Pixar Animation Studios,351.9,2298.5,293.1,127.5,162.6,1105.3,1193.2,446.5,8.0,62,85,84,3555,Disney+,2011-03-21,Yes,3,0,0,52,11,No,Captain Hook,Merida,Yes,Yes,Yes,Yes,Yes,No,No,No,No,No,None,Teen,284.9,Yes,Disney's Animal Kingdom,Yes,No,92.2,8.2,5.8,9.3,8.9,20.1,94,No,Yes,62.9,309.8,3217.9,1877.9,Massive Profit,Blockbuster
DIS00371,The Enchanted Stardust 4,The Enchanted Stardust,1990,1990-05-01,1990s,Remake,Sci-Fi,Buddy Comedy,137,PG-13,English,India,Gary Trousdale,Roy Conli,James Newton Howard,Idris Elba,Emma Watson,None,Disneytoon Studios,239.6,58.9,199.6,68.0,3.3,25.6,33.3,-78.0,6.2,65,43,68,2194,Disney+,1990-08-15,Yes,1,0,0,28,1,No,Judge Frollo,Bob Parr,No,Yes,Yes,No,No,No,No,Yes,No,No,None,Everyone,58.4,No,None,No,No,25.5,6.1,6.5,2.1,2.5,6.12,21,No,No,29.1,10.6,111.9,-208.7,Loss,Flop
DIS00372,The Magic Wonders: Adventure,The Magic Wonders,2014,2014-04-25,2010s,Pixar,Family,Road Trip,145,PG-13,Japanese,USA,Pete Docter,Osnat Shurer,Lin-Manuel Miranda,Josh Gad,Halle Bailey,3D CGI,Disney Channel Productions,49.2,198.3,44.4,10.9,36.4,121.5,76.8,258.6,7.7,79,78,87,2458,DisneyNOW,2015-01-01,No,3,1,0,76,9,No,Judge Frollo,Snow White,Yes,Yes,Yes,Yes,No,No,No,No,No,No,None,Kids,37.5,No,None,No,No,42.4,7.6,8.0,4.3,4.4,11.23,43,No,No,0.0,16.5,257.8,143.0,Massive Profit,Blockbuster
DIS00373,Legend of the Sea 3,Legend of the Sea,2011,2011-11-13,2010s,Pixar,Sci-Fi,Sports,176,PG-13,English,Japan,Chris Buck,Kevin Feige,Lin-Manuel Miranda,Robert Downey Jr.,Halle Bailey,Hybrid,Walt Disney Pictures,175.6,178.3,155.3,55.8,14.7,65.4,112.9,-15.5,7.2,70,57,77,3582,Disney+ Hotstar,2012-06-04,Yes,0,1,0,60,0,No,Gaston,Tarzan,No,No,No,No,No,Yes,No,No,No,Yes,None,Family,106.6,No,None,No,No,38.6,7.8,7.3,4.0,2.8,8.1,32,Yes,No,24.4,13.5,245.2,-32.8,Loss,Average
DIS00374,WALL-E: Return,WALL-E,2016,2016-06-04,2010s,Pixar,Drama,Holiday,175,G,Japanese,UK,Dean DeBlois,Jason Owen,Germaine Franco,Will Smith,Emma Watson,2D,Walt Disney Pictures,439.6,1520.7,397.7,126.6,192.1,563.2,957.5,190.0,5.6,36,50,48,720,Disney+,2017-05-07,Yes,0,0,0,47,9,No,None,Cinderella,Yes,No,No,Yes,Yes,No,No,No,No,No,None,Teen,183.7,No,None,No,No,58.1,6.1,3.8,6.2,6.2,9.96,60,No,Yes,23.4,145.3,1900.9,996.4,Massive Profit,Hit
DIS00375,Adventures of the Forest: Journey,Standalone,2002,2002-02-09,2000s,Short Film,Comedy,Coming of Age,139,G,English,USA,Niki Caro,Yvett Merino,James Newton Howard,Josh Gad,Auli'i Cravalho,Hybrid,Lucasfilm,224.6,279.4,211.3,69.2,21.5,138.4,141.0,-0.4,7.4,63,67,69,3726,Disney+ Hotstar,2003-03-02,Yes,1,0,0,75,7,No,None,Cinderella,Yes,No,No,Yes,Yes,No,No,No,No,No,None,Teen,27.8,No,None,No,No,33.8,7.8,6.4,2.5,2.6,4.23,46,No,No,36.6,16.3,447.0,-1.1,Loss,Average
DIS00376,Peter Pan,Peter Pan,1966,1966-10-04,1960s,Remake,Romance,Coming of Age,73,PG-13,English,USA,Byron Howard,Yvett Merino,Germaine Franco,Jason Segel,Idina Menzel,None,Disneytoon Studios,264.2,1131.0,216.0,96.4,109.4,347.2,783.8,262.0,5.5,40,50,60,3450,Disney+,1967-09-24,Yes,0,0,0,53,1,Yes,Chernabog,Bob Parr,No,Yes,No,No,No,No,No,Yes,No,No,None,Everyone,113.7,No,None,No,No,45.7,5.7,4.1,3.6,4.3,16.49,41,No,No,37.2,162.7,2827.5,818.6,Massive Profit,Blockbuster
DIS00377,The Magic Wonders,The Magic Wonders,2011,2011-09-03,2010s,Pixar,Musical,Sports,164,PG,English,USA,Rich Moore,Kathleen Kennedy,James Newton Howard,Dwayne Johnson,Anne Hathaway,Stop Motion,Disneytoon Studios,248.2,431.0,201.9,101.1,76.6,258.0,173.0,42.2,6.3,57,64,59,1967,Theatrical Only,,No,1,0,0,87,6,No,Mother Gothel,Judy Hopps,No,No,Yes,Yes,Yes,No,No,No,No,Yes,None,Teen,51.8,No,None,No,No,28.9,6.4,5.2,4.7,3.3,10.04,21,No,No,0.0,85.6,592.6,128.0,Medium Profit,Average
DIS00378,Kingdom of the North 4,Kingdom of the North,1941,1941-01-20,1940s,Live Action,Animation,Fairy Tale,181,PG,English,India,John Musker,Yvett Merino,Michael Giacchino,Tom Holland,Zendaya,None,Walt Disney Pictures,201.5,241.8,174.0,47.6,20.9,89.6,152.2,9.1,6.3,59,57,54,812,Disney+,1941-08-11,Yes,1,1,1,34,10,No,Captain Hook,Cinderella,Yes,Yes,Yes,Yes,Yes,No,No,No,Yes,No,None,Everyone,27.7,No,None,No,No,31.0,6.1,5.2,2.2,2.9,4.93,39,No,No,36.7,42.4,755.6,20.2,Low Profit,Average
DIS00379,National Treasure,National Treasure,1991,1991-12-10,1990s,Disney Channel Original,Adventure,Buddy Comedy,92,PG-13,Hindi,India,Kirk Wise,Peter Del Vecho,Christophe Beck,Dwayne Johnson,Lily James,Stop Motion,Walt Disney Pictures,70.5,26.4,63.3,20.6,2.1,12.5,13.9,-68.5,5.6,47,35,55,3015,DisneyNOW,1992-05-14,No,0,0,0,63,10,No,Maleficent,Cinderella,Yes,No,Yes,Yes,No,No,No,No,No,No,None,Family,41.0,No,None,No,No,24.3,5.9,4.5,1.0,1.4,2.71,36,Yes,No,0.0,2.6,49.5,-57.5,Loss,Flop
DIS00380,Toy Story,Toy Story,2015,2015-12-04,2010s,Live Action,Fantasy,Superhero,72,G,English,USA,John Musker,Kathleen Kennedy,Hans Zimmer,Chris Evans,Lily James,None,Disney Channel Productions,71.9,157.9,59.3,25.6,10.1,59.5,98.4,86.0,6.3,50,48,54,3261,Disney+,2016-10-14,Yes,1,1,0,49,2,Yes,Jafar,Woody,No,No,Yes,No,Yes,Yes,No,No,No,No,None,Kids,38.0,No,None,No,No,25.3,6.2,5.4,2.9,2.4,7.07,24,Yes,No,19.1,8.8,201.3,73.0,High Profit,Hit
DIS00381,The Golden Stardust,The Golden Stardust,1976,1976-05-20,1970s,Pixar,Animation,Buddy Comedy,71,G,English,USA,Jennifer Lee,Roy Conli,Randy Newman,Ewan McGregor,Zendaya,3D CGI,Disneytoon Studios,273.7,1168.9,257.8,115.8,111.9,365.8,803.1,212.9,6.3,59,48,59,1637,Disney+,1977-04-19,Yes,0,1,0,66,0,No,Gaston,Judy Hopps,No,Yes,Yes,No,Yes,No,No,No,No,No,None,Teen,161.2,No,None,Yes,No,57.0,6.2,5.3,7.1,6.0,4.9,49,No,No,48.9,213.1,2630.0,795.3,Massive Profit,Blockbuster
DIS00382,The Little Mermaid,The Little Mermaid,2009,2009-11-22,2000s,Pixar,Fantasy,Sports,165,PG,English,USA,Jennifer Lee,Roy Conli,Alan Menken,Idris Elba,Zendaya,3D CGI,Lucasfilm,426.5,1977.7,334.0,185.1,351.8,1177.7,800.0,281.0,7.1,55,74,80,995,Disney+,2010-02-02,Yes,0,1,0,65,10,Yes,Maleficent,Ariel,Yes,No,Yes,Yes,Yes,Yes,No,No,No,No,None,Family,160.0,Yes,Shanghai Disneyland,No,No,83.2,7.0,5.4,9.3,7.6,14.77,70,Yes,No,29.5,233.8,2818.2,1458.6,Massive Profit,Blockbuster
DIS00383,Robin Hood,Robin Hood,2002,2002-04-03,2000s,Pixar,Romance,Fairy Tale,187,PG,Multiple,USA,Kirk Wise,Jared Bush,Lin-Manuel Miranda,Will Smith,Anne Hathaway,3D CGI,Disney Channel Productions,145.2,146.8,125.7,38.7,14.4,52.1,94.7,-10.7,6.7,55,51,64,4203,Disney+,2002-08-25,Yes,2,0,0,45,10,No,Hans,Cinderella,Yes,Yes,No,Yes,Yes,No,No,No,Yes,No,None,Everyone,55.5,No,None,No,No,21.3,6.8,4.9,3.0,2.4,1.1,30,No,No,12.0,25.8,234.9,-17.6,Loss,Average
DIS00384,The Rescuers,The Rescuers,1938,1938-09-07,1930s,Animated,Drama,Fairy Tale,177,PG,English,UK,Craig Gillespie,Kevin Feige,Hans Zimmer,Ryan Reynolds,Lily James,2D,Disney Channel Productions,364.6,945.9,295.2,152.7,200.9,597.0,348.9,111.2,6.1,58,58,61,3205,Disney+,1938-11-18,Yes,1,0,0,57,0,Yes,Mother Gothel,Mal,No,No,Yes,No,Yes,Yes,No,No,Yes,No,None,Family,89.8,No,None,No,No,59.2,6.1,6.2,6.4,7.1,22.16,48,No,No,32.0,88.8,3026.9,498.0,High Profit,Hit
DIS00385,Sister Act 3,Sister Act,1999,1999-10-25,1990s,Remake,Action,Road Trip,153,PG-13,English,USA,Dean DeBlois,Yvett Merino,Michael Giacchino,Chris Evans,Zoe Saldana,None,20th Century Studios,164.6,319.5,147.1,65.7,21.8,124.0,195.5,50.1,6.9,69,52,57,1180,DisneyNOW,2000-02-04,No,0,1,0,48,0,No,Shan Yu,Mal,No,No,Yes,No,No,No,No,Yes,No,No,None,Kids,60.9,No,None,No,No,37.0,6.6,6.9,2.8,3.8,14.2,47,No,No,0.0,61.1,535.2,106.7,Medium Profit,Average
DIS00386,Kingdom of the Forest: Return,Kingdom of the Forest,2021,2021-05-13,2020s,Disney Channel Original,Romance,Buddy Comedy,127,PG,Hindi,USA,Chris Buck,Yvett Merino,Randy Newman,Ryan Reynolds,Zendaya,Hybrid,Pixar Animation Studios,218.3,1047.2,178.3,79.7,52.1,355.7,691.5,305.9,8.5,73,78,82,2952,Disney+,2021-11-10,Yes,1,2,1,51,4,Yes,Judge Frollo,Rapunzel,Yes,Yes,Yes,Yes,Yes,No,No,No,No,No,None,Teen,140.6,No,None,Yes,Yes,59.0,8.6,7.5,7.9,6.8,4.95,52,No,No,61.6,70.9,1178.1,789.2,Massive Profit,Blockbuster
DIS00387,Spirit of the Realm: New World,Spirit of the Realm,1971,1971-09-21,1970s,Disney Channel Original,Romance,Mystery,67,PG-13,English,USA,Nathan Greno,Kathleen Kennedy,Hans Zimmer,Johnny Depp,Lily James,Hybrid,Marvel Studios,403.5,495.5,356.9,153.1,54.1,269.5,226.0,-2.8,7.5,82,61,71,584,Disney+ Hotstar,1972-10-23,Yes,3,0,0,75,2,Yes,Gaston,Simba,No,No,No,No,No,Yes,No,No,No,No,Marvel Cinematic Universe,Kids,97.4,No,None,No,No,37.2,7.5,8.5,5.0,3.3,3.52,36,No,No,25.9,84.1,1176.8,-14.5,Loss,Average
DIS00388,Cars: Legacy,Cars,1947,1947-12-04,1940s,Animated,Sci-Fi,Coming of Age,72,PG-13,English,Canada,Byron Howard,Peter Del Vecho,James Newton Howard,Ewan McGregor,Kristen Bell,2D,20th Century Studios,426.0,1840.3,363.7,88.9,273.4,816.9,1023.4,306.6,8.3,83,76,82,3903,Theatrical Only,,No,2,0,0,65,2,No,Captain Hook,Hiro,No,No,No,No,No,No,No,No,No,No,None,Everyone,283.0,No,None,No,No,93.8,8.7,8.9,9.8,7.6,34.85,100,Yes,No,0.0,192.3,5474.9,1387.7,Massive Profit,Blockbuster
DIS00389,Peter Pan,Peter Pan,1959,1959-08-21,1950s,Disney Channel Original,Drama,Road Trip,126,PG,French,USA,Rob Marshall,Jared Bush,Hans Zimmer,Chris Pratt,Lily James,Stop Motion,Disney Channel Productions,142.3,1022.8,123.3,44.9,107.9,637.4,385.4,508.1,4.7,26,41,39,2533,Disney+,1960-05-03,Yes,0,0,0,51,0,No,Scar,Woody,No,No,Yes,No,Yes,No,No,No,No,Yes,None,Family,38.1,No,None,No,No,43.6,5.2,1.9,4.7,4.2,5.48,37,No,Yes,34.9,116.2,2736.0,854.6,Massive Profit,Mega Blockbuster
DIS00390,The Parent Trap 3,The Parent Trap,1987,1987-02-18,1980s,Remake,Musical,Fairy Tale,113,PG,English,Japan,Dean DeBlois,Kathleen Kennedy,James Newton Howard,Robert Downey Jr.,Lily James,None,20th Century Studios,19.1,66.9,18.0,4.8,7.3,38.6,28.3,193.4,6.5,61,55,49,1560,Disney+,1987-05-01,Yes,0,0,0,68,13,No,Hades,Winnie the Pooh,No,No,No,Yes,Yes,Yes,No,Yes,No,No,None,Kids,21.8,No,None,No,No,26.9,6.9,5.8,2.5,2.4,5.21,14,No,No,28.6,4.8,132.1,44.1,Massive Profit,Hit
DIS00391,Cruella,Cruella,1987,1987-03-21,1980s,Disney Channel Original,Musical,Holiday,140,PG,English,Canada,Andrew Stanton,Yvett Merino,Alan Menken,Chris Evans,Auli'i Cravalho,2D,Walt Disney Pictures,342.1,1695.4,258.9,120.4,290.0,968.0,727.4,347.0,7.5,69,65,71,1864,Theatrical Only,,No,3,1,1,96,14,No,Yzma,Simba,No,Yes,No,Yes,Yes,No,No,No,Yes,No,None,Teen,224.4,Yes,Tokyo Disneyland,Yes,No,75.7,7.4,6.0,8.7,7.7,14.64,80,No,No,0.0,161.5,3348.4,1316.1,Massive Profit,Blockbuster
DIS00392,Pocahontas 4,Pocahontas,1998,1998-06-01,1990s,Animated,Action,Heist,163,PG-13,English,USA,Lee Unkrich,Jonas Rivera,Randy Newman,Robert Downey Jr.,Halle Bailey,2D,Pixar Animation Studios,398.5,2761.0,300.2,141.4,554.1,1682.2,1078.8,525.2,7.4,67,77,73,4412,Theatrical Only,,No,2,2,0,79,0,No,Jafar,Nemo,No,Yes,No,No,No,No,No,No,No,Yes,None,Family,348.0,Yes,Magic Kingdom,No,No,100.0,7.4,6.3,10.0,9.3,28.15,91,No,Yes,0.0,208.7,4693.7,2319.4,Massive Profit,Blockbuster
DIS00393,The Magic Wonders,The Magic Wonders,2007,2007-05-25,2000s,Disney Channel Original,Action,Time Travel,186,PG,English,USA,Dean DeBlois,Roy Conli,Alan Menken,Ryan Reynolds,Emma Stone,Hybrid,Disneytoon Studios,58.6,182.2,50.2,22.8,11.0,79.6,102.6,149.6,7.5,66,74,72,1900,Disney+ Hotstar,2007-11-21,Yes,2,0,0,47,7,Yes,None,Ariel,Yes,Yes,Yes,Yes,Yes,No,No,No,No,No,None,Family,82.1,No,None,No,No,31.3,7.5,7.1,4.4,3.6,12.07,31,No,No,12.7,21.6,268.7,109.2,High Profit,Hit
DIS00394,The Magic the Isles 2,The Magic the Isles,2027,2027-03-11,2020s,Remake,Family,Fairy Tale,91,PG,English,Japan,Pete Docter,Osnat Shurer,Hans Zimmer,Idris Elba,Zendaya,Stop Motion,Lucasfilm,225.2,324.2,169.5,101.3,39.9,173.0,151.2,19.7,5.9,39,51,50,0,Theatrical Only,,No,0,0,0,40,1,No,Scar,Ralph,No,Yes,No,No,Yes,No,No,Yes,No,No,None,Everyone,91.9,No,None,No,No,37.0,5.6,3.6,4.1,3.2,4.42,39,No,No,0.0,32.0,324.2,53.4,Low Profit,Average
DIS00395,Tale of Stardust 3,Tale of Stardust,2007,2007-04-12,2000s,Short Film,Romance,Buddy Comedy,150,PG,English,India,John Musker,Jonas Rivera,Christophe Beck,Tom Holland,Zoe Saldana,Stop Motion,Lucasfilm,328.9,1630.3,280.7,115.6,222.3,849.9,780.4,311.4,5.3,38,31,42,602,Disney+,2007-12-29,Yes,0,0,0,39,2,No,Hans,Tarzan,No,Yes,No,No,Yes,Yes,No,No,No,No,None,Everyone,94.3,No,None,No,No,71.6,5.1,4.0,5.8,6.7,11.83,82,No,No,44.0,145.1,2404.7,1234.0,Massive Profit,Blockbuster
DIS00396,Adventures of Dreams: Secret,Adventures of Dreams,1962,1962-11-25,1960s,Short Film,Drama,Fairy Tale,159,PG-13,English,USA,Marc Webb,Osnat Shurer,Randy Newman,Robert Downey Jr.,Sofia Carson,Hybrid,Lucasfilm,45.0,178.9,37.1,18.9,31.1,90.7,88.2,219.5,7.0,75,77,73,3201,Theatrical Only,,No,1,1,1,44,1,No,Judge Frollo,Moana,Yes,No,No,No,No,No,Yes,No,No,No,None,Family,58.4,No,None,No,No,33.6,7.3,7.9,3.8,4.4,12.9,55,Yes,No,0.0,25.9,465.1,122.9,Massive Profit,Hit
DIS00397,Maleficent,Maleficent,1999,1999-02-05,1990s,Pixar,Sci-Fi,Fairy Tale,124,G,Spanish,UK,John Musker,Jared Bush,Christophe Beck,Tom Holland,Zoe Saldana,3D CGI,Disney Channel Productions,28.3,64.4,23.0,11.6,6.3,20.5,43.9,86.1,6.8,56,57,66,1228,Disney+,1999-09-03,Yes,2,2,1,24,1,No,Mother Gothel,Mulan,Yes,Yes,No,No,Yes,Yes,No,No,No,No,None,Teen,91.6,No,None,No,No,27.1,6.9,5.6,1.8,2.9,6.07,14,No,No,15.8,3.2,107.9,29.8,High Profit,Hit
DIS00398,Tale of the Realm,Tale of the Realm,1961,1961-02-20,1960s,Live Action,Adventure,Fairy Tale,113,G,English,UK,Nathan Greno,Osnat Shurer,Patrick Doyle,Chris Pratt,Emma Stone,None,Walt Disney Animation Studios,292.1,488.3,232.7,73.7,58.3,315.4,172.9,59.4,5.2,38,34,39,3237,Disney+,1961-10-31,Yes,0,0,0,59,6,No,Chernabog,Snow White,Yes,Yes,Yes,Yes,Yes,No,No,No,No,No,None,Kids,105.8,No,None,No,No,39.5,5.4,3.7,5.4,3.7,10.49,36,No,No,36.8,57.8,1281.8,181.9,Medium Profit,Average
DIS00399,The Incredibles,The Incredibles,1939,1939-11-10,1930s,Pixar,Musical,Sports,69,G,Japanese,India,Jon Favreau,Kevin Feige,Hans Zimmer,Ryan Reynolds,Auli'i Cravalho,Stop Motion,Pixar Animation Studios,441.0,152.4,393.2,97.6,13.2,85.1,67.3,-68.9,7.7,69,78,85,4296,Theatrical Only,,No,2,1,0,82,6,No,Judge Frollo,Bob Parr,No,Yes,No,Yes,Yes,No,No,No,Yes,No,None,Kids,78.9,No,None,No,No,39.7,7.4,6.6,5.3,4.3,11.91,29,Yes,No,0.0,24.0,483.9,-338.4,Loss,Flop
DIS00400,Star Wars 3,Standalone,2015,2015-09-19,2010s,Disney Channel Original,Fantasy,Superhero,152,G,Spanish,USA,David Lowery,Roy Conli,Patrick Doyle,Johnny Depp,Lily James,2D,Marvel Studios,448.1,767.8,421.0,161.8,83.8,240.2,527.6,31.7,6.3,70,54,56,2016,Disney+ Hotstar,2016-08-26,Yes,0,0,0,61,1,Yes,Hans,Nemo,No,Yes,Yes,No,Yes,No,Yes,No,No,No,Marvel Cinematic Universe,Everyone,73.6,No,None,No,No,43.4,5.9,7.4,4.0,5.1,11.8,41,No,No,48.2,127.4,978.9,185.0,Medium Profit,Average
DIS00401,Tale of the Realm: Beyond,Tale of the Realm,2014,2014-07-20,2010s,Live Action,Adventure,Fairy Tale,137,G,English,Japan,Brad Bird,Roy Conli,Alan Menken,Josh Gad,Anne Hathaway,None,Disneytoon Studios,432.4,2689.5,390.6,132.3,208.4,1270.6,1418.9,414.3,5.5,52,37,54,2194,DisneyNOW,2015-02-17,No,0,0,0,42,0,Yes,Jafar,Riley,No,Yes,No,No,Yes,No,No,No,No,No,None,Everyone,312.6,No,None,No,No,100.0,5.9,4.3,10.0,9.3,29.52,95,No,Yes,0.0,260.6,3496.3,2166.6,Massive Profit,Blockbuster
DIS00402,The Little Mermaid: Journey,The Little Mermaid,1995,1995-12-27,1990s,Short Film,Comedy,Road Trip,64,PG-13,Hindi,Canada,Dean DeBlois,Yvett Merino,Thomas Newman,Chris Evans,Zoe Saldana,2D,Walt Disney Animation Studios,19.4,159.5,16.1,4.3,27.9,81.1,78.4,681.9,4.9,28,45,52,1196,DisneyNOW,1996-08-04,No,0,0,0,59,1,No,Cruella de Vil,Mirabel,No,No,No,No,No,No,No,No,No,No,None,Everyone,55.6,No,None,No,No,16.5,4.7,2.3,1.0,1.3,5.46,17,Yes,No,0.0,8.7,283.1,139.1,Massive Profit,Mega Blockbuster
DIS00403,Snow White,Snow White,1993,1993-02-09,1990s,Pixar,Family,Buddy Comedy,154,PG,English,India,Ron Clements,Kevin Feige,Lin-Manuel Miranda,Johnny Depp,Halle Bailey,2D,Marvel Studios,207.4,166.9,169.6,51.8,24.0,84.6,82.3,-24.6,8.1,95,81,85,2063,Disney+,1994-02-10,Yes,2,1,1,57,10,Yes,Hades,Mal,No,Yes,Yes,Yes,Yes,Yes,No,No,Yes,No,Marvel Cinematic Universe,Teen,59.4,No,None,No,No,46.1,8.3,9.1,4.7,4.8,16.96,33,No,No,24.0,24.0,304.6,-54.5,Loss,Flop
DIS00404,101 Dalmatians 2,101 Dalmatians,2004,2004-10-15,2000s,Short Film,Action,Coming of Age,93,G,English,India,Dean DeBlois,Jared Bush,Christophe Beck,Jason Segel,Emma Stone,2D,Walt Disney Pictures,420.4,1779.3,349.5,91.2,170.6,586.6,1192.7,303.7,7.3,76,64,67,2775,DisneyNOW,2005-10-23,No,0,1,0,56,10,No,Ursula,Mike Wazowski,No,Yes,Yes,Yes,Yes,Yes,No,No,No,No,None,Everyone,128.9,No,None,No,No,79.0,7.6,7.6,6.1,7.2,10.78,76,No,No,0.0,231.0,2757.9,1338.6,Massive Profit,Blockbuster
DIS00405,The Magic the Isles: Rises,The Magic the Isles,1991,1991-06-01,1990s,Animated,Fantasy,Holiday,152,PG,English,Japan,Pete Docter,Peter Del Vecho,Christophe Beck,Ewan McGregor,Kristen Bell,2D,Walt Disney Pictures,228.6,206.1,203.8,83.6,19.0,86.0,120.1,-28.3,6.9,67,65,66,3447,Disney+,1992-03-06,Yes,2,1,0,49,1,No,Gaston,WALL-E,No,Yes,Yes,No,Yes,No,No,No,Yes,No,None,Teen,19.4,No,None,No,No,23.1,6.5,5.6,3.2,2.8,8.27,13,No,Yes,12.4,20.7,386.4,-81.3,Loss,Average
DIS00406,The Rescuers: Secret,The Rescuers,1943,1943-11-05,1940s,Disney Channel Original,Fantasy,Road Trip,159,G,English,Canada,Andrew Stanton,Jonas Rivera,Hans Zimmer,Chris Pratt,Angelina Jolie,3D CGI,Disney Channel Productions,209.8,68.0,163.3,74.5,13.0,42.1,25.9,-71.4,6.3,62,55,52,3305,Theatrical Only,,No,1,0,0,64,2,No,Cruella de Vil,Simba,No,No,Yes,No,Yes,No,Yes,No,No,No,None,Kids,37.8,No,None,No,No,23.1,6.4,5.8,1.5,3.3,9.11,27,Yes,No,0.0,8.2,209.1,-169.8,Loss,Flop
DIS00407,Tale of Stardust,Tale of Stardust,1952,1952-04-14,1950s,Disney Channel Original,Comedy,Road Trip,102,PG,English,Japan,Niki Caro,Jared Bush,James Newton Howard,Johnny Depp,Idina Menzel,2D,Disneytoon Studios,227.8,276.4,183.1,82.5,30.1,138.1,138.3,4.1,6.7,55,70,64,672,Disney+,1953-02-04,Yes,2,1,0,61,8,No,Jafar,Elsa,Yes,No,No,Yes,Yes,Yes,No,No,No,No,None,Everyone,55.0,No,None,No,No,25.7,6.4,5.6,2.1,1.4,6.77,25,No,No,21.2,40.2,787.7,10.8,Low Profit,Average
DIS00408,The Princess and the Frog 2,The Princess and the Frog,1960,1960-04-26,1960s,Disney Channel Original,Sci-Fi,Buddy Comedy,159,G,English,UK,Andrew Stanton,Osnat Shurer,Lin-Manuel Miranda,Dwayne Johnson,Emma Stone,3D CGI,Marvel Studios,336.8,344.5,312.7,109.5,51.5,211.8,132.7,-18.4,8.0,85,75,91,3616,Theatrical Only,,No,3,0,0,74,15,Yes,Mother Gothel,Tarzan,No,No,No,Yes,Yes,No,No,No,Yes,No,Marvel Cinematic Universe,Everyone,34.7,No,None,No,No,38.5,7.9,9.2,2.8,4.1,8.15,34,No,No,0.0,38.9,912.9,-77.7,Loss,Average
DIS00409,High School Musical: Awakens,High School Musical,1971,1971-05-08,1970s,Disney Channel Original,Fantasy,Coming of Age,144,G,English,India,Lee Unkrich,Yvett Merino,James Newton Howard,Robert Downey Jr.,Zoe Saldana,Hybrid,Pixar Animation Studios,401.6,1322.2,366.8,96.9,94.8,720.1,602.1,185.1,5.6,32,34,61,727,Disney+,1971-08-05,Yes,0,0,0,68,11,No,Gaston,Riley,No,No,Yes,Yes,Yes,No,No,No,No,Yes,None,Everyone,131.5,No,None,Yes,Yes,57.0,5.6,3.3,4.4,6.0,8.39,59,No,No,32.7,143.2,3140.2,858.5,Massive Profit,Hit
DIS00410,Tale of the Realm (Remake),Tale of the Realm,1970,1970-02-21,1970s,Short Film,Action,Time Travel,180,G,English,USA,Rob Marshall,Yvett Merino,Randy Newman,Josh Gad,Angelina Jolie,2D,Walt Disney Animation Studios,427.4,1414.2,361.5,158.2,106.7,703.4,710.8,172.1,9.4,100,95,95,3153,Disney+,1971-01-27,Yes,1,0,0,70,12,No,Shan Yu,Ralph,No,Yes,No,Yes,Yes,No,No,No,No,No,None,Everyone,101.0,Yes,Disney California Adventure,Yes,Yes,76.3,9.6,10.0,7.1,7.3,9.86,83,No,No,31.5,130.4,3394.1,894.5,Massive Profit,Hit
DIS00411,Legend of Wonders,Legend of Wonders,2023,2023-06-23,2020s,Remake,Fantasy,Road Trip,72,G,English,Canada,Nathan Greno,John Lasseter,Hans Zimmer,Ryan Reynolds,Sofia Carson,None,Disney Channel Productions,358.0,2383.3,292.7,94.4,123.1,801.3,1582.0,515.7,7.3,62,68,79,3558,Disney+,2024-07-22,Yes,0,0,0,27,2,No,Jafar,Riley,No,No,Yes,No,Yes,No,No,Yes,No,No,None,Kids,247.4,No,None,No,No,100.0,7.2,6.5,10.0,10.0,38.96,100,No,Yes,63.8,283.8,2562.0,1996.2,Massive Profit,Blockbuster
DIS00412,Tangled (Remake),Tangled,1976,1976-02-11,1970s,Live Action,Sci-Fi,Road Trip,93,PG,Hindi,UK,Brad Bird,Roy Conli,Thomas Newman,Idris Elba,Angelina Jolie,None,Disney Channel Productions,325.9,2267.5,260.9,133.7,200.7,1337.3,930.2,474.6,9.3,100,95,99,3902,Theatrical Only,,No,1,1,0,27,6,No,Hans,Rapunzel,Yes,No,No,Yes,Yes,No,No,No,No,Yes,None,Family,122.0,No,None,No,No,100.0,9.3,9.8,8.6,8.8,6.3,95,No,No,0.0,212.8,5101.9,1872.9,Massive Profit,Blockbuster
DIS00413,Teen Beach: Secret,Teen Beach,2006,2006-05-10,2000s,Animated,Comedy,Fairy Tale,74,G,English,India,Brad Bird,John Lasseter,Germaine Franco,Chris Pratt,Kristen Bell,Hybrid,Walt Disney Animation Studios,443.2,1189.9,411.6,191.4,107.9,566.5,623.4,97.3,5.8,53,56,63,1752,Disney+,2007-02-05,Yes,1,0,0,80,12,No,None,Stitch,No,Yes,No,Yes,Yes,No,Yes,No,No,No,None,Everyone,164.8,No,None,Yes,No,61.0,5.7,5.4,6.0,6.8,16.67,54,No,No,36.0,68.7,1784.9,586.9,High Profit,Hit
DIS00414,Mulan (Remake),Standalone,1966,1966-10-07,1960s,Animated,Fantasy,Buddy Comedy,173,G,English,UK,Rich Moore,John Lasseter,Patrick Doyle,Johnny Depp,Auli'i Cravalho,3D CGI,Walt Disney Animation Studios,11.0,76.4,8.3,4.2,6.9,22.9,53.5,511.2,6.9,63,51,64,3970,Disney+,1967-02-20,Yes,0,0,0,63,2,No,Hades,WALL-E,No,Yes,Yes,No,Yes,Yes,No,No,No,No,None,Kids,58.3,No,None,No,No,32.5,6.9,5.5,4.1,2.9,1.92,21,No,No,19.8,5.2,191.0,63.9,Massive Profit,Blockbuster
DIS00415,Tale of the Isles: Reborn,Tale of the Isles,1953,1953-05-18,1950s,Pixar,Animation,Road Trip,156,PG,English,Japan,Kirk Wise,Roy Conli,Hans Zimmer,Ryan Reynolds,Idina Menzel,2D,Pixar Animation Studios,282.0,1717.3,237.6,105.0,87.2,717.4,999.9,401.3,8.4,82,76,100,4019,Disney+,1953-11-04,Yes,0,0,0,59,4,No,None,Stitch,No,Yes,Yes,Yes,Yes,No,No,No,Yes,No,None,Teen,234.7,Yes,Magic Kingdom,No,No,86.8,8.7,7.8,10.0,8.3,23.81,77,No,No,101.4,161.8,4851.4,1374.7,Massive Profit,Blockbuster
DIS00416,The Magic Wonders,The Magic Wonders,2015,2015-02-19,2010s,Short Film,Romance,Holiday,162,G,Spanish,USA,Pete Docter,Kevin Feige,Thomas Newman,Ryan Reynolds,Emma Watson,2D,Disney Channel Productions,186.3,296.1,156.0,41.3,16.0,90.5,205.6,50.1,6.6,60,66,53,2584,Disney+,2015-11-26,Yes,1,0,0,16,2,No,Chernabog,Pocahontas,Yes,No,No,No,Yes,No,No,No,Yes,No,None,Family,31.7,No,None,No,No,25.8,6.2,5.7,3.4,2.8,5.9,17,No,No,26.2,40.7,377.5,98.8,Medium Profit,Average
DIS00417,Moana,Moana,1990,1990-03-16,1990s,Disney Channel Original,Adventure,Coming of Age,85,PG-13,English,Japan,Andrew Stanton,John Lasseter,Hans Zimmer,Johnny Depp,Lily James,Hybrid,Lucasfilm,354.6,3018.7,271.5,79.9,260.8,1270.7,1748.0,759.0,6.3,45,63,62,2723,Theatrical Only,,No,0,0,0,56,1,Yes,Gaston,Mike Wazowski,No,Yes,No,No,No,No,No,No,Yes,No,None,Kids,132.2,No,None,No,No,100.0,6.4,4.5,10.0,10.0,20.11,93,No,No,0.0,198.0,5735.5,2667.3,Massive Profit,Mega Blockbuster
DIS00418,Brave (Remake),Brave,1996,1996-08-26,1990s,Pixar,Drama,Superhero,184,PG,Hindi,India,Brad Bird,Roy Conli,James Newton Howard,Chris Pratt,Kristen Bell,Hybrid,Disneytoon Studios,434.8,2805.1,389.2,157.2,248.7,952.6,1852.5,413.4,6.0,37,41,59,3303,Disney+ Hotstar,1997-06-17,Yes,0,0,0,69,1,No,Judge Frollo,Troy Bolton,No,No,No,No,Yes,No,No,No,No,No,None,Kids,265.1,Yes,Magic Kingdom,Yes,No,100.0,6.0,4.0,10.0,9.5,39.72,100,No,Yes,114.0,553.7,4908.9,2258.7,Massive Profit,Blockbuster
DIS00419,Wreck-It Ralph,Wreck-It Ralph,1981,1981-12-12,1980s,Remake,Family,Holiday,160,PG,English,USA,Dean DeBlois,Jason Owen,Patrick Doyle,Tom Holland,Halle Bailey,None,20th Century Studios,277.1,1110.7,216.7,91.3,100.3,503.9,606.8,260.6,7.2,72,49,72,654,Disney+,1982-08-30,Yes,2,0,0,68,1,No,None,Ralph,No,No,No,No,Yes,No,No,Yes,No,No,None,Family,150.0,No,None,No,No,64.3,7.7,7.1,5.6,5.7,24.28,82,Yes,No,56.9,201.3,2360.2,802.7,Massive Profit,Blockbuster
DIS00420,Enchanted,Enchanted,2019,2019-09-27,2010s,Live Action,Musical,Superhero,182,PG,English,USA,Craig Gillespie,Kathleen Kennedy,Alan Menken,Idris Elba,Kristen Bell,None,Disney Channel Productions,409.2,240.1,365.2,83.2,24.8,92.0,148.1,-46.5,6.9,58,62,73,3247,Disney+,2020-06-16,Yes,1,0,0,67,14,No,Dr. Facilier,Mirabel,No,Yes,No,Yes,Yes,No,No,No,No,No,None,Teen,72.1,No,None,No,No,29.0,6.7,5.5,2.4,3.3,6.95,35,No,No,29.5,26.2,282.1,-208.3,Loss,Flop
DIS00421,Tangled 4,Tangled,1957,1957-10-18,1950s,Pixar,Romance,Buddy Comedy,176,PG,English,India,Rich Moore,John Lasseter,Lin-Manuel Miranda,Chris Evans,Kristen Bell,Hybrid,Lucasfilm,44.8,36.3,37.9,13.4,2.2,16.3,20.0,-29.2,6.6,50,62,71,2237,Disney+,1958-11-08,Yes,0,1,0,66,0,Yes,Dr. Facilier,Mal,No,No,Yes,No,Yes,No,No,No,No,No,None,Teen,34.2,No,None,No,No,11.9,6.4,5.0,2.1,2.1,1.45,29,No,No,12.1,7.2,98.9,-15.0,Loss,Flop
DIS00422,The Magic the Forest: Beyond,Standalone,1993,1993-07-01,1990s,Live Action,Adventure,Time Travel,72,G,English,Japan,Craig Gillespie,Kevin Feige,Alan Menken,Chris Pratt,Kristen Bell,None,Walt Disney Animation Studios,388.0,434.1,325.1,164.3,61.1,213.5,220.6,-11.3,5.7,60,51,50,2626,Disney+,1994-07-02,Yes,0,0,0,76,13,Yes,None,Stitch,No,Yes,No,Yes,Yes,No,No,No,No,No,None,Everyone,48.2,No,None,No,No,44.8,6.3,6.3,4.2,4.4,4.64,41,No,Yes,27.2,56.2,792.2,-55.3,Loss,Average
DIS00423,The Golden Dreams,The Golden Dreams,1960,1960-07-22,1960s,Remake,Romance,Heist,171,PG,Multiple,Japan,Andrew Stanton,Kathleen Kennedy,Michael Giacchino,Dwayne Johnson,Emma Watson,3D CGI,Pixar Animation Studios,387.2,947.0,366.1,168.4,110.5,335.2,611.8,77.2,6.8,53,65,77,2014,Theatrical Only,,No,0,2,0,62,2,No,Captain Hook,Simba,No,No,No,No,Yes,No,No,Yes,No,No,None,Family,54.7,No,None,No,No,52.9,6.9,5.2,5.1,5.4,20.58,55,No,Yes,0.0,186.6,2509.6,412.5,High Profit,Hit
DIS00424,Treasure Planet,Treasure Planet,1940,1940-09-26,1940s,Disney Channel Original,Fantasy,Superhero,169,PG,English,USA,Chris Buck,Peter Del Vecho,Germaine Franco,Dwayne Johnson,Lily James,Hybrid,Walt Disney Animation Studios,96.2,92.8,83.3,31.0,12.9,56.8,36.0,-18.8,5.8,54,43,47,3799,Disney+,1941-07-20,Yes,0,0,0,56,11,No,Gaston,Mal,No,Yes,Yes,Yes,Yes,No,No,No,Yes,No,None,Everyone,37.0,No,None,No,No,23.1,6.3,5.3,1.4,2.8,4.96,21,No,No,8.1,6.9,292.3,-21.5,Loss,Average
DIS00425,The Golden Wonders,The Golden Wonders,1983,1983-01-21,1980s,Disney Channel Original,Romance,Superhero,160,G,English,Japan,Rob Marshall,Yvett Merino,Alan Menken,Tom Holland,Zoe Saldana,Hybrid,Disney Channel Productions,220.8,599.8,193.0,46.1,115.5,380.3,219.5,150.9,8.5,89,81,96,2589,Theatrical Only,,No,2,1,0,49,2,Yes,Mother Gothel,Woody,No,No,No,No,Yes,No,No,No,Yes,No,None,Everyone,73.9,No,None,No,No,47.6,8.3,8.3,4.2,4.6,2.66,48,No,No,0.0,92.4,1244.6,360.7,Massive Profit,Hit
DIS00426,Cruella 3,Cruella,1974,1974-12-19,1970s,Disney Channel Original,Sci-Fi,Sports,112,PG,English,India,Lee Unkrich,Kevin Feige,Patrick Doyle,Chris Evans,Emma Stone,Stop Motion,Pixar Animation Studios,204.8,1550.0,186.7,70.0,99.2,529.7,1020.3,503.8,7.2,79,67,65,3092,Disney+,1976-01-21,Yes,0,0,0,56,8,Yes,Judge Frollo,Tiana,Yes,No,Yes,Yes,Yes,No,No,No,No,No,None,Kids,248.9,No,None,Yes,No,75.8,7.2,8.6,7.9,7.8,21.88,83,Yes,No,73.5,150.3,3565.0,1293.3,Massive Profit,Mega Blockbuster
DIS00427,Descendants,Descendants,2015,2015-03-18,2010s,Disney Channel Original,Romance,Heist,64,PG,English,USA,Andrew Stanton,Jonas Rivera,Germaine Franco,Ryan Reynolds,Lily James,3D CGI,Marvel Studios,444.7,245.7,411.2,89.3,31.1,122.1,123.6,-50.9,6.3,63,47,58,3940,Disney+ Hotstar,2016-03-12,Yes,2,1,0,74,0,Yes,Hans,Stitch,No,No,Yes,No,Yes,No,No,No,No,No,Marvel Cinematic Universe,Family,80.7,No,None,No,No,31.3,6.1,6.1,1.8,4.3,4.49,24,No,No,14.7,34.1,313.3,-254.8,Loss,Flop
DIS00428,Sister Act 4,Sister Act,1947,1947-01-22,1940s,Pixar,Action,Mystery,151,PG-13,English,Canada,Dean DeBlois,John Lasseter,James Newton Howard,Will Smith,Halle Bailey,2D,20th Century Studios,421.4,2155.5,336.0,97.0,102.9,742.0,1413.5,397.8,6.8,50,78,66,1767,Disney+,1947-09-25,Yes,2,2,1,86,13,Yes,Captain Hook,Mulan,Yes,No,Yes,Yes,No,No,No,No,Yes,No,None,Everyone,280.1,Yes,EPCOT,No,No,91.4,6.3,4.6,9.8,9.7,27.81,96,No,No,72.6,213.3,6412.6,1722.5,Massive Profit,Blockbuster
DIS00429,Adventures of the Isles 4,Standalone,1969,1969-08-06,1960s,Pixar,Comedy,Superhero,127,PG,Multiple,Canada,Brad Bird,Yvett Merino,Michael Giacchino,Dwayne Johnson,Anne Hathaway,2D,Pixar Animation Studios,122.7,131.6,113.3,42.0,15.6,74.3,57.3,-15.3,7.2,66,55,73,2683,Disney+,1969-11-26,Yes,2,0,0,60,12,No,Jafar,Merida,Yes,No,Yes,Yes,Yes,No,No,No,No,No,None,Kids,57.3,No,None,No,No,21.0,7.5,7.2,1.9,1.8,2.82,20,No,Yes,11.7,14.5,319.1,-23.7,Loss,Average
DIS00430,Ratatouille,Ratatouille,2022,2022-05-24,2020s,Remake,Comedy,Holiday,147,G,English,Canada,Rob Marshall,Jason Owen,Thomas Newman,Dwayne Johnson,Sofia Carson,None,Pixar Animation Studios,235.0,164.0,200.6,65.2,18.4,106.0,58.0,-38.3,4.2,35,29,40,3480,DisneyNOW,2023-04-06,No,0,0,0,59,7,No,Dr. Facilier,Stitch,No,No,No,Yes,Yes,No,No,Yes,Yes,No,None,Kids,38.5,No,None,No,No,23.2,4.0,4.3,3.7,3.6,6.65,16,No,No,0.0,11.1,180.4,-101.8,Loss,Flop
DIS00431,Kingdom of Stardust,Kingdom of Stardust,1946,1946-01-07,1940s,Remake,Animation,Sports,96,G,English,USA,Kirk Wise,John Lasseter,Thomas Newman,Jason Segel,Lily James,None,20th Century Studios,335.4,177.5,280.9,121.8,28.3,107.6,69.9,-55.9,6.1,61,38,59,1162,DisneyNOW,1946-03-27,No,1,2,1,22,12,No,Jafar,Aurora,Yes,Yes,Yes,Yes,Yes,No,No,Yes,Yes,No,None,Teen,69.5,No,None,No,No,31.5,6.3,6.3,3.4,3.1,4.49,33,No,No,0.0,21.1,532.5,-225.2,Loss,Flop
DIS00432,The Magic the Forest,The Magic the Forest,1975,1975-12-13,1970s,Animated,Comedy,Holiday,173,PG-13,French,USA,Lee Unkrich,Osnat Shurer,Christophe Beck,Johnny Depp,Anne Hathaway,3D CGI,Pixar Animation Studios,417.8,1001.3,329.7,178.5,153.7,473.1,528.2,97.0,7.7,83,72,90,4360,Disney+,1976-02-17,Yes,2,2,0,64,7,No,Judge Frollo,Bob Parr,No,Yes,No,Yes,No,Yes,No,No,No,No,None,Family,92.9,No,None,No,No,60.1,7.6,8.9,6.0,7.6,15.28,60,Yes,No,42.6,71.9,2278.0,493.1,High Profit,Hit
DIS00433,Aladdin: Kingdom,Aladdin,1972,1972-07-07,1970s,Remake,Action,Superhero,77,G,English,Japan,Nathan Greno,Jason Owen,Christophe Beck,Chris Evans,Lily James,None,Walt Disney Pictures,449.5,1373.3,393.1,188.8,56.7,437.9,935.4,136.0,8.3,77,83,83,2714,Theatrical Only,,No,1,0,0,61,13,No,Ursula,Belle,Yes,No,No,Yes,Yes,No,No,Yes,No,No,None,Teen,190.9,No,None,No,No,78.7,8.1,7.4,7.6,8.1,24.34,83,No,Yes,0.0,140.3,3227.3,791.4,High Profit,Hit
DIS00434,The Magic the Realm 3,The Magic the Realm,1989,1989-11-19,1980s,Live Action,Action,Coming of Age,60,PG,English,USA,Marc Webb,Kevin Feige,Patrick Doyle,Johnny Depp,Emma Stone,None,Disney Channel Productions,381.2,1646.1,350.5,149.0,138.8,787.1,859.0,229.5,7.0,53,76,58,3102,Theatrical Only,,No,1,3,0,76,15,Yes,Mother Gothel,Riley,No,No,No,Yes,Yes,No,No,No,Yes,No,None,Teen,97.6,Yes,Magic Kingdom,Yes,No,76.0,7.1,5.4,9.2,7.9,8.65,80,Yes,No,0.0,204.6,3168.7,1146.6,Massive Profit,Blockbuster
DIS00435,Ratatouille,Standalone,1950,1950-09-07,1950s,Pixar,Drama,Time Travel,145,PG-13,Spanish,India,Pete Docter,Jason Owen,James Newton Howard,Ewan McGregor,Zoe Saldana,Hybrid,Disneytoon Studios,317.5,1660.8,260.1,86.4,150.0,749.3,911.5,379.3,7.5,70,66,70,2985,Theatrical Only,,No,3,0,0,80,15,No,Shan Yu,Tarzan,No,Yes,No,Yes,No,No,No,No,No,No,None,Teen,184.9,Yes,EPCOT,No,No,89.3,7.6,7.2,8.5,8.3,24.05,100,No,No,0.0,237.2,4816.3,1314.3,Massive Profit,Blockbuster
DIS00436,The Enchanted the North,The Enchanted the North,2010,2010-12-02,2010s,Disney Channel Original,Fantasy,Sports,166,PG-13,English,USA,David Lowery,Jason Owen,Thomas Newman,Idris Elba,Angelina Jolie,3D CGI,Walt Disney Animation Studios,275.0,1121.2,236.2,72.3,148.6,508.3,612.9,263.4,4.5,35,28,38,1138,Disney+,2011-07-01,Yes,0,0,0,39,1,No,Chernabog,Miguel,No,Yes,Yes,No,No,Yes,No,No,No,No,None,Teen,169.1,No,None,Yes,Yes,56.2,4.8,3.6,5.2,4.4,18.27,66,Yes,No,34.4,158.6,1569.7,812.7,Massive Profit,Blockbuster
DIS00437,101 Dalmatians 3,101 Dalmatians,2012,2012-10-24,2010s,Short Film,Action,Sports,120,G,English,Canada,Brad Bird,Jason Owen,Christophe Beck,Tom Holland,Emma Watson,2D,20th Century Studios,227.2,651.7,209.8,68.3,67.1,208.6,443.1,134.3,6.3,65,61,59,1268,Disney+,2013-02-24,Yes,0,0,0,42,0,No,Maleficent,Stitch,No,No,No,No,Yes,Yes,No,No,Yes,No,None,Teen,74.3,No,None,No,No,39.5,6.1,6.2,4.2,3.8,3.83,58,No,No,15.8,38.4,879.8,373.6,High Profit,Hit
DIS00438,Tale of the Sea,Standalone,2002,2002-03-18,2000s,Pixar,Musical,Road Trip,151,PG,French,USA,Ron Clements,Jason Owen,Randy Newman,Tom Holland,Angelina Jolie,3D CGI,Disneytoon Studios,365.5,2138.1,318.9,107.0,282.5,1203.1,935.0,402.0,7.0,69,71,60,874,Disney+,2002-11-03,Yes,1,1,0,100,11,No,Gaston,Troy Bolton,No,Yes,No,Yes,Yes,No,No,No,No,No,None,Everyone,192.0,Yes,EPCOT,No,No,91.1,6.2,7.3,8.6,10.0,9.25,100,No,No,102.0,216.3,3421.0,1712.2,Massive Profit,Blockbuster
DIS00439,Freaky Friday 4,Freaky Friday,2026,2026-07-18,2020s,Animated,Animation,Mystery,91,PG-13,English,India,Chris Buck,Yvett Merino,Patrick Doyle,Chris Pratt,Auli'i Cravalho,Hybrid,Lucasfilm,84.0,20.9,71.5,34.5,3.6,12.7,8.2,-80.3,5.8,44,42,53,2016,Disney+ Hotstar,2026-12-31,Yes,0,0,0,57,1,No,Judge Frollo,Mal,No,Yes,Yes,No,No,Yes,No,No,No,No,None,Everyone,33.6,No,None,No,No,26.2,5.9,4.3,1.7,2.2,6.41,21,No,Yes,29.1,4.2,20.9,-85.1,Loss,Flop
DIS00440,Adventures of the Forest 2,Standalone,1970,1970-12-02,1970s,Live Action,Drama,Fairy Tale,174,PG,English,USA,Pete Docter,Osnat Shurer,Germaine Franco,Chris Evans,Sofia Carson,None,Walt Disney Pictures,338.2,3048.4,313.7,81.4,424.9,1786.4,1262.0,671.6,6.0,43,53,58,3527,Theatrical Only,,No,1,0,0,74,6,No,Yzma,Cinderella,Yes,Yes,Yes,Yes,Yes,Yes,No,No,No,No,None,Everyone,210.1,Yes,EPCOT,Yes,No,100.0,6.3,4.8,9.2,9.8,28.26,95,Yes,No,0.0,297.6,7316.2,2653.3,Massive Profit,Mega Blockbuster
DIS00441,Kingdom of the North,Kingdom of the North,1942,1942-02-14,1940s,Remake,Musical,Coming of Age,106,PG,English,UK,Kirk Wise,Peter Del Vecho,Thomas Newman,Josh Gad,Emma Watson,None,Walt Disney Pictures,195.0,1133.9,163.8,51.8,194.7,639.8,494.1,425.9,7.3,67,66,79,2186,Disney+,1943-01-30,Yes,3,2,1,88,10,No,Judge Frollo,Moana,Yes,No,No,Yes,Yes,No,No,Yes,No,No,None,Teen,129.7,No,None,Yes,Yes,55.9,7.1,6.5,5.4,6.8,15.98,74,No,No,52.1,63.3,3515.1,918.3,Massive Profit,Blockbuster
DIS00442,Spirit of the Sea: Awakens,Spirit of the Sea,1986,1986-09-09,1980s,Short Film,Sci-Fi,Coming of Age,88,G,English,USA,John Musker,Osnat Shurer,James Newton Howard,Johnny Depp,Auli'i Cravalho,Hybrid,Disneytoon Studios,432.9,3823.5,359.4,95.1,227.3,1443.8,2379.7,741.3,7.5,51,92,81,1300,Theatrical Only,,No,1,0,0,59,1,No,None,Snow White,Yes,No,No,No,Yes,No,No,No,Yes,No,None,Family,88.5,Yes,Shanghai Disneyland,No,No,100.0,7.5,4.8,9.6,10.0,36.03,85,No,No,0.0,726.3,7647.0,3369.0,Massive Profit,Mega Blockbuster
DIS00443,Alice in Wonderland: Secret,Alice in Wonderland,1949,1949-08-16,1940s,Short Film,Sci-Fi,Fairy Tale,186,PG-13,English,Japan,Ron Clements,Jonas Rivera,Lin-Manuel Miranda,Ryan Reynolds,Anne Hathaway,2D,20th Century Studios,249.9,1317.3,220.0,64.3,88.6,486.8,830.5,363.3,7.5,66,55,71,1598,DisneyNOW,1950-04-04,No,2,1,1,44,13,No,Ursula,Mulan,Yes,Yes,Yes,Yes,No,Yes,No,No,No,No,None,Kids,76.7,No,None,No,No,60.8,7.7,6.5,6.7,6.6,12.11,44,No,Yes,0.0,100.2,3853.1,1033.0,Massive Profit,Blockbuster
DIS00444,Spirit of Stardust 4,Spirit of Stardust,2003,2003-11-14,2000s,Short Film,Drama,Buddy Comedy,174,G,English,USA,Marc Webb,Jason Owen,Randy Newman,Josh Gad,Anne Hathaway,2D,Pixar Animation Studios,216.7,393.8,187.6,77.0,49.7,223.4,170.4,48.8,5.3,42,53,45,2355,DisneyNOW,2004-10-27,No,0,0,0,15,1,No,Hades,Simba,No,No,No,No,Yes,No,No,No,No,No,None,Teen,55.6,No,None,No,No,29.3,5.5,4.1,4.3,2.1,8.85,38,Yes,No,0.0,66.1,620.2,129.2,Medium Profit,Average
DIS00445,Sister Act,Sister Act,1950,1950-12-15,1950s,Live Action,Comedy,Time Travel,70,PG,French,Canada,Ron Clements,Roy Conli,Alan Menken,Josh Gad,Emma Watson,None,Disneytoon Studios,45.6,134.1,40.0,11.7,22.4,76.6,57.5,159.4,7.0,75,65,57,4030,Disney+,1951-10-12,Yes,3,2,1,56,4,No,Judge Frollo,Simba,No,No,No,Yes,Yes,No,No,No,Yes,No,None,Teen,24.0,No,None,No,No,29.7,6.9,7.3,5.1,2.9,4.86,24,Yes,No,19.1,16.3,388.9,82.4,Massive Profit,Hit
DIS00446,Adventures of Dreams,Adventures of Dreams,1999,1999-01-11,1990s,Animated,Adventure,Buddy Comedy,153,PG,English,USA,Brad Bird,Kathleen Kennedy,Michael Giacchino,Johnny Depp,Emma Stone,3D CGI,Walt Disney Animation Studios,183.5,1441.8,144.0,80.0,70.6,457.8,984.0,543.7,6.4,52,64,55,1063,Disney+ Hotstar,1999-10-13,Yes,1,0,0,66,12,No,Hans,Pocahontas,Yes,No,No,Yes,Yes,No,No,No,Yes,No,None,Kids,109.2,No,None,Yes,No,56.8,5.8,5.9,5.1,6.5,12.71,48,No,No,49.4,237.0,2415.0,1217.8,Massive Profit,Mega Blockbuster
DIS00447,Tarzan: Legacy,Standalone,1939,1939-12-12,1930s,Pixar,Action,Buddy Comedy,89,G,English,Canada,Brad Bird,Jared Bush,Hans Zimmer,Chris Evans,Zendaya,3D CGI,Marvel Studios,224.9,146.8,186.3,88.1,10.2,68.3,78.5,-46.5,6.7,79,56,74,1048,Disney+,1940-06-05,Yes,0,0,0,52,15,Yes,Shan Yu,Cinderella,Yes,Yes,No,Yes,Yes,Yes,No,No,No,No,Marvel Cinematic Universe,Teen,46.9,No,None,No,No,23.9,6.8,8.6,2.5,2.8,4.5,20,Yes,No,23.4,27.5,466.1,-127.6,Loss,Flop
DIS00448,The Enchanted the North: Secret,Standalone,1956,1956-10-05,1950s,Remake,Action,Buddy Comedy,141,PG,English,USA,Jon Favreau,Peter Del Vecho,Patrick Doyle,Ewan McGregor,Zoe Saldana,None,Pixar Animation Studios,395.4,2634.0,344.1,175.6,130.4,905.6,1728.4,406.8,5.4,31,41,48,3023,Disney+,1957-07-12,Yes,0,0,0,57,0,No,Gaston,Ralph,No,No,Yes,No,Yes,Yes,No,Yes,No,No,None,Everyone,116.9,No,None,No,No,100.0,5.4,3.4,9.8,10.0,35.05,100,No,No,62.4,473.6,7243.5,2114.3,Massive Profit,Blockbuster
DIS00449,The Golden Stardust,The Golden Stardust,1939,1939-04-03,1930s,Short Film,Drama,Superhero,140,PG,English,USA,Lee Unkrich,Jason Owen,Lin-Manuel Miranda,Idris Elba,Lily James,2D,Walt Disney Animation Studios,344.6,1850.9,262.6,74.7,270.1,815.3,1035.6,448.7,6.3,52,57,58,973,Theatrical Only,,No,2,1,0,83,12,No,Mother Gothel,Mulan,Yes,Yes,No,Yes,Yes,No,Yes,No,No,No,None,Kids,79.0,Yes,Magic Kingdom,No,No,70.1,6.2,5.6,6.2,7.7,10.17,69,No,No,0.0,266.0,5876.6,1513.6,Massive Profit,Blockbuster
DIS00450,National Treasure,National Treasure,1958,1958-12-18,1950s,Disney Channel Original,Musical,Time Travel,62,G,English,Canada,Pete Docter,Roy Conli,Patrick Doyle,Johnny Depp,Emma Watson,3D CGI,Pixar Animation Studios,57.7,57.0,48.3,24.0,6.0,20.7,36.3,-21.2,6.7,48,57,74,2992,Disney+,1959-10-21,Yes,1,0,0,85,9,No,Shan Yu,Cinderella,Yes,Yes,No,Yes,Yes,No,No,No,No,No,None,Family,33.7,No,None,No,No,23.9,6.8,5.7,3.0,1.9,9.22,22,Yes,No,26.2,6.4,153.9,-15.3,Loss,Average
DIS00451,Hercules,Hercules,1980,1980-05-25,1980s,Short Film,Drama,Road Trip,112,PG-13,English,Canada,Gary Trousdale,Peter Del Vecho,Germaine Franco,Johnny Depp,Zendaya,Stop Motion,Disneytoon Studios,186.7,215.2,160.1,73.8,22.5,108.3,106.9,-8.0,6.3,50,55,65,4499,Disney+,1981-03-02,Yes,0,0,0,75,1,No,Hans,Simba,No,No,No,No,No,Yes,Yes,No,Yes,No,None,Family,57.0,No,None,No,No,26.4,6.9,4.4,1.9,1.2,6.02,45,No,No,20.0,20.5,462.7,-18.7,Loss,Average
DIS00452,Freaky Friday,Freaky Friday,1979,1979-07-07,1970s,Short Film,Animation,Time Travel,61,PG,Hindi,USA,John Musker,Jason Owen,Germaine Franco,Chris Pratt,Anne Hathaway,2D,Pixar Animation Studios,85.9,168.6,67.4,23.7,11.8,51.2,117.4,85.1,6.1,50,43,59,1759,Disney+,1979-10-03,Yes,3,1,1,58,5,No,Dr. Facilier,Cinderella,Yes,Yes,Yes,Yes,Yes,No,No,No,No,No,None,Teen,57.9,No,None,No,No,21.2,6.4,5.3,2.3,2.0,1.17,34,No,Yes,21.9,28.5,366.7,77.5,High Profit,Average
DIS00453,Adventures of the North,Adventures of the North,2008,2008-11-05,2000s,Disney Channel Original,Fantasy,Coming of Age,109,G,English,USA,Nathan Greno,Kevin Feige,Randy Newman,Jason Segel,Emma Watson,Stop Motion,Disneytoon Studios,18.8,9.6,17.2,7.7,0.9,4.9,4.7,-61.4,6.7,63,60,63,2558,Disney+,2009-05-07,Yes,1,0,0,38,5,No,Mother Gothel,Merida,Yes,Yes,Yes,Yes,Yes,Yes,Yes,No,No,No,None,Family,88.3,No,None,No,No,26.9,6.9,6.1,3.2,2.6,4.69,18,Yes,No,9.6,0.5,13.9,-15.3,Loss,Flop
DIS00454,National Treasure 4,National Treasure,1978,1978-11-04,1970s,Disney Channel Original,Family,Coming of Age,174,G,Hindi,USA,Jon Favreau,Jonas Rivera,Lin-Manuel Miranda,Tom Holland,Halle Bailey,Hybrid,Walt Disney Pictures,303.3,400.1,241.8,111.6,23.0,150.8,249.3,13.2,7.1,50,69,71,3705,Disney+ Hotstar,1979-05-05,Yes,1,0,0,76,0,No,Hades,Aladdin,No,No,No,No,Yes,No,No,No,Yes,No,None,Family,87.6,No,None,No,No,37.9,6.9,4.3,1.8,3.3,12.3,34,Yes,No,43.0,37.2,880.2,46.7,Low Profit,Average
DIS00455,Tangled 2,Tangled,1986,1986-11-24,1980s,Short Film,Adventure,Fairy Tale,70,G,English,USA,David Lowery,Peter Del Vecho,Randy Newman,Robert Downey Jr.,Emma Watson,Stop Motion,20th Century Studios,223.5,584.5,200.6,83.4,58.2,224.3,360.2,105.8,5.6,36,53,51,1717,Disney+,1987-09-29,Yes,0,0,0,55,9,Yes,Judge Frollo,Moana,Yes,Yes,Yes,Yes,Yes,No,No,No,Yes,No,None,Teen,71.5,No,None,No,No,35.5,5.1,3.3,2.5,3.6,11.43,48,Yes,No,37.0,31.6,1169.0,300.5,High Profit,Hit
DIS00456,Adventures of the Realm (Remake),Adventures of the Realm,1958,1958-11-03,1950s,Pixar,Adventure,Sports,104,PG,English,USA,Lee Unkrich,Kevin Feige,Thomas Newman,Chris Pratt,Anne Hathaway,Hybrid,Disneytoon Studios,440.1,3552.4,360.1,177.4,595.7,2065.9,1486.5,560.9,6.8,54,61,74,3611,Disney+,1959-09-10,Yes,0,1,0,78,0,No,Captain Hook,Nemo,No,Yes,No,No,Yes,Yes,No,No,Yes,No,None,Kids,189.6,Yes,Magic Kingdom,Yes,Yes,100.0,6.8,5.2,10.0,9.7,17.4,98,Yes,No,37.4,594.0,9591.5,3014.9,Massive Profit,Mega Blockbuster
DIS00457,Zootopia,Zootopia,1994,1994-06-06,1990s,Short Film,Comedy,Mystery,100,PG-13,Hindi,USA,Rich Moore,Yvett Merino,Thomas Newman,Tom Holland,Zoe Saldana,2D,Walt Disney Animation Studios,313.8,1713.7,258.4,121.2,257.6,999.1,714.6,351.4,6.3,55,57,70,3062,Disney+,1994-09-13,Yes,0,0,0,38,0,No,Maleficent,Nemo,No,Yes,Yes,No,No,Yes,No,No,Yes,No,None,Teen,188.9,Yes,Disney's Animal Kingdom,Yes,No,85.5,6.0,5.8,7.9,8.4,15.56,99,No,Yes,42.9,333.6,3084.7,1334.1,Massive Profit,Blockbuster
DIS00458,The Chronicles of Narnia 3,The Chronicles of Narnia,1986,1986-09-13,1980s,Animated,Sci-Fi,Superhero,181,PG-13,Japanese,Canada,David Lowery,Jonas Rivera,Hans Zimmer,Ewan McGregor,Auli'i Cravalho,Hybrid,Pixar Animation Studios,406.4,401.5,330.2,143.1,32.2,176.4,225.1,-15.2,5.9,41,61,45,4212,Disney+ Hotstar,1986-12-07,Yes,0,0,0,63,15,No,Jafar,Belle,Yes,No,No,Yes,No,No,No,No,Yes,No,None,Kids,72.6,No,None,No,No,29.2,6.5,4.9,5.9,4.4,7.83,32,No,No,34.6,21.1,803.0,-71.8,Loss,Average
DIS00459,Ratatouille (Remake),Ratatouille,1968,1968-09-10,1960s,Animated,Action,Heist,163,PG-13,English,USA,Rob Marshall,Osnat Shurer,Alan Menken,Johnny Depp,Auli'i Cravalho,Hybrid,Pixar Animation Studios,50.6,206.9,44.9,15.0,12.3,86.2,120.7,245.4,6.6,67,60,63,4071,Disney+,1969-06-12,Yes,1,0,0,31,11,No,Scar,Moana,Yes,Yes,No,Yes,No,Yes,No,No,No,No,None,Teen,85.7,No,None,No,No,34.1,6.3,7.0,4.1,2.5,3.34,37,No,No,36.1,38.5,506.9,147.0,Massive Profit,Blockbuster
DIS00460,Adventures of the Realm,Adventures of the Realm,1988,1988-10-21,1980s,Animated,Romance,Mystery,128,G,English,USA,Nathan Greno,Jared Bush,Germaine Franco,Chris Pratt,Auli'i Cravalho,2D,Disneytoon Studios,125.9,155.0,106.2,49.8,13.5,74.4,80.6,-0.6,8.7,77,83,82,2094,DisneyNOW,1989-09-05,No,4,3,2,38,0,No,Maleficent,Stitch,No,No,No,No,Yes,No,No,No,No,No,None,Teen,86.1,No,None,No,No,34.0,8.7,7.6,3.1,4.1,9.98,47,No,No,0.0,28.9,302.2,-1.0,Loss,Average
DIS00461,Tale of Stardust: Reborn,Tale of Stardust,1970,1970-09-20,1970s,Animated,Romance,Buddy Comedy,78,PG,Japanese,USA,David Lowery,Peter Del Vecho,Christophe Beck,Chris Pratt,Lily James,Hybrid,Walt Disney Pictures,301.2,1055.4,245.0,90.5,83.5,331.4,724.0,214.6,6.9,71,50,66,970,Disney+,1971-08-25,Yes,0,2,0,87,13,Yes,Scar,Moana,Yes,Yes,Yes,Yes,Yes,No,No,No,Yes,No,None,Family,188.9,No,None,No,No,63.3,7.1,7.6,8.7,6.9,4.66,67,No,No,32.6,166.6,2533.0,719.9,Massive Profit,Hit
DIS00462,Spirit of the Realm,Spirit of the Realm,1942,1942-10-01,1940s,Remake,Family,Road Trip,144,PG,English,USA,Byron Howard,Osnat Shurer,Thomas Newman,Ewan McGregor,Angelina Jolie,Stop Motion,Disneytoon Studios,365.6,612.6,323.6,103.8,101.7,363.5,249.1,43.3,7.7,89,72,86,1441,Theatrical Only,,No,2,1,1,75,7,No,Gaston,Moana,Yes,No,No,Yes,Yes,No,No,Yes,No,No,None,Family,67.4,No,None,No,No,47.3,7.8,9.6,5.3,5.6,6.08,45,No,No,0.0,122.1,1899.1,185.2,Medium Profit,Average
DIS00463,The Muppets: Legacy,Standalone,1992,1992-01-17,1990s,Disney Channel Original,Family,Superhero,72,PG-13,English,USA,Chris Buck,Yvett Merino,Randy Newman,Robert Downey Jr.,Lily James,Hybrid,Disneytoon Studios,7.2,8.9,6.0,1.9,0.8,5.6,3.3,12.7,7.2,58,70,65,2110,Theatrical Only,,No,0,0,0,92,2,Yes,Hans,Ralph,No,No,No,No,No,No,No,No,No,No,None,Everyone,45.3,No,None,No,No,19.0,7.4,5.7,1.7,2.6,3.11,18,No,No,0.0,1.1,16.5,1.0,Low Profit,Average
DIS00464,The Magic the Forest 3,Standalone,2011,2011-09-16,2010s,Animated,Sci-Fi,Coming of Age,149,PG,Hindi,USA,Lee Unkrich,Osnat Shurer,James Newton Howard,Will Smith,Zendaya,Hybrid,Disneytoon Studios,152.5,174.8,120.0,61.2,28.9,99.7,75.1,-3.5,5.2,40,40,42,2087,Theatrical Only,,No,0,0,0,65,1,No,Shan Yu,Hercules,No,Yes,Yes,No,Yes,No,No,No,No,No,None,Everyone,23.6,No,None,No,No,8.1,5.3,3.3,1.0,1.0,0.94,12,No,No,0.0,30.6,240.4,-6.4,Loss,Average
DIS00465,The Muppets,The Muppets,2000,2000-10-07,2000s,Live Action,Animation,Heist,68,G,English,USA,Byron Howard,Peter Del Vecho,Germaine Franco,Will Smith,Zoe Saldana,None,Disneytoon Studios,163.8,516.6,126.1,54.8,43.8,215.5,301.1,185.6,6.8,63,54,72,668,Disney+,2001-06-11,Yes,2,2,1,46,2,No,Maleficent,Tarzan,No,No,Yes,No,Yes,No,Yes,No,No,No,None,Family,79.4,No,None,No,No,30.5,6.5,5.8,3.1,2.6,4.51,21,No,No,22.1,63.6,852.4,335.7,Massive Profit,Hit
DIS00466,Spirit of the Forest: Forever,Spirit of the Forest,1951,1951-08-10,1950s,Pixar,Fantasy,Heist,169,PG-13,English,USA,Jon Favreau,John Lasseter,Thomas Newman,Tom Holland,Emma Watson,3D CGI,Disney Channel Productions,252.4,981.9,202.9,57.0,120.6,490.9,491.0,277.8,7.9,78,73,91,2173,DisneyNOW,1952-03-25,No,3,0,0,81,9,No,Jafar,Nemo,No,No,Yes,Yes,No,No,No,No,No,No,None,Family,173.6,No,None,No,No,52.7,8.0,7.3,5.2,4.8,19.09,55,No,Yes,0.0,49.8,2823.0,722.0,Massive Profit,Hit
DIS00467,Tarzan: Adventure,Standalone,1999,1999-09-21,1990s,Disney Channel Original,Comedy,Heist,133,PG-13,English,Japan,Chris Buck,Kathleen Kennedy,Michael Giacchino,Dwayne Johnson,Zendaya,3D CGI,Disney Channel Productions,203.5,1782.8,189.7,61.5,136.4,942.5,840.3,609.7,5.5,31,54,45,614,DisneyNOW,1999-12-27,No,0,0,0,54,4,No,Hans,Troy Bolton,No,Yes,Yes,Yes,No,Yes,No,No,No,No,None,Family,196.8,No,None,Yes,Yes,74.5,5.2,3.4,8.3,7.0,9.24,74,No,No,0.0,152.6,2986.2,1531.6,Massive Profit,Mega Blockbuster
DIS00468,The Chronicles of Narnia: Legacy,Standalone,1990,1990-12-08,1990s,Remake,Romance,Superhero,146,PG-13,English,USA,Gary Trousdale,Jonas Rivera,Alan Menken,Robert Downey Jr.,Halle Bailey,3D CGI,20th Century Studios,263.4,2031.2,200.5,72.2,338.4,1208.8,822.4,644.8,6.7,51,65,75,1776,Disney+,1991-08-20,Yes,2,2,2,35,10,No,Ursula,Tiana,Yes,Yes,No,Yes,No,No,No,Yes,No,No,None,Kids,94.0,Yes,Disney's Hollywood Studios,No,No,89.3,6.7,4.8,8.1,9.4,28.12,93,Yes,No,84.6,131.0,3859.3,1758.5,Massive Profit,Mega Blockbuster
DIS00469,Adventures of the North,Adventures of the North,1942,1942-05-18,1940s,Disney Channel Original,Drama,Holiday,66,G,Spanish,India,Dean DeBlois,Osnat Shurer,Thomas Newman,Ewan McGregor,Emma Stone,2D,Marvel Studios,238.1,358.3,206.6,71.6,32.4,147.7,210.6,28.8,6.8,56,54,68,3861,Disney+,1942-08-12,Yes,0,1,0,59,0,Yes,Captain Hook,Mal,No,Yes,No,No,Yes,Yes,No,No,No,No,Marvel Cinematic Universe,Family,100.5,No,None,No,No,34.4,7.2,6.3,3.0,4.6,9.45,43,No,No,25.7,47.8,1110.7,80.1,Medium Profit,Average
DIS00470,Adventures of the Sea 3,Adventures of the Sea,2010,2010-03-04,2010s,Pixar,Action,Mystery,91,PG,Hindi,Canada,Brad Bird,Jason Owen,Hans Zimmer,Dwayne Johnson,Kristen Bell,Stop Motion,20th Century Studios,385.6,1689.1,300.0,143.0,151.1,1034.5,654.6,281.3,7.3,68,56,77,4205,Disney+,2010-08-02,Yes,1,1,0,82,0,No,Cruella de Vil,Woody,No,No,No,No,Yes,No,No,No,Yes,No,None,Everyone,144.4,No,None,No,No,75.2,7.4,6.5,8.2,7.7,6.78,78,No,No,89.5,232.4,2364.7,1246.1,Massive Profit,Blockbuster
DIS00471,The Magic the Realm: Secret,The Magic the Realm,2026,2026-11-01,2020s,Disney Channel Original,Action,Mystery,112,PG,English,UK,Ron Clements,Kevin Feige,Michael Giacchino,Josh Gad,Zendaya,Stop Motion,Pixar Animation Studios,371.0,130.9,290.9,123.1,16.2,81.4,49.5,-68.4,4.3,20,31,32,1414,Disney+,2026-12-31,Yes,0,0,0,60,2,No,Ursula,Hiro,No,Yes,No,No,Yes,Yes,No,No,Yes,No,None,Kids,49.3,No,None,No,No,17.4,3.8,2.0,1.0,2.8,4.41,10,Yes,No,17.3,19.9,130.9,-283.1,Loss,Flop
DIS00472,The Lion King,The Lion King,1986,1986-12-08,1980s,Pixar,Comedy,Buddy Comedy,110,G,English,USA,Gary Trousdale,Jonas Rivera,Christophe Beck,Johnny Depp,Halle Bailey,Stop Motion,Marvel Studios,58.4,89.4,48.4,23.8,6.2,36.8,52.6,23.8,7.1,60,65,69,1924,DisneyNOW,1987-12-17,No,2,0,0,82,10,Yes,Gaston,Mirabel,No,Yes,Yes,Yes,Yes,No,No,No,No,No,Marvel Cinematic Universe,Kids,26.9,No,None,No,No,24.6,7.3,6.1,3.4,1.7,2.48,38,Yes,No,0.0,12.6,178.8,17.2,Low Profit,Average
DIS00473,Dumbo 3,Standalone,2015,2015-02-20,2010s,Pixar,Musical,Heist,105,PG,English,Japan,Marc Webb,Kevin Feige,Germaine Franco,Robert Downey Jr.,Anne Hathaway,3D CGI,Disney Channel Productions,262.7,52.5,240.0,83.8,6.5,32.8,19.7,-83.8,6.7,61,56,67,2168,Disney+,2015-08-10,Yes,1,1,1,53,11,No,Captain Hook,Tiana,Yes,Yes,No,Yes,Yes,No,No,No,No,No,None,Family,53.3,No,None,No,No,20.4,6.6,5.9,1.0,2.5,5.88,26,No,No,16.9,7.7,66.9,-271.3,Loss,Flop
DIS00474,The Princess and the Frog,The Princess and the Frog,1981,1981-01-05,1980s,Remake,Romance,Sports,92,PG,Spanish,India,Gary Trousdale,Kathleen Kennedy,Christophe Beck,Will Smith,Emma Stone,None,Disney Channel Productions,211.7,641.4,194.1,69.3,65.6,396.0,245.4,143.5,7.1,74,67,69,3932,Disney+,1982-02-08,Yes,2,3,0,35,2,No,Dr. Facilier,Simba,No,Yes,No,No,Yes,No,No,Yes,Yes,No,None,Teen,95.5,No,None,No,No,40.5,7.4,7.3,5.0,3.8,2.03,42,No,No,24.3,64.7,1363.0,378.0,High Profit,Hit
DIS00475,Ratatouille,Ratatouille,1977,1977-11-27,1970s,Live Action,Romance,Fairy Tale,90,G,Spanish,India,Kirk Wise,Yvett Merino,Randy Newman,Chris Pratt,Emma Stone,None,Disney Channel Productions,316.2,1114.5,293.3,103.7,179.0,531.5,583.0,180.7,6.0,36,51,55,2004,Theatrical Only,,No,0,0,0,69,15,No,Mother Gothel,Riley,No,No,Yes,Yes,Yes,No,No,No,No,No,None,Kids,118.1,No,None,Yes,Yes,55.9,6.4,4.2,6.5,5.1,16.75,60,Yes,No,0.0,60.9,2479.8,717.5,Massive Profit,Hit
DIS00476,Inside Out 2,Inside Out,1974,1974-01-18,1970s,Remake,Animation,Fairy Tale,148,G,Multiple,Canada,Marc Webb,Roy Conli,James Newton Howard,Ewan McGregor,Emma Stone,Hybrid,Marvel Studios,299.4,1097.8,236.8,68.9,153.1,574.5,523.3,259.1,4.0,20,25,30,975,Theatrical Only,,No,0,0,0,38,0,Yes,Ursula,Carl Fredricksen,No,Yes,Yes,No,Yes,Yes,No,Yes,Yes,No,Marvel Cinematic Universe,Family,142.7,No,None,No,No,46.5,3.7,2.0,4.9,4.5,13.67,49,No,No,0.0,178.0,2524.9,792.1,Massive Profit,Hit
DIS00477,Peter Pan 4,Peter Pan,2009,2009-06-23,2000s,Disney Channel Original,Adventure,Heist,144,PG,English,UK,Chris Buck,John Lasseter,Hans Zimmer,Robert Downey Jr.,Anne Hathaway,3D CGI,Walt Disney Animation Studios,315.6,1226.5,253.3,125.2,161.5,501.4,725.1,224.0,7.7,66,79,80,706,Theatrical Only,,No,1,0,0,50,2,No,None,Simba,No,No,Yes,No,Yes,No,No,No,No,No,None,Family,106.9,Yes,Disney's Animal Kingdom,No,No,70.4,7.8,6.3,7.6,7.2,22.81,74,No,Yes,0.0,103.8,1747.8,848.0,Massive Profit,Hit
DIS00478,Kingdom of the Realm 4,Kingdom of the Realm,1979,1979-03-18,1970s,Pixar,Comedy,Superhero,137,G,English,India,Rob Marshall,Yvett Merino,Patrick Doyle,Chris Evans,Idina Menzel,Stop Motion,Disney Channel Productions,256.1,368.9,237.1,94.8,33.5,111.6,257.3,11.1,6.5,61,51,58,3982,Disney+,1979-09-30,Yes,1,2,0,59,12,No,Jafar,Snow White,Yes,Yes,No,Yes,Yes,Yes,No,No,Yes,No,None,Everyone,115.8,No,None,No,No,43.2,6.5,5.5,6.0,3.3,15.91,45,No,No,51.0,36.6,802.4,37.0,Low Profit,Average
DIS00479,Winnie the Pooh: Journey,Winnie the Pooh,1939,1939-04-09,1930s,Short Film,Adventure,Mystery,123,PG-13,Japanese,USA,Pete Docter,Peter Del Vecho,Lin-Manuel Miranda,Jason Segel,Zoe Saldana,Hybrid,Walt Disney Pictures,26.5,45.7,20.4,10.0,4.4,17.5,28.2,50.3,7.0,53,67,62,2818,Disney+ Hotstar,1939-12-18,Yes,2,0,0,58,0,No,Mother Gothel,Tarzan,No,Yes,Yes,No,No,No,No,No,Yes,No,None,Everyone,42.1,No,None,No,No,19.2,7.0,5.7,2.3,2.7,0.99,14,No,No,21.8,3.8,145.1,15.3,Medium Profit,Average
DIS00480,Hocus Pocus,Hocus Pocus,1988,1988-04-03,1980s,Pixar,Comedy,Coming of Age,131,PG-13,English,Japan,Niki Caro,Jonas Rivera,Patrick Doyle,Ryan Reynolds,Auli'i Cravalho,Hybrid,20th Century Studios,429.0,660.1,324.2,90.9,119.3,411.4,248.7,59.0,6.1,57,51,58,4185,Disney+,1988-12-25,Yes,0,0,0,79,4,No,Scar,Belle,Yes,No,No,Yes,No,No,No,No,Yes,No,None,Teen,96.9,No,None,No,No,42.5,6.8,4.8,4.5,4.0,6.28,44,No,No,28.0,120.4,1287.2,245.0,Medium Profit,Average
DIS00481,The Golden the North,The Golden the North,1958,1958-11-25,1950s,Short Film,Musical,Mystery,151,PG,French,USA,John Musker,Jonas Rivera,Michael Giacchino,Ewan McGregor,Sofia Carson,Hybrid,20th Century Studios,143.7,155.4,125.8,53.2,29.7,96.2,59.2,-13.2,6.2,52,57,63,4420,Disney+,1959-10-10,Yes,0,0,0,54,10,No,Hades,Ariel,Yes,No,No,Yes,Yes,No,Yes,No,No,Yes,None,Everyone,22.2,No,None,No,No,18.2,6.9,5.7,2.2,1.1,3.51,13,Yes,No,18.5,29.7,419.6,-23.6,Loss,Average
DIS00482,The Enchanted the Sea,The Enchanted the Sea,1960,1960-07-07,1960s,Live Action,Musical,Sports,111,G,Hindi,USA,Dean DeBlois,Jared Bush,Patrick Doyle,Tom Holland,Angelina Jolie,None,Pixar Animation Studios,390.2,1119.8,353.9,83.3,125.4,409.2,710.6,156.1,8.8,93,94,94,1501,Theatrical Only,,No,1,0,0,68,15,No,Hans,WALL-E,No,No,No,Yes,Yes,No,No,No,Yes,No,None,Everyone,233.3,Yes,Disney's Hollywood Studios,Yes,Yes,82.1,9.1,9.4,8.2,8.2,21.46,76,No,Yes,0.0,121.3,2967.5,682.6,Massive Profit,Hit
DIS00483,Spirit of the Sea,Spirit of the Sea,1991,1991-01-26,1990s,Remake,Animation,Holiday,171,G,English,India,Ron Clements,Yvett Merino,Lin-Manuel Miranda,Will Smith,Emma Stone,None,Walt Disney Animation Studios,333.0,275.0,293.7,104.7,28.6,149.5,125.5,-31.0,7.2,67,51,75,3197,Disney+,1991-08-14,Yes,2,1,0,56,0,No,Jafar,Snow White,Yes,No,Yes,No,Yes,Yes,No,Yes,No,No,None,Teen,103.0,No,None,No,No,32.8,7.2,6.9,2.2,3.8,5.51,27,No,No,33.8,51.4,515.6,-123.4,Loss,Flop
DIS00484,The Golden the Isles (Remake),Standalone,2006,2006-11-22,2000s,Disney Channel Original,Adventure,Buddy Comedy,158,PG,English,India,Byron Howard,Osnat Shurer,Thomas Newman,Dwayne Johnson,Idina Menzel,2D,Pixar Animation Studios,174.3,1456.2,162.4,60.7,295.0,927.9,528.3,552.7,7.1,62,39,79,3033,Disney+,2007-05-22,Yes,0,0,0,54,0,Yes,Jafar,Remy,No,No,Yes,No,Yes,No,No,No,No,No,None,Family,116.9,No,None,No,No,64.0,6.9,6.5,5.8,5.7,15.95,63,Yes,No,60.0,138.6,2184.3,1233.1,Massive Profit,Mega Blockbuster
DIS00485,Freaky Friday (Remake),Standalone,2011,2011-05-03,2010s,Animated,Animation,Road Trip,156,G,English,USA,Rob Marshall,Jason Owen,Randy Newman,Josh Gad,Sofia Carson,2D,Pixar Animation Studios,113.1,1099.9,91.6,33.5,91.5,415.8,684.1,779.2,7.9,83,87,88,4367,Disney+,2011-09-30,Yes,2,0,0,30,1,No,Mother Gothel,Mal,No,No,Yes,No,Yes,No,No,No,No,No,None,Kids,134.9,No,None,Yes,No,63.0,7.8,8.6,5.4,6.6,9.94,56,No,No,31.8,200.0,1512.4,974.8,Massive Profit,Mega Blockbuster
DIS00486,The Enchanted Wonders 3,The Enchanted Wonders,1990,1990-02-26,1990s,Disney Channel Original,Comedy,Superhero,67,PG,English,USA,Jon Favreau,Jared Bush,Alan Menken,Chris Evans,Angelina Jolie,3D CGI,Pixar Animation Studios,307.8,740.7,271.0,87.2,85.3,393.8,346.9,106.8,5.3,28,42,47,2600,Disney+,1990-12-08,Yes,0,0,0,64,0,No,Jafar,Mulan,Yes,Yes,No,No,Yes,No,No,No,Yes,No,None,Family,99.1,No,None,No,No,29.7,4.7,2.7,2.9,2.1,7.3,42,No,No,31.8,124.0,1407.3,382.5,High Profit,Hit
DIS00487,Beauty and the Beast,Standalone,1941,1941-05-20,1940s,Animated,Action,Sports,86,G,English,USA,Niki Caro,Jonas Rivera,Patrick Doyle,Chris Pratt,Emma Stone,2D,Marvel Studios,255.5,476.1,222.1,84.0,29.9,214.9,261.2,55.5,8.5,82,78,94,3447,Disney+,1941-09-16,Yes,0,0,0,38,0,Yes,Yzma,Riley,No,Yes,Yes,No,Yes,No,Yes,No,No,No,Marvel Cinematic Universe,Family,113.0,No,None,No,No,36.3,7.9,8.6,2.9,5.3,14.34,32,No,No,30.3,85.7,1487.8,170.0,Medium Profit,Average
DIS00488,Sleeping Beauty,Standalone,2004,2004-10-08,2000s,Animated,Action,Heist,65,G,English,USA,Chris Buck,Peter Del Vecho,James Newton Howard,Ryan Reynolds,Emma Watson,2D,Marvel Studios,185.3,222.8,149.9,64.8,23.6,134.3,88.5,3.8,7.8,69,71,91,1364,Disney+,2005-10-22,Yes,2,0,0,72,7,Yes,None,Ariel,Yes,Yes,No,Yes,Yes,No,No,No,No,No,Marvel Cinematic Universe,Family,102.2,No,None,No,No,33.9,7.4,7.5,3.1,4.8,3.95,38,No,No,25.1,22.4,345.3,8.1,Low Profit,Average
DIS00489,Inside Out,Inside Out,1962,1962-03-07,1960s,Pixar,Adventure,Time Travel,187,G,English,Japan,Byron Howard,Yvett Merino,Michael Giacchino,Robert Downey Jr.,Sofia Carson,Stop Motion,20th Century Studios,287.8,1048.7,221.7,57.7,187.4,663.1,385.6,275.3,7.2,84,64,75,3341,Disney+,1962-10-25,Yes,4,1,1,53,2,No,Maleficent,Mal,No,Yes,Yes,No,Yes,Yes,No,No,No,No,None,Everyone,146.9,No,None,No,No,56.0,7.2,8.5,5.1,7.0,20.61,56,No,No,24.5,107.0,2726.6,769.3,Massive Profit,Hit
DIS00490,Cars,Cars,1977,1977-11-13,1970s,Remake,Comedy,Sports,142,PG,Multiple,USA,Jon Favreau,Roy Conli,Hans Zimmer,Johnny Depp,Zendaya,None,Disney Channel Productions,421.8,719.0,319.9,97.9,127.3,389.0,330.0,72.1,6.1,38,49,64,1740,Theatrical Only,,No,0,0,0,53,5,No,Ursula,Moana,Yes,Yes,Yes,Yes,Yes,No,No,Yes,Yes,No,None,Family,100.3,No,None,No,No,38.5,6.1,3.6,5.3,3.8,12.3,40,Yes,No,0.0,36.5,1599.8,301.2,Medium Profit,Average
DIS00491,Cruella 3,Cruella,1997,1997-08-15,1990s,Pixar,Sci-Fi,Road Trip,68,G,English,USA,Lee Unkrich,Roy Conli,Germaine Franco,Jason Segel,Angelina Jolie,3D CGI,Lucasfilm,179.7,615.8,164.1,50.8,44.3,219.9,395.9,186.6,6.6,41,67,72,3047,Disney+,1998-01-09,Yes,2,3,1,86,1,No,Scar,WALL-E,No,Yes,Yes,No,Yes,No,No,No,Yes,No,None,Teen,62.5,No,None,No,No,40.1,6.7,4.1,3.2,4.2,15.4,47,No,Yes,25.6,104.8,1062.3,400.9,Massive Profit,Hit
DIS00492,Pocahontas 3,Pocahontas,1957,1957-06-18,1950s,Animated,Comedy,Heist,124,G,English,USA,Lee Unkrich,Jonas Rivera,James Newton Howard,Chris Pratt,Anne Hathaway,Stop Motion,Walt Disney Pictures,127.9,523.8,114.8,32.3,37.7,175.0,348.8,256.1,7.0,43,63,75,1987,Disney+,1957-12-14,Yes,1,1,0,17,1,No,Maleficent,Aladdin,No,No,Yes,No,Yes,Yes,Yes,No,No,No,None,Everyone,96.9,No,None,No,No,36.0,7.1,3.8,4.2,3.0,3.98,43,No,Yes,20.4,46.9,1427.4,376.7,Massive Profit,Blockbuster
DIS00493,Descendants: Origins,Descendants,1968,1968-11-21,1960s,Live Action,Animation,Fairy Tale,136,PG-13,English,USA,Marc Webb,Jason Owen,Randy Newman,Will Smith,Anne Hathaway,None,Pixar Animation Studios,65.0,251.7,49.8,26.8,41.5,147.7,104.0,228.6,7.4,61,76,71,2416,Disney+,1969-06-11,Yes,1,1,0,88,1,No,Dr. Facilier,Ralph,No,Yes,Yes,No,No,No,No,No,Yes,No,None,Family,33.0,No,None,No,No,26.2,6.9,6.0,2.7,2.9,9.97,31,Yes,No,9.3,43.9,616.7,175.1,Massive Profit,Hit
DIS00494,Cinderella,Cinderella,1990,1990-03-11,1990s,Short Film,Comedy,Superhero,157,PG,English,UK,Andrew Stanton,Roy Conli,Germaine Franco,Robert Downey Jr.,Zendaya,Stop Motion,20th Century Studios,294.2,2802.8,238.5,118.1,360.5,1077.0,1725.8,686.0,8.3,83,88,83,3970,Disney+,1991-01-25,Yes,6,3,2,91,2,No,Yzma,Remy,No,Yes,No,No,Yes,No,No,No,Yes,No,None,Everyone,137.8,No,None,No,No,100.0,8.3,8.3,10.0,10.0,22.15,83,No,No,65.0,384.7,5325.3,2446.2,Massive Profit,Mega Blockbuster
DIS00495,Legend of the Isles 2,Legend of the Isles,1946,1946-11-26,1940s,Disney Channel Original,Action,Sports,99,PG,English,USA,Dean DeBlois,Kevin Feige,Lin-Manuel Miranda,Chris Pratt,Kristen Bell,Stop Motion,Walt Disney Pictures,68.4,152.8,55.5,14.2,14.2,73.2,79.6,119.2,5.5,50,47,45,3047,Disney+ Hotstar,1947-03-24,Yes,0,0,0,51,0,No,Hades,Mirabel,No,No,No,No,Yes,No,No,No,No,Yes,None,Everyone,47.2,No,None,No,No,19.1,5.9,5.0,1.0,1.0,4.58,6,Yes,No,9.3,29.6,458.4,83.1,High Profit,Hit
DIS00496,Cinderella: Secret,Cinderella,1941,1941-04-23,1940s,Pixar,Sci-Fi,Road Trip,145,PG,English,USA,Gary Trousdale,John Lasseter,Germaine Franco,Will Smith,Idina Menzel,3D CGI,Walt Disney Animation Studios,369.8,314.5,280.5,160.7,63.0,196.3,118.2,-28.7,8.4,90,79,96,1379,Disney+,1941-11-05,Yes,0,4,0,70,4,No,Yzma,Rapunzel,Yes,Yes,No,Yes,Yes,No,No,No,Yes,No,None,Everyone,86.0,No,None,No,No,36.6,8.6,8.7,2.8,4.5,13.4,25,No,No,26.9,62.6,982.8,-126.7,Loss,Flop
DIS00497,Adventures of the Realm,Standalone,1969,1969-05-06,1960s,Short Film,Family,Mystery,69,PG,English,USA,John Musker,Kevin Feige,Hans Zimmer,Chris Pratt,Auli'i Cravalho,3D CGI,Marvel Studios,391.2,921.4,369.6,171.7,141.5,526.5,394.9,70.2,6.3,53,57,52,624,Theatrical Only,,No,1,2,1,40,0,Yes,Chernabog,Mike Wazowski,No,No,No,No,Yes,Yes,No,No,No,No,Marvel Cinematic Universe,Everyone,91.3,No,None,No,No,46.2,6.2,5.4,5.2,5.2,12.82,38,No,No,0.0,120.1,2234.4,380.1,Medium Profit,Hit
DIS00498,Bambi,Bambi,1988,1988-11-14,1980s,Short Film,Family,Coming of Age,166,PG,Hindi,USA,Lee Unkrich,Osnat Shurer,Alan Menken,Ryan Reynolds,Zoe Saldana,2D,Walt Disney Pictures,239.9,1442.4,186.7,92.4,56.3,434.8,1007.6,416.8,4.9,49,38,42,755,Disney+,1989-07-31,Yes,0,0,0,27,4,No,Dr. Facilier,Aurora,Yes,No,Yes,Yes,Yes,Yes,No,No,Yes,No,None,Teen,118.9,Yes,Disney's Animal Kingdom,Yes,No,70.4,5.1,4.9,9.0,7.8,3.95,88,Yes,No,38.9,110.4,2812.7,1163.3,Massive Profit,Blockbuster
DIS00499,Zootopia: Awakens,Zootopia,2005,2005-08-13,2000s,Animated,Adventure,Buddy Comedy,103,PG,Hindi,Japan,Marc Webb,Kathleen Kennedy,Patrick Doyle,Will Smith,Emma Stone,3D CGI,Disney Channel Productions,165.0,208.9,152.8,37.2,9.5,65.7,143.2,9.9,8.5,90,71,89,2115,Disney+,2006-06-15,Yes,1,1,0,63,0,No,Mother Gothel,Winnie the Pooh,No,No,No,No,Yes,No,No,No,Yes,No,None,Everyone,51.2,No,None,No,No,36.3,8.4,9.6,4.3,3.0,7.53,43,No,Yes,43.3,21.3,318.6,18.9,Low Profit,Average
DIS00500,Cruella,Cruella,1950,1950-07-18,1950s,Remake,Musical,Mystery,153,PG,Hindi,USA,Jennifer Lee,Roy Conli,Christophe Beck,Dwayne Johnson,Halle Bailey,3D CGI,Disney Channel Productions,324.0,1088.7,258.0,144.6,169.7,494.9,593.8,170.4,7.1,69,73,70,765,DisneyNOW,1951-03-03,No,0,0,0,67,12,Yes,Maleficent,Mulan,Yes,Yes,Yes,Yes,Yes,No,Yes,Yes,No,No,None,Everyone,207.4,No,None,Yes,Yes,63.8,7.3,7.1,7.1,5.9,18.51,64,No,Yes,0.0,120.8,3157.2,686.1,Massive Profit,Hit
DIS00501,The Enchanted Stardust: Origins,The Enchanted Stardust,1977,1977-01-24,1970s,Short Film,Action,Sports,114,PG,English,Japan,Rich Moore,John Lasseter,Christophe Beck,Dwayne Johnson,Sofia Carson,3D CGI,Marvel Studios,71.5,357.8,67.4,26.5,46.6,137.9,219.9,281.0,8.2,74,81,74,2129,Disney+,1977-07-27,Yes,2,2,1,100,14,Yes,Jafar,Mal,No,Yes,Yes,Yes,Yes,No,No,No,Yes,No,Marvel Cinematic Universe,Family,146.3,No,None,No,No,46.8,8.2,7.1,4.2,5.8,10.16,49,No,No,49.7,56.9,796.1,263.9,Massive Profit,Blockbuster
DIS00502,Legend of the Sea 3,Legend of the Sea,1972,1972-04-11,1970s,Animated,Fantasy,Superhero,173,G,Hindi,Japan,Nathan Greno,Roy Conli,Hans Zimmer,Robert Downey Jr.,Idina Menzel,2D,Lucasfilm,169.8,83.2,153.1,55.2,4.1,31.8,51.4,-60.1,8.0,82,75,76,4014,Disney+,1973-05-03,Yes,3,1,0,49,1,Yes,Jafar,Judy Hopps,No,No,Yes,No,Yes,Yes,No,No,No,No,None,Kids,22.8,No,None,No,No,23.1,8.1,8.1,1.0,2.8,6.86,21,No,No,18.1,13.2,195.5,-125.1,Loss,Flop
DIS00503,Beauty and the Beast 2,Beauty and the Beast,2019,2019-08-17,2010s,Pixar,Animation,Time Travel,185,G,English,USA,Jon Favreau,Kevin Feige,Thomas Newman,Chris Evans,Zoe Saldana,2D,Pixar Animation Studios,436.1,1085.2,382.8,186.9,55.9,443.2,642.0,90.5,6.3,53,59,53,3646,Disney+,2020-06-19,Yes,1,2,1,53,2,No,Maleficent,Carl Fredricksen,No,No,Yes,No,Yes,No,No,No,No,No,None,Teen,185.0,No,None,No,No,59.1,6.2,5.7,4.3,7.3,12.36,77,No,Yes,60.7,81.0,1275.1,515.5,High Profit,Hit
DIS00504,Winnie the Pooh,Standalone,1994,1994-02-06,1990s,Disney Channel Original,Sci-Fi,Heist,69,PG,English,Canada,Gary Trousdale,Jonas Rivera,Christophe Beck,Robert Downey Jr.,Emma Stone,Hybrid,Walt Disney Animation Studios,33.0,47.2,30.8,9.2,3.4,27.9,19.3,18.0,8.7,88,91,100,2649,Theatrical Only,,No,3,2,0,68,4,No,Hans,Ariel,Yes,Yes,Yes,Yes,Yes,No,No,No,No,No,None,Kids,25.0,No,None,No,No,26.2,8.6,8.5,1.9,1.8,6.23,19,No,No,0.0,6.8,85.0,7.2,Low Profit,Average
DIS00505,The Parent Trap,The Parent Trap,2012,2012-08-11,2010s,Disney Channel Original,Action,Fairy Tale,107,G,English,UK,Lee Unkrich,Yvett Merino,Germaine Franco,Ewan McGregor,Zoe Saldana,Hybrid,Disney Channel Productions,285.3,282.1,217.8,75.0,51.3,153.8,128.3,-3.7,6.1,61,34,68,3790,DisneyNOW,2013-03-11,No,0,0,0,69,12,No,Maleficent,Riley,No,Yes,Yes,Yes,Yes,No,No,No,No,No,None,Kids,57.2,No,None,No,No,28.5,6.7,6.0,3.3,2.7,10.07,27,No,Yes,0.0,52.6,380.8,-10.7,Loss,Average
DIS00506,The Magic Wonders 3,The Magic Wonders,1992,1992-05-22,1990s,Short Film,Family,Holiday,178,G,English,USA,Kirk Wise,Jared Bush,Germaine Franco,Robert Downey Jr.,Sofia Carson,2D,Disney Channel Productions,105.0,123.6,81.0,37.5,9.1,58.4,65.2,4.3,6.1,45,51,51,865,Disney+,1993-05-10,Yes,2,0,0,91,2,Yes,Captain Hook,Aurora,Yes,No,No,No,Yes,Yes,Yes,No,Yes,No,None,Kids,31.7,No,None,No,No,24.4,5.8,4.7,1.5,2.6,3.97,27,No,No,13.6,21.5,228.7,5.1,Low Profit,Average
DIS00507,Star Wars,Star Wars,1941,1941-09-18,1940s,Live Action,Sci-Fi,Buddy Comedy,95,G,English,India,Rich Moore,Osnat Shurer,Hans Zimmer,Josh Gad,Zoe Saldana,None,Marvel Studios,103.0,345.1,83.3,43.4,32.1,130.0,215.1,172.4,8.0,89,83,82,1008,Disney+,1942-04-07,Yes,4,3,1,70,2,Yes,Hades,Belle,Yes,Yes,No,No,Yes,Yes,No,No,Yes,No,Marvel Cinematic Universe,Kids,91.4,No,None,No,No,34.8,7.9,8.1,4.0,4.5,8.85,46,No,No,22.7,18.0,1078.4,218.4,Massive Profit,Hit
DIS00508,101 Dalmatians,101 Dalmatians,1978,1978-12-19,1970s,Disney Channel Original,Animation,Fairy Tale,77,PG-13,English,Japan,Brad Bird,Jonas Rivera,Thomas Newman,Robert Downey Jr.,Lily James,2D,Walt Disney Pictures,408.5,786.1,356.0,133.6,51.9,296.8,489.3,60.6,6.1,53,47,72,3806,Theatrical Only,,No,0,0,0,55,14,No,None,Belle,Yes,No,Yes,Yes,No,No,No,No,Yes,No,None,Teen,58.1,No,None,No,No,46.8,6.1,5.2,5.6,5.1,5.69,51,Yes,No,0.0,64.1,1729.4,296.5,Medium Profit,Average
DIS00509,Tale of Stardust: Untold Story,Tale of Stardust,1997,1997-06-22,1990s,Disney Channel Original,Action,Sports,69,PG-13,English,USA,Lee Unkrich,Peter Del Vecho,Hans Zimmer,Johnny Depp,Kristen Bell,2D,Pixar Animation Studios,165.9,275.9,154.7,64.8,33.2,104.2,171.7,25.7,7.1,55,55,67,2241,Disney+,1997-09-14,Yes,2,2,2,44,0,No,Captain Hook,Cinderella,Yes,No,No,No,No,No,No,No,No,No,None,Teen,80.1,No,None,No,No,34.2,7.6,5.5,4.0,3.4,13.38,48,No,Yes,28.0,21.1,475.9,56.4,Medium Profit,Average
DIS00510,Legend of the North: Return,Legend of the North,2025,2025-11-07,2020s,Remake,Animation,Road Trip,169,G,English,Japan,John Musker,Yvett Merino,Christophe Beck,Robert Downey Jr.,Idina Menzel,None,Marvel Studios,332.5,394.5,314.0,72.8,82.9,240.3,154.2,2.0,6.7,81,63,69,4087,Disney+,2026-05-12,Yes,0,0,0,96,14,Yes,Maleficent,Stitch,No,Yes,Yes,Yes,Yes,No,No,Yes,Yes,No,Marvel Cinematic Universe,Teen,70.7,No,None,No,No,33.8,7.0,8.3,2.5,3.2,7.14,45,Yes,No,34.2,69.7,404.4,7.7,Low Profit,Average
DIS00511,Descendants,Descendants,1972,1972-04-08,1970s,Live Action,Musical,Superhero,87,PG,English,UK,Byron Howard,Kevin Feige,James Newton Howard,Ryan Reynolds,Halle Bailey,None,Pixar Animation Studios,148.5,206.3,126.4,46.9,12.2,96.8,109.5,19.0,7.9,91,75,78,2055,Disney+,1972-12-09,Yes,2,1,0,57,5,No,None,Hercules,No,No,Yes,Yes,Yes,No,Yes,No,No,No,None,Everyone,98.0,No,None,No,No,40.9,7.5,8.5,4.6,5.6,13.93,42,No,No,33.7,30.5,484.8,33.0,Low Profit,Average
DIS00512,Spirit of the Realm (Remake),Standalone,1973,1973-06-21,1970s,Animated,Family,Fairy Tale,163,PG-13,English,USA,Rob Marshall,John Lasseter,Germaine Franco,Jason Segel,Emma Stone,Stop Motion,Walt Disney Pictures,164.6,67.9,145.9,36.5,5.3,35.2,32.7,-62.8,6.1,52,63,64,4148,Theatrical Only,,No,0,0,0,48,5,No,Shan Yu,Nemo,No,Yes,No,Yes,No,No,No,No,No,No,None,Everyone,13.9,No,None,No,No,17.3,5.9,6.1,2.2,1.3,4.72,21,No,Yes,0.0,12.6,157.9,-114.5,Loss,Flop
DIS00513,Hercules (Remake),Hercules,1992,1992-11-02,1990s,Short Film,Sci-Fi,Heist,169,PG,English,UK,Andrew Stanton,Jonas Rivera,Patrick Doyle,Chris Pratt,Kristen Bell,3D CGI,Disneytoon Studios,282.6,1376.9,227.7,80.2,183.8,783.6,593.3,347.2,7.3,68,82,78,4280,Theatrical Only,,No,1,1,0,91,15,No,Scar,Ralph,No,Yes,No,Yes,Yes,No,No,No,Yes,No,None,Everyone,143.9,No,None,No,No,64.2,7.1,6.7,5.9,5.8,25.66,80,Yes,No,0.0,82.0,2547.3,1069.0,Massive Profit,Blockbuster
DIS00514,Legend of the Forest,Legend of the Forest,2025,2025-01-01,2020s,Disney Channel Original,Sci-Fi,Road Trip,152,PG-13,English,USA,Jon Favreau,Yvett Merino,James Newton Howard,Tom Holland,Zoe Saldana,3D CGI,Disney Channel Productions,169.5,1619.4,144.4,54.6,118.7,610.5,1008.9,713.8,8.8,95,81,83,1308,Theatrical Only,,No,5,1,1,73,4,Yes,Judge Frollo,Mulan,Yes,No,No,Yes,No,No,No,No,Yes,No,None,Kids,172.5,No,None,Yes,Yes,78.3,8.7,9.2,8.8,8.9,12.78,68,No,No,0.0,290.5,1659.9,1420.4,Massive Profit,Mega Blockbuster
DIS00515,Kingdom of the North (Remake),Kingdom of the North,1951,1951-05-21,1950s,Disney Channel Original,Fantasy,Coming of Age,182,G,English,Canada,Marc Webb,Jared Bush,Michael Giacchino,Robert Downey Jr.,Sofia Carson,Hybrid,Marvel Studios,303.6,2099.9,260.9,107.0,276.2,882.5,1217.4,470.8,7.2,54,61,68,2746,Disney+,1952-05-10,Yes,1,0,0,37,1,Yes,Cruella de Vil,Remy,No,No,Yes,No,Yes,No,Yes,No,Yes,No,Marvel Cinematic Universe,Everyone,286.2,Yes,Disneyland,No,No,82.7,6.9,5.6,7.9,8.8,16.18,72,No,No,46.2,366.5,6037.2,1732.0,Massive Profit,Blockbuster
DIS00516,Legend of the Realm: Origins,Legend of the Realm,1944,1944-04-19,1940s,Disney Channel Original,Action,Road Trip,127,PG,English,USA,Jennifer Lee,Kathleen Kennedy,Hans Zimmer,Tom Holland,Lily James,3D CGI,Walt Disney Animation Studios,349.3,500.4,331.1,85.5,45.7,299.4,201.0,20.1,5.2,35,41,45,2270,Disney+ Hotstar,1945-05-11,Yes,0,0,0,49,1,No,None,Judy Hopps,No,No,No,No,Yes,No,No,No,Yes,No,None,Kids,102.2,No,None,No,No,33.5,4.5,3.4,3.3,3.0,3.08,48,No,No,13.6,31.5,1526.2,83.8,Low Profit,Average
DIS00517,Legend of the Realm 2,Legend of the Realm,1960,1960-07-25,1960s,Disney Channel Original,Action,Road Trip,181,PG,English,USA,Craig Gillespie,John Lasseter,Lin-Manuel Miranda,Jason Segel,Emma Watson,Hybrid,20th Century Studios,401.0,1427.2,328.4,158.9,148.3,588.1,839.1,192.9,5.3,30,33,45,3570,Disney+,1961-05-24,Yes,0,0,0,23,0,No,Jafar,Hercules,No,No,No,No,Yes,No,No,No,Yes,No,None,Kids,231.6,No,None,Yes,No,70.0,4.9,2.8,7.1,6.8,5.09,56,No,Yes,60.7,278.2,3782.1,939.9,Massive Profit,Hit
DIS00518,The Princess and the Frog,The Princess and the Frog,1952,1952-02-05,1950s,Live Action,Romance,Fairy Tale,165,G,English,Canada,Jennifer Lee,Kevin Feige,Michael Giacchino,Ewan McGregor,Zendaya,None,Walt Disney Pictures,266.7,2720.0,249.3,98.3,220.7,932.7,1787.3,682.5,4.3,32,25,41,1768,Disney+,1953-01-17,Yes,0,0,0,25,0,No,Chernabog,Woody,No,No,No,No,Yes,Yes,No,No,No,Yes,None,Kids,142.4,Yes,EPCOT,Yes,No,100.0,4.1,3.0,10.0,9.0,20.67,98,No,No,90.0,383.0,7752.0,2372.4,Massive Profit,Mega Blockbuster
DIS00519,Treasure Planet: Adventure,Treasure Planet,1963,1963-06-19,1960s,Pixar,Drama,Fairy Tale,132,PG,Multiple,USA,Lee Unkrich,Peter Del Vecho,Alan Menken,Idris Elba,Halle Bailey,Hybrid,Walt Disney Pictures,304.1,632.3,240.3,71.5,76.8,396.8,235.5,102.8,7.4,82,60,80,3079,Disney+ Hotstar,1964-06-29,Yes,0,0,0,30,0,No,Hans,Mike Wazowski,No,No,Yes,No,Yes,No,No,No,No,No,None,Family,82.4,No,None,No,No,49.3,7.7,8.0,5.0,4.7,8.04,66,No,Yes,31.0,95.6,1628.2,320.5,High Profit,Hit
DIS00520,Kingdom of Wonders 4,Kingdom of Wonders,1940,1940-03-14,1940s,Live Action,Animation,Superhero,85,G,Japanese,USA,Byron Howard,Roy Conli,Patrick Doyle,Will Smith,Auli'i Cravalho,None,Disneytoon Studios,222.4,723.7,167.5,74.1,48.7,343.2,380.5,199.5,6.0,55,53,50,2974,Disney+,1940-12-08,Yes,0,0,0,66,14,No,Judge Frollo,Aladdin,No,No,Yes,Yes,Yes,No,No,No,No,Yes,None,Teen,148.1,No,None,No,No,45.6,5.9,5.0,4.5,5.4,8.32,46,No,No,31.8,96.4,2279.7,482.1,Massive Profit,Hit
DIS00521,The Jungle Book,The Jungle Book,1947,1947-05-22,1940s,Pixar,Action,Fairy Tale,144,PG,English,UK,John Musker,John Lasseter,Patrick Doyle,Will Smith,Kristen Bell,Stop Motion,Marvel Studios,213.3,498.4,201.6,73.6,84.9,278.3,220.1,81.1,8.2,70,77,83,4290,DisneyNOW,1947-12-30,No,3,2,0,57,1,Yes,Hades,WALL-E,No,Yes,No,No,Yes,No,No,No,No,No,Marvel Cinematic Universe,Family,44.0,No,None,No,No,45.1,7.8,7.7,5.6,3.6,9.17,48,No,No,0.0,95.7,1482.7,223.2,High Profit,Hit
DIS00522,Freaky Friday: Untold Story,Freaky Friday,1982,1982-08-22,1980s,Disney Channel Original,Action,Coming of Age,150,PG-13,English,UK,Jennifer Lee,Jason Owen,Hans Zimmer,Robert Downey Jr.,Anne Hathaway,Hybrid,Pixar Animation Studios,275.6,988.5,261.7,106.4,80.9,343.3,645.2,168.5,8.3,86,92,93,883,Disney+,1983-01-01,Yes,2,0,0,16,1,No,Ursula,Bob Parr,No,No,No,No,No,No,No,No,Yes,No,None,Teen,159.3,No,None,No,No,69.4,8.2,8.4,8.3,7.7,10.49,76,No,Yes,78.6,178.2,2075.8,620.4,Massive Profit,Hit
DIS00523,Descendants: Chronicles,Descendants,2017,2017-04-23,2010s,Live Action,Comedy,Road Trip,172,G,English,USA,Ron Clements,Kathleen Kennedy,Hans Zimmer,Dwayne Johnson,Anne Hathaway,None,Lucasfilm,134.4,537.5,104.3,50.4,53.7,250.2,287.3,247.4,7.1,49,58,67,1796,Disney+ Hotstar,2017-10-13,Yes,2,2,1,47,0,No,None,Ariel,Yes,Yes,No,No,Yes,No,No,No,No,No,None,Teen,102.9,No,None,No,No,33.0,7.3,5.4,2.6,3.0,2.3,20,No,No,18.1,84.9,658.4,382.8,Massive Profit,Hit
DIS00524,Teen Beach: Adventure,Teen Beach,2021,2021-11-16,2020s,Remake,Musical,Time Travel,181,G,English,Canada,Ron Clements,John Lasseter,Christophe Beck,Jason Segel,Zoe Saldana,None,Disney Channel Productions,11.5,12.7,10.1,4.9,2.5,8.0,4.7,-15.3,6.0,40,52,45,3401,Disney+,2022-07-04,Yes,0,0,0,66,5,No,Gaston,Mirabel,No,Yes,No,Yes,Yes,No,No,Yes,No,No,None,Kids,24.4,No,None,No,No,23.3,6.0,4.1,1.9,2.4,7.12,32,Yes,No,27.0,1.5,14.3,-2.3,Loss,Average
DIS00525,Legend of the Forest,Standalone,2027,2027-06-11,2020s,Live Action,Action,Time Travel,85,PG,English,Canada,Lee Unkrich,Roy Conli,Lin-Manuel Miranda,Jason Segel,Lily James,None,Walt Disney Pictures,80.6,166.0,76.0,25.2,15.0,79.4,86.6,64.0,6.1,43,48,62,0,Theatrical Only,,No,0,0,0,74,13,No,Dr. Facilier,Mike Wazowski,No,No,No,Yes,Yes,No,No,No,No,No,None,Everyone,56.1,No,None,No,No,23.0,6.1,4.0,1.9,1.8,4.62,17,No,Yes,0.0,27.1,166.0,64.8,Medium Profit,Hit
DIS00526,The Princess and the Frog 2,Standalone,2020,2020-05-27,2020s,Remake,Musical,Road Trip,169,PG-13,English,USA,Andrew Stanton,Kathleen Kennedy,Thomas Newman,Chris Pratt,Angelina Jolie,None,Pixar Animation Studios,412.0,733.4,316.4,90.9,100.3,385.3,348.1,80.1,7.0,65,68,73,4286,Disney+ Hotstar,2020-09-03,Yes,2,1,0,52,6,No,Ursula,Miguel,No,Yes,Yes,Yes,No,Yes,No,Yes,No,No,None,Kids,161.4,No,None,No,No,50.5,7.2,6.5,4.7,4.2,17.21,53,No,No,17.4,138.3,843.4,326.1,High Profit,Average
DIS00527,Tarzan 4,Tarzan,1953,1953-08-07,1950s,Live Action,Romance,Coming of Age,62,G,English,India,Jon Favreau,Jared Bush,Patrick Doyle,Jason Segel,Idina Menzel,None,20th Century Studios,349.5,202.0,285.3,136.2,16.1,71.0,131.0,-52.1,6.7,55,67,58,2633,Disney+,1954-03-12,Yes,0,0,0,68,15,No,Jafar,Remy,No,Yes,Yes,Yes,Yes,No,No,No,No,No,None,Kids,19.0,No,None,No,No,21.5,6.6,4.8,1.7,1.7,2.67,21,No,Yes,18.6,32.3,570.7,-219.5,Loss,Flop
DIS00528,The Muppets,The Muppets,1945,1945-05-12,1940s,Remake,Comedy,Coming of Age,68,PG,Spanish,Canada,Lee Unkrich,Jason Owen,James Newton Howard,Chris Evans,Auli'i Cravalho,None,20th Century Studios,78.6,807.3,60.2,25.8,57.2,449.3,358.0,838.7,8.6,87,92,82,626,Theatrical Only,,No,3,1,0,64,14,No,Cruella de Vil,Pocahontas,Yes,No,No,Yes,Yes,No,No,Yes,Yes,No,None,Kids,70.7,No,None,Yes,Yes,55.1,8.3,9.0,6.9,6.5,3.83,36,No,No,0.0,85.7,2442.1,721.3,Massive Profit,Mega Blockbuster
DIS00529,The Princess and the Frog 4,The Princess and the Frog,1981,1981-11-22,1980s,Pixar,Fantasy,Sports,150,PG,English,India,Ron Clements,John Lasseter,Christophe Beck,Tom Holland,Angelina Jolie,3D CGI,Pixar Animation Studios,423.4,535.4,397.9,173.6,60.9,288.6,246.8,-6.3,5.9,56,45,53,1747,Disney+,1982-04-22,Yes,0,0,0,70,2,No,None,Hiro,No,Yes,Yes,No,Yes,No,No,No,Yes,No,None,Teen,65.8,No,None,No,No,34.9,5.9,5.0,3.4,4.0,9.47,43,Yes,No,18.1,84.3,1137.7,-36.1,Loss,Average
DIS00530,Bambi: Beyond,Bambi,1943,1943-08-27,1940s,Animated,Romance,Mystery,138,G,English,USA,Nathan Greno,Roy Conli,Germaine Franco,Chris Evans,Angelina Jolie,2D,20th Century Studios,97.7,476.2,92.0,27.5,50.9,157.9,318.3,298.5,6.1,48,67,64,2868,Disney+,1944-01-17,Yes,0,0,0,60,7,No,Yzma,Ariel,Yes,Yes,No,Yes,Yes,No,No,No,No,No,None,Kids,106.7,No,None,No,No,35.4,6.3,5.1,3.6,3.5,8.1,29,No,Yes,19.6,84.5,1464.3,356.7,Massive Profit,Blockbuster
DIS00531,Snow White,Snow White,1975,1975-11-19,1970s,Pixar,Fantasy,Mystery,124,PG,English,India,Pete Docter,Kathleen Kennedy,Patrick Doyle,Idris Elba,Idina Menzel,Hybrid,Pixar Animation Studios,275.8,1449.2,219.0,61.4,167.5,642.7,806.5,416.8,7.7,79,70,76,1524,Theatrical Only,,No,0,0,0,84,12,No,Maleficent,Aurora,Yes,No,Yes,Yes,Yes,No,No,No,Yes,No,None,Teen,191.4,No,None,Yes,Yes,75.6,7.8,8.1,8.2,7.1,8.49,79,Yes,No,0.0,269.3,3296.9,1168.8,Massive Profit,Blockbuster
DIS00532,Tale of the Isles,Tale of the Isles,2011,2011-03-13,2010s,Disney Channel Original,Family,Road Trip,109,PG,Hindi,UK,Jennifer Lee,Osnat Shurer,Germaine Franco,Dwayne Johnson,Idina Menzel,Stop Motion,Disney Channel Productions,118.5,730.2,108.7,28.8,117.3,395.4,334.8,431.1,7.7,78,71,82,3883,Disney+,2011-06-07,Yes,1,0,0,50,10,No,Captain Hook,Cinderella,Yes,Yes,No,Yes,Yes,No,No,No,No,No,None,Family,97.5,No,None,No,No,51.4,7.6,7.8,4.9,6.1,14.38,56,No,No,59.5,144.7,1004.0,592.7,Massive Profit,Blockbuster
DIS00533,Spirit of Wonders 2,Spirit of Wonders,2007,2007-09-16,2000s,Live Action,Action,Mystery,166,PG,Hindi,USA,Pete Docter,Osnat Shurer,Thomas Newman,Tom Holland,Emma Stone,None,20th Century Studios,364.3,2687.4,326.5,151.3,290.6,1643.8,1043.6,462.5,7.1,56,53,69,846,Disney+ Hotstar,2008-01-23,Yes,0,0,0,45,0,No,Gaston,Riley,No,No,No,No,Yes,Yes,No,No,No,No,None,Everyone,345.2,Yes,Tokyo Disneyland,Yes,Yes,100.0,7.3,6.5,8.3,9.6,34.18,96,No,No,103.4,279.8,3963.9,2209.6,Massive Profit,Mega Blockbuster
DIS00534,Legend of Stardust 2,Legend of Stardust,1955,1955-06-23,1950s,Animated,Animation,Fairy Tale,180,G,English,USA,Rob Marshall,Yvett Merino,Lin-Manuel Miranda,Ewan McGregor,Sofia Carson,2D,Disney Channel Productions,49.1,79.1,45.8,12.8,5.3,34.8,44.3,35.0,5.1,36,43,43,3968,Disney+,1956-03-29,Yes,0,0,0,39,5,No,Mother Gothel,Rapunzel,Yes,Yes,Yes,Yes,Yes,No,No,No,No,No,None,Kids,22.5,No,None,No,No,14.8,5.3,4.2,1.0,2.8,4.53,16,No,Yes,9.9,12.2,219.5,20.5,Medium Profit,Average
DIS00535,Adventures of the Sea: Kingdom,Standalone,1989,1989-07-10,1980s,Short Film,Drama,Fairy Tale,154,G,French,UK,Lee Unkrich,Jared Bush,Randy Newman,Josh Gad,Sofia Carson,2D,Walt Disney Pictures,343.1,2362.5,293.6,144.1,328.0,1318.9,1043.6,439.8,7.3,70,70,76,3021,Disney+,1989-10-17,Yes,4,2,2,52,2,No,Gaston,Merida,Yes,Yes,No,No,Yes,No,No,No,No,No,None,Kids,85.2,Yes,Disney's Hollywood Studios,Yes,Yes,99.4,7.5,7.0,10.0,10.0,30.19,100,No,Yes,114.5,319.5,4547.8,1924.8,Massive Profit,Blockbuster
DIS00536,The Chronicles of Narnia 3,The Chronicles of Narnia,1958,1958-12-09,1950s,Disney Channel Original,Animation,Road Trip,77,PG-13,Hindi,Japan,Jon Favreau,Roy Conli,Randy Newman,Tom Holland,Emma Watson,Hybrid,Disney Channel Productions,72.9,168.0,56.5,26.8,12.4,72.8,95.2,101.7,7.4,83,74,84,3848,Disney+,1959-09-03,Yes,2,1,0,51,7,No,Cruella de Vil,Merida,Yes,No,Yes,Yes,No,No,Yes,No,No,No,None,Teen,78.3,No,None,No,No,40.7,7.8,8.9,4.8,2.4,3.08,43,Yes,No,26.8,9.1,453.6,84.7,High Profit,Hit
DIS00537,Up: Curse,Up,1980,1980-08-12,1980s,Disney Channel Original,Animation,Sports,127,PG,English,USA,Brad Bird,Yvett Merino,Thomas Newman,Ryan Reynolds,Sofia Carson,Hybrid,Marvel Studios,398.8,533.5,368.2,115.5,80.5,264.7,268.8,10.3,5.9,57,55,42,2787,Disney+,1981-01-20,Yes,0,0,0,34,4,Yes,Scar,Pocahontas,Yes,Yes,Yes,Yes,Yes,No,No,No,Yes,No,Marvel Cinematic Universe,Kids,118.6,No,None,No,No,38.3,5.8,5.3,2.2,4.3,7.36,43,No,Yes,29.8,36.0,1147.0,49.8,Low Profit,Average
DIS00538,Teen Beach,Teen Beach,1948,1948-04-09,1940s,Animated,Animation,Heist,83,G,English,USA,John Musker,John Lasseter,Thomas Newman,Josh Gad,Angelina Jolie,Stop Motion,Lucasfilm,59.9,225.9,51.3,23.6,31.7,124.4,101.5,201.6,6.1,62,62,62,1148,Disney+,1948-12-17,Yes,1,0,0,45,4,No,Maleficent,Snow White,Yes,Yes,Yes,Yes,Yes,No,No,No,No,No,None,Teen,46.5,No,None,No,No,34.4,5.9,5.5,3.9,3.8,8.66,43,No,No,25.3,23.4,666.4,151.0,Massive Profit,Hit
DIS00539,Brave 4,Brave,1949,1949-01-24,1940s,Pixar,Family,Time Travel,189,PG,English,UK,Pete Docter,Roy Conli,Lin-Manuel Miranda,Tom Holland,Kristen Bell,3D CGI,Pixar Animation Studios,50.2,27.4,40.4,20.4,4.1,13.1,14.3,-54.9,8.8,82,84,94,3720,Disney+,1949-11-04,Yes,4,1,0,70,15,No,Captain Hook,Tarzan,No,Yes,No,Yes,Yes,No,No,No,Yes,No,None,Everyone,95.3,No,None,No,No,40.2,8.4,6.9,3.6,3.6,13.1,33,No,No,24.8,4.5,80.1,-33.4,Loss,Flop
DIS00540,Winnie the Pooh: Reborn,Winnie the Pooh,1957,1957-06-14,1950s,Animated,Drama,Time Travel,120,G,Spanish,USA,Craig Gillespie,John Lasseter,Alan Menken,Dwayne Johnson,Zendaya,Hybrid,Lucasfilm,188.0,368.2,150.1,38.1,44.1,129.8,238.4,95.6,7.6,70,66,79,4090,Theatrical Only,,No,2,1,1,67,12,No,Yzma,Bob Parr,No,No,Yes,Yes,Yes,No,No,No,No,No,None,Everyone,102.5,No,None,No,No,39.8,7.6,7.1,2.7,3.6,14.42,44,No,Yes,0.0,68.8,1003.3,180.0,High Profit,Average
DIS00541,Kingdom of the Realm (Remake),Kingdom of the Realm,1941,1941-09-22,1940s,Animated,Sci-Fi,Mystery,82,PG,Multiple,USA,Rich Moore,Roy Conli,Thomas Newman,Jason Segel,Idina Menzel,Stop Motion,Walt Disney Animation Studios,422.0,414.3,381.7,127.1,42.2,217.7,196.6,-18.6,9.1,90,81,85,1840,Theatrical Only,,No,0,1,0,59,10,No,Scar,Tarzan,No,No,No,Yes,Yes,No,No,No,No,No,None,Everyone,147.1,No,None,No,No,42.3,8.9,8.8,4.6,3.8,9.41,40,No,No,0.0,47.2,1294.7,-94.5,Loss,Average
DIS00542,Ratatouille,Ratatouille,1951,1951-02-12,1950s,Disney Channel Original,Drama,Sports,102,PG-13,English,Japan,Craig Gillespie,Jared Bush,Lin-Manuel Miranda,Ewan McGregor,Halle Bailey,3D CGI,Walt Disney Pictures,251.2,894.6,196.2,63.9,51.1,348.5,546.1,243.9,8.8,88,78,96,3837,Disney+,1951-05-01,Yes,3,3,0,45,6,Yes,Captain Hook,Elsa,Yes,Yes,Yes,Yes,No,No,No,No,Yes,No,None,Everyone,137.1,No,None,No,No,57.3,9.0,8.9,4.6,6.4,14.29,67,No,No,54.7,177.4,2572.0,634.5,Massive Profit,Hit
DIS00543,Spirit of Dreams,Spirit of Dreams,1957,1957-10-21,1950s,Live Action,Musical,Road Trip,63,PG,English,USA,Craig Gillespie,Jonas Rivera,Thomas Newman,Chris Evans,Zoe Saldana,None,Walt Disney Pictures,61.7,74.0,57.4,23.5,9.7,44.4,29.6,-8.5,8.0,92,73,82,750,Theatrical Only,,No,1,3,0,32,8,No,Chernabog,Snow White,Yes,No,No,Yes,Yes,No,No,No,No,No,None,Teen,84.2,No,None,No,No,30.1,8.2,9.1,4.1,3.8,9.33,19,No,No,0.0,12.9,201.7,-6.9,Loss,Average
DIS00544,The Sword in the Stone,The Sword in the Stone,1955,1955-07-13,1950s,Animated,Comedy,Superhero,173,PG,English,Canada,Niki Caro,Yvett Merino,Christophe Beck,Tom Holland,Sofia Carson,Stop Motion,Walt Disney Pictures,65.5,358.4,49.7,29.0,22.9,135.4,223.0,355.4,6.4,62,50,61,4018,Disney+,1956-06-16,Yes,0,2,0,47,0,Yes,Mother Gothel,Riley,No,No,No,No,Yes,No,No,No,Yes,No,None,Kids,87.0,No,None,No,No,29.1,5.9,6.3,3.2,2.1,4.04,28,No,Yes,32.9,46.7,994.6,279.7,Massive Profit,Blockbuster
DIS00545,The Incredibles 3,The Incredibles,1944,1944-09-16,1940s,Short Film,Animation,Heist,111,G,Multiple,USA,Brad Bird,Kevin Feige,Patrick Doyle,Robert Downey Jr.,Auli'i Cravalho,2D,Disney Channel Productions,244.1,1156.7,192.6,98.0,114.0,736.9,419.8,298.0,7.0,60,52,70,3033,Theatrical Only,,No,3,1,1,41,1,No,Chernabog,Hercules,No,No,Yes,No,Yes,Yes,No,No,No,No,None,Everyone,117.1,No,None,No,No,50.2,7.1,5.1,4.5,6.2,6.52,48,No,No,0.0,93.0,3527.9,866.1,Massive Profit,Blockbuster
DIS00546,Tale of the North 2,Tale of the North,1975,1975-10-12,1970s,Pixar,Comedy,Time Travel,67,PG,Japanese,Japan,Byron Howard,Osnat Shurer,Randy Newman,Jason Segel,Sofia Carson,Hybrid,Disneytoon Studios,155.4,279.4,139.2,37.6,21.8,173.5,105.9,58.0,4.9,41,39,33,1046,Disney+,1976-05-28,Yes,0,0,0,86,13,Yes,None,Belle,Yes,No,Yes,Yes,Yes,Yes,No,No,No,Yes,None,Everyone,50.1,No,None,No,No,29.2,4.9,4.7,5.8,2.8,5.75,21,No,No,17.2,15.1,635.6,102.6,Medium Profit,Average
DIS00547,Legend of the Isles,Legend of the Isles,2022,2022-12-04,2020s,Live Action,Fantasy,Superhero,121,PG,Multiple,USA,Andrew Stanton,Kevin Feige,Thomas Newman,Dwayne Johnson,Idina Menzel,None,Disney Channel Productions,397.4,566.4,348.4,100.9,77.1,325.1,241.3,26.1,8.5,97,85,100,4298,DisneyNOW,2023-02-11,No,3,0,0,61,2,No,Captain Hook,Aladdin,No,No,Yes,No,Yes,No,No,No,No,No,None,Family,91.8,No,None,Yes,No,57.5,9.0,9.8,6.3,5.3,10.8,49,Yes,No,0.0,35.1,623.0,117.1,Medium Profit,Average
DIS00548,Coco: Origins,Coco,1952,1952-12-09,1950s,Disney Channel Original,Comedy,Holiday,166,PG-13,Multiple,USA,David Lowery,John Lasseter,Alan Menken,Ewan McGregor,Kristen Bell,Hybrid,Disney Channel Productions,147.4,367.6,137.8,33.9,35.8,116.5,251.1,114.1,9.0,96,95,97,3000,Disney+,1953-06-16,Yes,4,0,0,100,11,No,Maleficent,Woody,No,No,No,Yes,No,No,No,No,No,No,None,Family,42.2,No,None,No,No,38.6,8.7,10.0,3.7,4.3,8.18,46,Yes,No,18.5,62.7,1047.7,195.9,High Profit,Hit
DIS00549,Tale of Stardust,Tale of Stardust,1974,1974-08-11,1970s,Pixar,Fantasy,Time Travel,190,G,Multiple,USA,Craig Gillespie,Yvett Merino,Hans Zimmer,Will Smith,Idina Menzel,Hybrid,20th Century Studios,261.5,515.8,244.7,59.6,25.3,183.7,332.1,69.5,6.0,65,47,61,3644,Theatrical Only,,No,0,0,0,77,2,No,Mother Gothel,Nemo,No,Yes,Yes,No,Yes,No,No,No,Yes,No,None,Everyone,45.6,No,None,No,No,43.9,6.2,5.9,5.1,5.4,15.82,60,No,Yes,0.0,61.8,1186.3,211.5,Medium Profit,Average
DIS00550,Tangled 2,Tangled,1963,1963-12-22,1960s,Live Action,Comedy,Coming of Age,123,PG,English,USA,Jon Favreau,Kevin Feige,Hans Zimmer,Idris Elba,Halle Bailey,None,Pixar Animation Studios,193.2,206.4,152.4,43.6,9.5,63.7,142.7,5.3,6.9,56,65,76,4149,Disney+,1964-10-01,Yes,1,0,0,58,13,No,Judge Frollo,Aurora,Yes,No,Yes,Yes,Yes,No,No,No,Yes,No,None,Kids,74.6,No,None,No,No,27.6,6.4,6.4,3.2,2.9,7.03,28,Yes,No,15.4,19.9,531.5,10.4,Low Profit,Average
DIS00551,Tale of Wonders,Tale of Wonders,2013,2013-09-10,2010s,Live Action,Action,Mystery,99,G,English,USA,Ron Clements,Kathleen Kennedy,Germaine Franco,Dwayne Johnson,Kristen Bell,None,Marvel Studios,277.5,1133.2,210.0,60.7,63.3,417.5,715.7,318.6,6.5,76,61,55,4285,Disney+,2014-09-18,Yes,1,0,0,24,2,Yes,Mother Gothel,Mike Wazowski,No,Yes,No,No,Yes,No,No,No,Yes,No,Marvel Cinematic Universe,Kids,163.2,No,None,No,No,54.6,6.5,7.7,6.9,5.7,4.5,67,No,No,62.0,83.7,1501.5,862.5,Massive Profit,Blockbuster
DIS00552,Tangled,Tangled,1948,1948-03-19,1940s,Remake,Family,Buddy Comedy,67,PG,Hindi,USA,Rob Marshall,Roy Conli,Michael Giacchino,Dwayne Johnson,Emma Stone,Stop Motion,Walt Disney Pictures,107.1,488.1,97.2,25.0,61.0,203.9,284.2,299.4,6.6,49,54,67,3611,DisneyNOW,1948-11-25,No,0,0,0,49,1,No,Gaston,Ralph,No,No,Yes,No,Yes,No,No,Yes,No,No,None,Teen,61.3,No,None,No,No,30.6,6.3,4.8,3.2,3.2,7.15,25,No,No,0.0,69.5,1439.9,365.9,Massive Profit,Blockbuster
DIS00553,Peter Pan,Peter Pan,1957,1957-05-03,1950s,Pixar,Adventure,Road Trip,186,PG-13,English,UK,Chris Buck,Kevin Feige,Michael Giacchino,Robert Downey Jr.,Idina Menzel,Stop Motion,Walt Disney Pictures,421.1,1326.8,386.6,153.7,131.7,485.7,841.1,145.6,5.2,25,42,49,1822,Disney+,1957-08-14,Yes,0,0,0,30,0,No,None,Aladdin,No,No,No,No,No,No,No,No,Yes,No,None,Kids,183.0,No,None,Yes,No,60.3,5.6,2.6,7.1,5.7,22.36,71,No,No,59.6,246.8,3615.5,786.5,High Profit,Hit
DIS00554,Lilo & Stitch: Curse,Lilo & Stitch,1994,1994-03-21,1990s,Short Film,Musical,Fairy Tale,141,G,Multiple,USA,Ron Clements,Yvett Merino,Christophe Beck,Josh Gad,Emma Stone,Hybrid,Disney Channel Productions,21.3,92.2,19.0,5.3,9.0,48.1,44.1,279.4,4.0,33,25,30,699,Disney+ Hotstar,1994-10-14,Yes,0,0,0,73,8,Yes,Hans,Snow White,Yes,No,No,Yes,Yes,No,Yes,No,No,No,None,Family,50.6,No,None,No,No,16.6,4.1,3.5,1.6,1.0,3.52,24,No,No,15.2,8.6,166.0,67.9,Massive Profit,Blockbuster
DIS00555,Adventures of the Realm,Adventures of the Realm,1965,1965-10-22,1960s,Remake,Sci-Fi,Sports,69,PG,English,USA,Ron Clements,Kathleen Kennedy,James Newton Howard,Jason Segel,Emma Stone,None,Marvel Studios,449.5,2978.8,398.3,141.7,238.5,1230.2,1748.6,451.6,5.8,48,54,50,1983,DisneyNOW,1966-04-19,No,0,0,0,57,1,Yes,Cruella de Vil,Bob Parr,No,Yes,No,No,Yes,Yes,No,Yes,No,No,Marvel Cinematic Universe,Kids,164.8,Yes,Disney's Animal Kingdom,Yes,No,100.0,5.5,4.9,10.0,9.6,36.0,90,No,No,0.0,423.2,7521.5,2438.8,Massive Profit,Blockbuster
DIS00556,Aladdin,Aladdin,2011,2011-10-14,2010s,Animated,Family,Sports,150,PG,English,USA,Rob Marshall,Yvett Merino,Christophe Beck,Dwayne Johnson,Halle Bailey,Hybrid,Walt Disney Pictures,130.2,127.1,113.2,54.9,11.6,77.4,49.7,-24.4,6.0,54,48,55,1238,Theatrical Only,,No,0,1,0,64,1,No,Judge Frollo,Miguel,No,No,Yes,No,Yes,No,No,No,Yes,No,None,Family,65.4,No,None,No,No,27.8,6.1,5.5,1.6,3.2,8.4,23,No,No,0.0,11.5,174.8,-41.0,Loss,Average
DIS00557,Fantasia,Fantasia,1985,1985-02-11,1980s,Live Action,Animation,Fairy Tale,82,G,English,USA,Ron Clements,Kevin Feige,Lin-Manuel Miranda,Ryan Reynolds,Emma Watson,None,Pixar Animation Studios,348.3,886.2,293.9,107.3,98.7,322.7,563.5,120.9,4.1,35,25,30,3532,DisneyNOW,1986-03-02,No,0,0,0,56,5,No,Ursula,Tiana,Yes,Yes,Yes,Yes,Yes,No,No,No,No,No,None,Family,81.7,No,None,No,No,41.6,4.4,3.0,3.5,5.1,15.12,46,No,No,0.0,81.8,1794.6,485.0,High Profit,Hit
DIS00558,Hocus Pocus 2,Hocus Pocus,1940,1940-01-25,1940s,Animated,Fantasy,Heist,175,G,English,USA,Marc Webb,Jared Bush,Michael Giacchino,Dwayne Johnson,Lily James,3D CGI,Lucasfilm,294.2,1569.0,233.8,80.2,81.5,550.5,1018.5,399.7,5.7,60,36,51,1114,Disney+,1940-09-03,Yes,0,0,0,76,14,No,Hans,Mal,No,No,Yes,Yes,Yes,No,No,No,No,No,None,Kids,91.8,No,None,Yes,No,75.0,6.0,6.2,7.4,7.4,11.16,79,No,No,54.5,175.5,4942.3,1255.0,Massive Profit,Blockbuster
DIS00559,Tarzan,Tarzan,2006,2006-08-07,2000s,Pixar,Adventure,Fairy Tale,169,G,English,USA,David Lowery,John Lasseter,Alan Menken,Chris Pratt,Emma Stone,Hybrid,Lucasfilm,281.4,291.0,244.3,107.5,31.0,110.9,180.1,-17.3,6.8,63,50,62,4366,Theatrical Only,,No,1,0,0,63,12,No,Mother Gothel,Merida,Yes,Yes,No,Yes,Yes,No,No,No,No,No,None,Everyone,70.7,No,None,No,No,34.2,7.1,6.2,4.2,3.8,4.52,34,No,Yes,0.0,26.1,436.5,-60.8,Loss,Average
DIS00560,Pinocchio 4,Pinocchio,2026,2026-08-05,2020s,Live Action,Musical,Buddy Comedy,160,PG,Multiple,USA,Pete Docter,Jared Bush,James Newton Howard,Chris Evans,Zendaya,None,Disney Channel Productions,272.8,864.5,207.9,68.4,96.6,329.3,535.2,212.9,6.8,62,56,63,3558,Disney+,2026-10-09,Yes,2,0,0,66,12,No,Ursula,Stitch,No,Yes,Yes,Yes,Yes,No,No,No,Yes,No,None,Everyone,94.3,No,None,No,No,57.4,6.6,6.2,7.5,5.9,18.34,54,No,Yes,66.0,94.3,864.5,588.2,Massive Profit,Hit
DIS00561,The Magic the Realm,The Magic the Realm,1953,1953-06-15,1950s,Disney Channel Original,Fantasy,Coming of Age,76,PG-13,English,USA,Brad Bird,Kathleen Kennedy,Hans Zimmer,Tom Holland,Angelina Jolie,Stop Motion,Walt Disney Animation Studios,278.8,139.5,222.4,122.4,17.0,72.9,66.6,-59.5,6.8,61,55,67,1360,Disney+,1954-03-13,Yes,1,0,0,33,0,No,Hades,Ariel,Yes,Yes,Yes,No,No,No,No,No,No,No,None,Kids,67.4,No,None,No,No,20.5,7.1,6.0,1.8,1.9,2.4,22,No,Yes,16.4,20.5,394.1,-205.3,Loss,Flop
DIS00562,Tale of Wonders,Tale of Wonders,1942,1942-05-17,1940s,Pixar,Comedy,Sports,135,G,Hindi,USA,Brad Bird,Kathleen Kennedy,James Newton Howard,Ewan McGregor,Emma Watson,Hybrid,Walt Disney Animation Studios,254.8,486.5,217.1,65.9,29.2,207.3,279.2,71.9,5.7,64,48,59,1510,Disney+,1942-07-30,Yes,0,0,0,65,1,Yes,Ursula,Ralph,No,Yes,Yes,No,Yes,No,Yes,No,No,No,None,Kids,43.5,No,None,No,No,30.4,6.0,6.3,4.3,2.8,4.85,29,No,No,18.4,57.3,1508.2,203.5,Medium Profit,Average
DIS00563,Hercules,Hercules,2011,2011-04-13,2010s,Pixar,Musical,Mystery,161,PG,English,Japan,Kirk Wise,John Lasseter,Hans Zimmer,Ryan Reynolds,Emma Stone,2D,Walt Disney Pictures,228.9,2300.7,183.8,58.9,417.6,1367.4,933.3,848.0,5.6,47,48,44,4327,Disney+,2012-02-23,Yes,0,0,0,73,13,No,Shan Yu,Tiana,Yes,No,No,Yes,Yes,No,Yes,No,No,No,None,Kids,149.4,Yes,Disneyland,Yes,Yes,96.0,5.7,4.5,8.5,10.0,9.75,100,No,No,78.6,350.7,3163.5,2058.0,Massive Profit,Mega Blockbuster
DIS00564,Legend of the Forest: Secret,Legend of the Forest,1989,1989-02-24,1980s,Animated,Adventure,Superhero,128,PG-13,French,USA,Rich Moore,Jason Owen,Patrick Doyle,Jason Segel,Auli'i Cravalho,Stop Motion,20th Century Studios,395.3,1532.2,308.8,151.9,170.6,616.3,915.9,232.6,6.0,46,32,55,1645,Theatrical Only,,No,0,1,0,78,0,No,Hans,Hiro,No,No,Yes,No,No,Yes,No,No,No,No,None,Teen,160.7,Yes,Tokyo Disneyland,No,No,76.4,6.0,4.9,6.4,7.9,16.21,78,No,No,0.0,116.1,2949.5,1071.5,Massive Profit,Hit
DIS00565,Robin Hood (Remake),Robin Hood,2024,2024-05-26,2020s,Animated,Action,Superhero,140,G,English,USA,Byron Howard,Roy Conli,Germaine Franco,Tom Holland,Emma Watson,3D CGI,Lucasfilm,339.3,270.2,266.7,101.3,21.3,84.3,185.9,-26.6,6.9,62,61,65,1476,Disney+,2025-03-28,Yes,3,0,0,34,9,No,Ursula,Rapunzel,Yes,No,No,Yes,Yes,No,No,No,No,No,None,Kids,92.6,No,None,No,No,30.8,7.1,6.0,4.0,2.7,5.38,33,No,No,36.4,32.0,283.7,-97.8,Loss,Flop
DIS00566,The Golden the North: Awakens,Standalone,2013,2013-12-07,2010s,Pixar,Fantasy,Buddy Comedy,123,G,English,USA,Chris Buck,John Lasseter,Germaine Franco,Johnny Depp,Lily James,Stop Motion,20th Century Studios,231.7,381.4,202.3,56.1,25.8,158.0,223.4,47.6,6.9,46,59,64,557,DisneyNOW,2014-10-06,No,0,0,0,38,1,No,Gaston,Cinderella,Yes,Yes,Yes,No,Yes,No,No,No,No,No,None,Everyone,53.8,No,None,No,No,30.8,7.2,4.2,4.0,2.9,3.98,36,Yes,No,0.0,71.7,505.4,123.0,Medium Profit,Average
DIS00567,The Rescuers,The Rescuers,1968,1968-02-08,1960s,Animated,Family,Road Trip,110,PG,Japanese,USA,Nathan Greno,Yvett Merino,Patrick Doyle,Ewan McGregor,Angelina Jolie,Stop Motion,Pixar Animation Studios,398.2,1303.9,351.3,171.3,98.9,611.5,692.4,149.5,5.5,48,56,55,2432,DisneyNOW,1968-06-10,No,0,0,0,48,1,No,Dr. Facilier,Mirabel,No,No,No,No,Yes,Yes,No,No,Yes,No,None,Kids,51.1,No,None,No,No,62.5,5.1,4.8,5.6,6.6,22.91,66,No,No,0.0,112.0,3194.6,781.3,High Profit,Hit
DIS00568,The Enchanted the Sea,The Enchanted the Sea,1938,1938-09-21,1930s,Short Film,Drama,Coming of Age,148,G,English,Japan,Rich Moore,Roy Conli,Lin-Manuel Miranda,Tom Holland,Zendaya,Hybrid,20th Century Studios,337.5,1238.1,290.8,97.1,133.3,602.5,635.6,219.2,5.3,30,41,44,3171,DisneyNOW,1939-08-29,No,0,0,0,67,1,No,Yzma,Stitch,No,No,Yes,No,Yes,No,No,No,No,No,None,Everyone,161.8,No,None,No,No,54.0,5.3,3.3,4.7,5.0,18.1,42,No,No,0.0,83.7,3961.9,850.2,Massive Profit,Hit
DIS00569,Zootopia,Zootopia,1940,1940-06-26,1940s,Short Film,Drama,Holiday,184,G,English,USA,Ron Clements,Jared Bush,Randy Newman,Chris Pratt,Angelina Jolie,2D,Disneytoon Studios,166.0,163.6,141.9,41.5,31.5,102.6,61.0,-10.8,5.6,57,42,51,2955,Disney+,1941-03-27,Yes,0,0,0,69,1,No,None,Hercules,No,Yes,Yes,No,Yes,Yes,No,No,No,No,None,Everyone,101.3,No,None,No,No,31.0,5.7,6.1,3.2,2.9,5.44,33,No,Yes,29.7,9.8,515.3,-19.8,Loss,Average
DIS00570,Kingdom of Dreams 2,Standalone,2017,2017-03-24,2010s,Disney Channel Original,Animation,Sports,182,G,English,USA,Gary Trousdale,Roy Conli,Alan Menken,Ewan McGregor,Emma Stone,2D,Disneytoon Studios,103.5,613.7,88.4,30.2,107.4,378.9,234.8,417.5,6.7,63,68,62,3807,Theatrical Only,,No,1,0,0,47,2,No,None,Hercules,No,Yes,Yes,No,Yes,Yes,Yes,No,No,No,None,Kids,141.4,No,None,No,No,45.9,6.6,6.6,5.2,4.3,11.56,40,No,No,0.0,106.1,751.8,495.1,Massive Profit,Blockbuster
DIS00571,Tale of Wonders,Tale of Wonders,1948,1948-07-20,1940s,Short Film,Action,Road Trip,137,G,English,USA,Chris Buck,Peter Del Vecho,Lin-Manuel Miranda,Tom Holland,Halle Bailey,Hybrid,Disney Channel Productions,328.6,426.0,306.4,108.7,57.4,269.2,156.8,2.6,7.5,80,65,74,1704,Disney+,1949-03-03,Yes,1,0,0,54,11,No,Chernabog,Pocahontas,Yes,Yes,No,Yes,Yes,Yes,Yes,No,No,No,None,Kids,70.7,No,None,No,No,41.1,8.0,8.2,4.2,3.6,4.78,39,No,Yes,31.8,38.3,1256.7,10.9,Low Profit,Average
DIS00572,Kingdom of the Realm 3,Kingdom of the Realm,2009,2009-08-01,2000s,Pixar,Musical,Fairy Tale,153,G,Multiple,India,Dean DeBlois,Jason Owen,Michael Giacchino,Jason Segel,Emma Stone,Stop Motion,Disney Channel Productions,203.8,765.7,154.2,54.1,66.4,465.8,299.9,267.6,6.2,60,43,53,3888,Theatrical Only,,No,1,1,0,99,14,No,Captain Hook,Aladdin,No,No,No,Yes,Yes,No,No,No,No,No,None,Family,159.6,No,None,No,No,46.8,5.6,5.7,4.1,4.1,12.86,48,No,Yes,0.0,131.4,1091.1,557.4,Massive Profit,Hit
DIS00573,The Little Mermaid 2,Standalone,1986,1986-08-27,1980s,Pixar,Family,Coming of Age,66,G,English,USA,Dean DeBlois,Yvett Merino,Hans Zimmer,Robert Downey Jr.,Emma Stone,Stop Motion,Walt Disney Animation Studios,34.4,39.4,29.2,9.0,4.0,14.1,25.3,3.1,6.4,61,55,54,3052,Theatrical Only,,No,0,0,0,10,1,No,Gaston,Mal,No,No,No,No,Yes,No,No,No,No,No,None,Kids,25.7,No,None,No,No,28.2,6.4,6.7,4.0,2.6,3.37,26,No,Yes,0.0,5.7,78.8,1.2,Low Profit,Average
DIS00574,The Enchanted the Sea,The Enchanted the Sea,2007,2007-11-11,2000s,Short Film,Comedy,Mystery,156,PG,French,Japan,Pete Docter,Yvett Merino,Randy Newman,Will Smith,Zoe Saldana,2D,Disneytoon Studios,443.2,3046.0,376.3,111.9,281.4,1368.8,1677.2,523.9,5.2,43,38,45,1152,Theatrical Only,,No,0,0,0,52,2,No,Maleficent,Ralph,No,No,No,No,Yes,Yes,No,No,Yes,No,None,Teen,285.2,No,None,Yes,Yes,100.0,5.6,4.4,9.5,9.2,10.4,99,Yes,No,0.0,163.2,4492.9,2557.8,Massive Profit,Blockbuster
DIS00575,Fantasia 4,Fantasia,1942,1942-02-10,1940s,Remake,Adventure,Holiday,174,PG,English,Japan,Kirk Wise,Yvett Merino,Patrick Doyle,Chris Pratt,Anne Hathaway,None,Disneytoon Studios,67.5,708.9,52.3,19.6,142.7,419.1,289.8,886.0,7.7,57,87,69,1819,Disney+,1942-10-12,Yes,1,0,0,70,0,No,Hades,Stitch,No,No,No,No,Yes,No,No,Yes,No,No,None,Everyone,126.6,No,None,No,No,44.4,7.7,6.0,4.1,5.1,4.11,44,No,No,39.6,81.7,2197.6,637.0,Massive Profit,Mega Blockbuster
DIS00576,Pinocchio: New World,Pinocchio,2023,2023-07-22,2020s,Live Action,Drama,Time Travel,99,G,English,UK,John Musker,Peter Del Vecho,James Newton Howard,Tom Holland,Kristen Bell,None,Pixar Animation Studios,12.5,31.5,10.1,3.3,3.5,16.2,15.3,135.1,6.9,56,60,58,3946,Disney+,2024-01-29,Yes,1,0,0,57,2,No,Maleficent,WALL-E,No,No,No,No,Yes,Yes,No,No,No,No,None,Kids,26.8,No,None,No,No,9.2,7.1,6.1,1.0,1.0,1.38,9,No,Yes,7.5,6.1,33.9,18.1,High Profit,Hit
DIS00577,Lilo & Stitch: Journey,Lilo & Stitch,1968,1968-11-09,1960s,Short Film,Romance,Sports,120,G,English,USA,Andrew Stanton,Jared Bush,Randy Newman,Will Smith,Lily James,Hybrid,Pixar Animation Studios,143.9,258.6,114.7,45.3,16.5,107.2,151.4,61.6,6.2,61,47,55,792,Disney+,1969-01-30,Yes,1,2,1,65,6,No,None,Cinderella,Yes,No,No,Yes,Yes,Yes,No,No,Yes,No,None,Teen,35.1,No,None,No,No,27.7,6.3,5.5,2.8,3.5,10.3,23,Yes,No,25.6,49.9,633.6,98.6,Medium Profit,Average
DIS00578,Sister Act,Standalone,1945,1945-10-10,1940s,Disney Channel Original,Action,Mystery,154,G,English,USA,David Lowery,Peter Del Vecho,Thomas Newman,Robert Downey Jr.,Halle Bailey,Stop Motion,Disney Channel Productions,404.0,1568.6,334.5,154.8,112.9,621.2,947.4,220.6,7.6,69,58,62,3368,DisneyNOW,1946-09-21,No,1,0,0,72,1,No,Maleficent,WALL-E,No,No,No,No,Yes,No,No,No,No,No,None,Kids,149.3,No,None,Yes,No,74.7,7.7,7.3,6.8,6.6,17.26,69,No,No,0.0,266.9,4745.0,1079.3,Massive Profit,Hit
DIS00579,The Enchanted Wonders (Remake),The Enchanted Wonders,1947,1947-04-24,1940s,Live Action,Family,Sports,76,PG-13,English,Canada,Rich Moore,Roy Conli,Lin-Manuel Miranda,Will Smith,Anne Hathaway,None,Disney Channel Productions,375.6,567.1,312.9,135.2,35.1,219.2,347.9,26.6,5.7,49,45,44,3478,Disney+,1948-01-07,Yes,0,0,0,39,7,Yes,Shan Yu,Moana,Yes,Yes,No,Yes,No,No,No,No,No,No,None,Everyone,47.4,No,None,No,No,42.5,5.6,5.0,3.7,5.0,16.52,42,No,No,40.2,46.0,1687.1,119.0,Medium Profit,Average
DIS00580,Legend of the Realm,Legend of the Realm,1972,1972-12-09,1970s,Short Film,Fantasy,Mystery,109,PG-13,English,Japan,Lee Unkrich,Kathleen Kennedy,Michael Giacchino,Idris Elba,Kristen Bell,Hybrid,Lucasfilm,61.5,89.5,49.3,12.9,8.4,39.8,49.7,43.9,6.9,51,52,65,2802,Theatrical Only,,No,2,1,1,17,0,Yes,Hades,Riley,No,No,Yes,No,No,No,No,No,Yes,No,None,Family,40.0,No,None,No,No,27.7,6.5,5.2,2.5,3.1,10.7,31,Yes,No,0.0,13.7,210.3,27.3,Medium Profit,Average
DIS00581,Wreck-It Ralph 2,Wreck-It Ralph,1938,1938-05-02,1930s,Animated,Adventure,Coming of Age,175,PG,English,USA,Jon Favreau,Roy Conli,Patrick Doyle,Tom Holland,Auli'i Cravalho,Hybrid,Walt Disney Animation Studios,264.1,726.4,213.9,116.0,90.5,272.5,453.9,120.2,8.3,88,93,88,3030,DisneyNOW,1938-09-09,No,0,0,0,38,2,No,Gaston,Stitch,No,No,No,No,Yes,No,No,No,Yes,No,None,Teen,119.7,No,None,No,No,45.4,8.2,9.1,4.0,4.6,17.27,48,No,No,0.0,71.4,2324.5,396.5,High Profit,Hit
DIS00582,Oliver & Company: Awakens,Standalone,2013,2013-10-21,2010s,Live Action,Comedy,Road Trip,161,G,Japanese,Japan,Brad Bird,Kevin Feige,Thomas Newman,Tom Holland,Idina Menzel,None,Walt Disney Animation Studios,127.3,366.1,111.3,37.6,37.6,187.9,178.2,145.9,6.4,57,59,69,580,Disney+ Hotstar,2014-06-29,Yes,2,1,0,53,15,No,Jafar,Cinderella,Yes,No,Yes,Yes,Yes,No,No,No,No,No,None,Everyone,66.4,No,None,No,No,33.2,6.5,5.7,2.1,2.5,3.09,35,No,No,13.0,60.9,485.1,217.2,High Profit,Hit
DIS00583,Toy Story,Toy Story,1988,1988-09-25,1980s,Remake,Adventure,Buddy Comedy,77,G,English,USA,Chris Buck,Kathleen Kennedy,Germaine Franco,Ryan Reynolds,Zendaya,Hybrid,Pixar Animation Studios,162.4,511.7,132.5,43.6,28.6,156.8,354.9,190.6,6.9,59,65,70,3649,Disney+,1989-06-24,Yes,0,1,0,44,1,No,Maleficent,WALL-E,No,No,Yes,No,Yes,No,No,Yes,No,No,None,Kids,45.9,No,None,No,No,31.1,6.9,5.3,4.5,4.4,9.76,24,No,No,16.6,101.7,997.8,335.6,Massive Profit,Hit
DIS00584,The Golden Stardust 2,The Golden Stardust,1995,1995-02-03,1990s,Live Action,Action,Mystery,86,PG-13,English,India,Rich Moore,John Lasseter,Thomas Newman,Chris Evans,Idina Menzel,None,Walt Disney Animation Studios,134.2,575.1,124.3,59.4,71.3,317.1,258.0,213.1,7.4,73,55,81,969,Disney+,1995-05-12,Yes,1,1,0,49,8,No,Hans,Mike Wazowski,No,No,No,Yes,No,No,Yes,No,Yes,No,None,Everyone,134.6,No,None,No,No,49.5,7.5,7.1,5.3,6.7,17.11,49,No,No,35.2,35.1,1020.8,391.4,Massive Profit,Blockbuster
DIS00585,Pocahontas 4,Standalone,1969,1969-03-12,1960s,Remake,Romance,Sports,94,G,English,UK,Jennifer Lee,Jonas Rivera,James Newton Howard,Chris Evans,Anne Hathaway,None,Walt Disney Animation Studios,252.1,370.9,238.5,78.4,26.5,127.6,243.3,17.0,9.5,89,95,100,2883,Disney+,1969-12-09,Yes,7,3,0,77,9,No,Gaston,Hercules,No,Yes,Yes,Yes,Yes,No,No,Yes,No,No,None,Teen,74.3,No,None,No,No,46.7,9.1,9.6,5.2,4.1,3.33,55,No,No,48.4,39.5,899.4,54.0,Low Profit,Average
DIS00586,Camp Rock 4,Standalone,1975,1975-06-20,1970s,Animated,Comedy,Coming of Age,69,G,English,USA,Brad Bird,Peter Del Vecho,Germaine Franco,Will Smith,Kristen Bell,Stop Motion,Lucasfilm,83.8,869.6,75.7,30.8,172.0,550.7,318.9,716.5,7.7,64,78,77,723,Disney+,1975-08-23,Yes,1,0,0,82,9,No,None,Troy Bolton,No,Yes,No,Yes,Yes,No,No,No,No,No,None,Everyone,108.2,No,None,No,No,54.5,7.6,6.7,6.5,5.2,11.26,43,No,Yes,62.6,128.6,1978.3,763.1,Massive Profit,Mega Blockbuster
DIS00587,Tale of Dreams: Awakens,Tale of Dreams,1988,1988-03-04,1980s,Live Action,Musical,Mystery,83,G,French,UK,Rich Moore,Jonas Rivera,Germaine Franco,Chris Pratt,Lily James,None,Disney Channel Productions,131.6,464.3,123.1,33.6,49.7,158.0,306.3,196.3,8.0,65,78,81,2164,Disney+ Hotstar,1989-02-27,Yes,1,1,0,81,11,No,Chernabog,Riley,No,Yes,Yes,Yes,Yes,No,No,No,No,No,None,Kids,148.0,No,None,No,No,47.6,8.1,6.6,4.8,5.0,14.1,55,No,No,15.7,91.4,905.4,307.6,Massive Profit,Hit
DIS00588,Adventures of the Realm 2,Adventures of the Realm,1982,1982-04-07,1980s,Live Action,Romance,Heist,139,PG,English,USA,Nathan Greno,John Lasseter,Alan Menken,Idris Elba,Halle Bailey,None,Disney Channel Productions,82.7,75.2,71.6,34.3,8.8,32.5,42.7,-29.0,5.8,51,43,42,4411,Disney+,1982-08-31,Yes,0,1,0,69,11,No,Yzma,Remy,No,No,No,Yes,Yes,No,No,No,Yes,No,None,Kids,19.9,No,None,No,No,14.6,6.0,4.9,1.9,2.3,1.55,10,No,No,16.6,3.9,157.9,-30.7,Loss,Average
DIS00589,Tangled,Tangled,1971,1971-08-26,1970s,Animated,Fantasy,Heist,68,PG,English,USA,Chris Buck,Jonas Rivera,Christophe Beck,Ryan Reynolds,Idina Menzel,Stop Motion,Pixar Animation Studios,417.0,1179.7,374.0,141.1,200.1,709.6,470.1,129.0,8.6,96,77,91,1824,Disney+,1972-04-20,Yes,1,1,0,31,1,No,Maleficent,Nemo,No,No,Yes,No,Yes,No,No,No,Yes,No,None,Family,135.2,No,None,No,No,63.6,8.4,9.7,7.1,5.9,23.16,61,No,Yes,74.0,112.3,2801.8,664.6,High Profit,Hit
DIS00590,Peter Pan 4,Peter Pan,2026,2026-01-27,2020s,Disney Channel Original,Romance,Heist,94,PG-13,English,Japan,Andrew Stanton,Roy Conli,Randy Newman,Idris Elba,Zendaya,2D,Lucasfilm,35.8,40.3,32.6,11.3,5.7,20.5,19.8,-8.2,6.3,46,50,52,4298,DisneyNOW,2026-12-31,No,0,1,0,67,1,No,Ursula,WALL-E,No,No,No,No,No,Yes,No,No,No,No,None,Everyone,21.1,No,None,No,No,8.9,6.2,4.4,1.0,1.1,2.17,14,No,No,0.0,3.6,40.3,-3.6,Loss,Average
DIS00591,Zootopia,Zootopia,1998,1998-04-01,1990s,Pixar,Family,Superhero,113,G,French,India,Rob Marshall,Peter Del Vecho,Lin-Manuel Miranda,Tom Holland,Kristen Bell,Hybrid,Walt Disney Pictures,414.7,457.7,340.4,89.2,35.0,285.5,172.2,6.5,6.7,61,52,65,4415,Disney+ Hotstar,1999-01-25,Yes,0,0,0,39,0,No,Shan Yu,Miguel,No,No,Yes,No,Yes,Yes,No,No,Yes,No,None,Kids,64.2,No,None,No,No,40.2,6.7,5.9,3.7,5.0,9.89,44,No,No,37.7,24.5,778.1,28.1,Low Profit,Average
DIS00592,Spirit of Wonders (Remake),Spirit of Wonders,1991,1991-05-10,1990s,Short Film,Romance,Coming of Age,147,PG-13,English,Japan,Rob Marshall,Jason Owen,Patrick Doyle,Chris Evans,Angelina Jolie,2D,Pixar Animation Studios,175.0,152.8,135.8,69.9,20.1,98.6,54.2,-25.7,6.6,53,47,61,3695,Disney+,1992-05-23,Yes,0,1,0,61,10,No,Judge Frollo,Ralph,No,No,No,Yes,No,No,Yes,No,Yes,No,None,Teen,65.8,No,None,No,No,27.2,7.2,5.6,3.7,1.4,5.37,25,No,No,8.2,25.1,286.5,-52.9,Loss,Flop
DIS00593,Dumbo,Standalone,1984,1984-06-17,1980s,Pixar,Family,Mystery,161,G,French,India,Niki Caro,Kevin Feige,Lin-Manuel Miranda,Johnny Depp,Sofia Carson,Hybrid,20th Century Studios,21.3,25.8,16.0,6.9,3.1,14.0,11.8,12.7,6.7,62,69,75,1628,Theatrical Only,,No,3,2,0,51,2,No,Jafar,Bob Parr,No,No,No,No,Yes,No,No,No,No,No,None,Kids,21.3,No,None,No,No,19.1,6.9,6.6,2.3,3.4,7.59,1,No,Yes,0.0,1.8,52.9,2.9,Low Profit,Average
DIS00594,Pirates of the Caribbean,Pirates of the Caribbean,1941,1941-08-26,1940s,Animated,Comedy,Coming of Age,106,PG-13,English,Canada,John Musker,Jonas Rivera,Michael Giacchino,Tom Holland,Zendaya,Stop Motion,Walt Disney Animation Studios,323.1,475.6,254.3,102.5,61.5,237.5,238.1,33.3,6.7,64,60,60,2446,Theatrical Only,,No,0,0,0,62,5,No,Scar,Mirabel,No,Yes,No,Yes,No,No,No,No,No,No,None,Kids,64.9,No,None,No,No,42.9,7.4,7.0,3.3,5.0,6.29,34,No,Yes,0.0,59.2,1486.2,118.8,Medium Profit,Average
DIS00595,Cruella (Remake),Cruella,2010,2010-12-10,2010s,Animated,Animation,Road Trip,86,G,English,Japan,Brad Bird,John Lasseter,Michael Giacchino,Ewan McGregor,Lily James,2D,Walt Disney Pictures,352.1,2297.3,295.4,143.8,285.0,1068.2,1229.1,423.1,7.4,73,57,68,2819,Disney+,2011-08-08,Yes,1,1,0,54,7,Yes,Gaston,WALL-E,No,Yes,Yes,Yes,Yes,No,Yes,No,No,Yes,None,Everyone,247.2,Yes,EPCOT,Yes,Yes,100.0,7.5,7.8,9.6,10.0,19.4,93,Yes,No,88.0,396.3,3216.2,1858.1,Massive Profit,Blockbuster
DIS00596,Tale of the Isles,Tale of the Isles,1958,1958-07-06,1950s,Short Film,Sci-Fi,Road Trip,143,G,Spanish,USA,Chris Buck,Peter Del Vecho,Thomas Newman,Jason Segel,Kristen Bell,Stop Motion,Marvel Studios,110.2,923.6,96.0,37.5,47.4,324.5,599.1,591.8,6.9,62,64,62,3326,DisneyNOW,1958-11-30,No,2,1,1,95,0,Yes,Captain Hook,Aladdin,No,No,No,No,Yes,No,No,No,No,No,Marvel Cinematic Universe,Kids,67.7,No,None,No,No,51.8,7.5,6.3,6.1,4.8,16.6,53,No,Yes,0.0,70.4,2493.7,790.1,Massive Profit,Mega Blockbuster
DIS00597,Mulan: Journey,Standalone,1978,1978-11-19,1970s,Animated,Comedy,Coming of Age,97,PG,English,Japan,Pete Docter,Osnat Shurer,Hans Zimmer,Ryan Reynolds,Zendaya,Stop Motion,Lucasfilm,362.0,3014.7,341.7,89.7,444.2,1276.4,1738.3,598.8,6.1,65,52,56,3599,DisneyNOW,1979-12-04,No,0,0,0,56,0,No,Gaston,Winnie the Pooh,No,No,No,No,Yes,No,No,No,No,No,None,Kids,311.0,Yes,Disney's Hollywood Studios,Yes,Yes,100.0,6.1,6.5,10.0,9.7,6.08,100,Yes,No,0.0,460.1,6632.3,2583.3,Massive Profit,Mega Blockbuster
DIS00598,Wreck-It Ralph,Standalone,1989,1989-12-06,1980s,Live Action,Family,Mystery,69,PG-13,Japanese,USA,Ron Clements,Jonas Rivera,Hans Zimmer,Johnny Depp,Emma Stone,None,Walt Disney Pictures,146.3,173.5,138.8,46.0,36.5,105.5,68.0,-6.1,8.1,94,73,88,1596,DisneyNOW,1990-12-13,No,1,0,0,50,9,No,Jafar,Aurora,Yes,Yes,No,Yes,No,No,No,No,No,No,None,Everyone,61.1,No,None,No,No,27.7,8.1,9.1,2.9,2.0,3.55,10,Yes,No,0.0,24.1,334.0,-11.3,Loss,Average
DIS00599,Kingdom of Stardust (Remake),Standalone,2001,2001-09-10,2000s,Live Action,Animation,Holiday,117,G,English,India,Kirk Wise,Peter Del Vecho,Hans Zimmer,Idris Elba,Kristen Bell,None,Disneytoon Studios,153.2,700.1,119.3,39.5,66.5,240.4,459.7,340.9,7.0,68,59,70,3013,Disney+,2002-08-09,Yes,1,2,0,47,1,No,Gaston,Remy,No,Yes,Yes,No,Yes,No,Yes,No,No,No,None,Everyone,136.3,No,None,No,No,51.5,6.9,6.4,6.9,5.7,16.75,63,No,No,33.1,121.3,1137.7,541.3,Massive Profit,Blockbuster
DIS00600,The Little Mermaid 2,The Little Mermaid,1952,1952-10-02,1950s,Remake,Family,Coming of Age,97,PG,English,USA,Ron Clements,Jared Bush,Randy Newman,Johnny Depp,Zendaya,None,Disney Channel Productions,74.8,84.2,69.4,15.3,3.7,28.8,55.4,-0.6,5.3,41,38,43,3806,Disney+,1953-02-26,Yes,0,0,0,80,13,No,Chernabog,Rapunzel,Yes,Yes,No,Yes,Yes,No,No,Yes,Yes,No,None,Everyone,40.7,No,None,No,No,14.6,4.6,3.8,1.0,1.0,2.28,15,No,No,7.3,11.9,240.0,-0.5,Loss,Average
DIS00601,Kingdom of Wonders: Forever,Kingdom of Wonders,2005,2005-01-08,2000s,Animated,Comedy,Buddy Comedy,101,G,English,UK,Lee Unkrich,Kathleen Kennedy,Patrick Doyle,Tom Holland,Halle Bailey,3D CGI,Disney Channel Productions,270.9,527.8,242.3,68.0,51.5,245.0,282.8,70.1,6.8,64,75,64,2090,Disney+,2005-04-28,Yes,2,0,0,57,10,No,Jafar,Merida,Yes,Yes,No,Yes,Yes,No,No,No,Yes,No,None,Teen,120.1,No,None,No,No,38.1,7.1,6.0,3.6,4.0,10.85,39,No,No,11.7,38.9,804.9,217.5,Medium Profit,Average
DIS00602,The Golden the Sea,The Golden the Sea,1944,1944-01-14,1940s,Live Action,Comedy,Heist,63,PG,Spanish,UK,Jon Favreau,Kathleen Kennedy,Michael Giacchino,Idris Elba,Sofia Carson,None,20th Century Studios,429.3,1533.8,340.9,111.3,223.8,696.2,837.6,239.2,6.4,35,51,63,3204,DisneyNOW,1944-07-20,No,0,0,0,42,1,No,Cruella de Vil,Mulan,Yes,No,No,No,Yes,No,No,No,Yes,No,None,Teen,151.5,No,None,No,No,63.5,6.4,3.8,6.3,6.1,10.8,58,No,No,0.0,231.3,4678.1,1081.6,Massive Profit,Hit
DIS00603,Star Wars,Standalone,2023,2023-04-10,2020s,Short Film,Adventure,Fairy Tale,74,G,Hindi,USA,Jon Favreau,Osnat Shurer,Lin-Manuel Miranda,Ryan Reynolds,Emma Watson,3D CGI,Lucasfilm,203.9,624.3,186.0,69.7,86.4,355.0,269.3,144.2,8.7,88,81,94,2858,Theatrical Only,,No,5,2,0,65,13,No,Hades,Elsa,Yes,Yes,Yes,Yes,Yes,No,No,No,No,No,None,Teen,162.4,No,None,Yes,Yes,55.5,9.1,8.1,3.4,6.5,6.83,58,No,No,0.0,69.8,671.1,368.6,High Profit,Hit
DIS00604,The Rescuers,The Rescuers,1964,1964-02-05,1960s,Disney Channel Original,Romance,Coming of Age,131,PG,English,USA,Rob Marshall,Kevin Feige,James Newton Howard,Robert Downey Jr.,Halle Bailey,3D CGI,Walt Disney Pictures,44.3,54.9,38.4,15.0,7.2,23.3,31.6,2.8,7.2,60,69,67,3341,Theatrical Only,,No,0,0,0,38,1,No,Jafar,Ariel,Yes,No,No,No,Yes,No,No,No,No,No,None,Teen,55.7,No,None,No,No,20.8,7.3,5.7,1.0,2.1,2.9,17,No,No,0.0,4.1,140.0,1.5,Low Profit,Average
DIS00605,Pocahontas 4,Pocahontas,1982,1982-06-12,1980s,Short Film,Family,Holiday,136,PG,English,UK,Dean DeBlois,Peter Del Vecho,Christophe Beck,Josh Gad,Emma Watson,Stop Motion,Lucasfilm,40.8,433.7,32.2,14.9,23.9,161.5,272.2,820.8,7.3,54,66,77,4343,DisneyNOW,1982-08-27,No,2,2,0,58,13,No,None,Cinderella,Yes,No,Yes,Yes,Yes,No,No,No,No,No,None,Teen,100.2,No,None,No,No,37.0,7.4,5.3,3.6,2.7,3.34,34,No,Yes,0.0,83.9,910.8,386.6,Massive Profit,Mega Blockbuster
DIS00606,The Enchanted the Forest 3,The Enchanted the Forest,1959,1959-08-04,1950s,Disney Channel Original,Comedy,Fairy Tale,158,PG,English,Japan,Kirk Wise,Jonas Rivera,Hans Zimmer,Will Smith,Emma Stone,2D,Lucasfilm,91.6,155.6,71.0,27.7,10.1,73.1,82.5,57.6,6.3,44,61,68,3891,Theatrical Only,,No,1,0,0,100,6,Yes,Dr. Facilier,Pocahontas,Yes,No,No,Yes,Yes,No,Yes,No,No,No,None,Teen,19.4,No,None,No,No,18.7,6.3,4.3,1.0,2.6,1.35,14,No,Yes,0.0,27.3,416.2,56.9,Medium Profit,Average
DIS00607,The Magic the North,The Magic the North,1962,1962-12-21,1960s,Disney Channel Original,Romance,Mystery,127,PG-13,English,USA,Rob Marshall,Roy Conli,Patrick Doyle,Jason Segel,Angelina Jolie,2D,Disney Channel Productions,357.4,1399.8,288.8,125.5,167.4,514.0,885.8,237.9,7.4,67,78,77,3026,Theatrical Only,,No,3,1,0,71,2,No,Yzma,Hiro,No,No,Yes,No,No,No,Yes,No,Yes,No,None,Kids,229.1,No,None,No,No,76.9,7.6,6.4,6.7,9.2,25.94,72,Yes,No,0.0,244.8,3639.5,985.5,Massive Profit,Hit
DIS00608,Beauty and the Beast 4,Beauty and the Beast,2003,2003-02-23,2000s,Animated,Sci-Fi,Fairy Tale,166,PG,English,UK,Niki Caro,Jason Owen,Michael Giacchino,Johnny Depp,Lily James,Stop Motion,Pixar Animation Studios,374.3,1246.7,284.2,117.9,112.4,795.6,451.1,210.0,7.3,62,70,75,3074,Theatrical Only,,No,2,1,1,35,0,No,Maleficent,Stitch,No,No,No,No,Yes,No,No,No,Yes,No,None,Kids,147.5,No,None,Yes,Yes,60.0,7.1,6.8,4.9,5.7,23.32,68,No,No,0.0,133.9,1963.6,844.6,Massive Profit,Hit
DIS00609,Tale of Dreams,Tale of Dreams,1986,1986-06-06,1980s,Remake,Adventure,Coming of Age,152,PG,English,Canada,Jon Favreau,Kevin Feige,Thomas Newman,Dwayne Johnson,Angelina Jolie,None,Lucasfilm,306.1,1118.5,289.6,90.2,110.5,370.0,748.5,194.5,6.4,49,49,69,1467,Theatrical Only,,No,2,1,1,48,11,No,Gaston,Belle,Yes,Yes,No,Yes,Yes,No,No,Yes,No,No,None,Teen,140.2,No,None,Yes,Yes,57.1,6.3,5.0,6.7,5.8,12.82,61,No,Yes,0.0,134.1,2237.0,738.7,Massive Profit,Hit
DIS00610,Aladdin: Kingdom,Aladdin,2004,2004-02-12,2000s,Short Film,Comedy,Mystery,131,PG,English,USA,Rob Marshall,Osnat Shurer,Christophe Beck,Will Smith,Zoe Saldana,Hybrid,Disney Channel Productions,257.2,588.0,207.7,101.1,25.5,195.4,392.6,90.4,7.6,65,73,60,2367,Disney+,2005-02-04,Yes,0,0,0,53,2,No,Jafar,Mirabel,No,Yes,No,No,Yes,No,No,No,Yes,No,None,Teen,95.9,No,None,No,No,47.9,7.5,6.6,4.7,4.8,2.56,44,No,No,24.4,37.0,911.4,279.2,High Profit,Hit
DIS00611,Dumbo: Adventure,Dumbo,1965,1965-09-18,1960s,Live Action,Romance,Mystery,136,PG,English,USA,Pete Docter,Peter Del Vecho,Michael Giacchino,Chris Pratt,Anne Hathaway,None,Marvel Studios,320.1,969.4,303.8,86.7,77.3,610.3,359.1,148.2,5.8,52,55,59,1032,Disney+,1966-06-30,Yes,0,0,0,29,2,Yes,Ursula,Ralph,No,No,No,No,Yes,No,Yes,No,No,No,Marvel Cinematic Universe,Everyone,158.6,No,None,Yes,Yes,55.8,5.8,5.4,5.6,6.0,5.94,54,No,No,66.0,117.7,2447.7,578.9,High Profit,Hit
DIS00612,Legend of the Realm,Legend of the Realm,1994,1994-05-13,1990s,Disney Channel Original,Adventure,Fairy Tale,112,PG,English,Canada,Nathan Greno,Yvett Merino,Lin-Manuel Miranda,Josh Gad,Emma Stone,Hybrid,20th Century Studios,107.7,168.9,83.1,25.0,17.0,75.9,93.0,56.2,5.6,41,35,46,2768,Disney+,1995-01-06,Yes,0,0,0,74,6,No,Maleficent,WALL-E,No,Yes,No,Yes,Yes,No,No,No,No,No,None,Kids,30.5,No,None,No,No,28.3,5.4,3.4,2.1,2.1,11.26,36,No,No,20.4,30.1,304.0,60.8,Medium Profit,Average
DIS00613,Legend of Dreams,Legend of Dreams,1971,1971-04-09,1970s,Live Action,Romance,Sports,188,PG,English,UK,Rob Marshall,Jared Bush,Michael Giacchino,Chris Pratt,Zoe Saldana,None,Walt Disney Animation Studios,148.5,439.9,112.7,57.3,59.8,279.1,160.8,158.8,8.0,78,74,89,1280,Disney+,1971-10-08,Yes,0,2,0,48,7,No,Dr. Facilier,Moana,Yes,Yes,No,Yes,Yes,No,No,No,No,No,None,Kids,50.0,No,None,No,No,41.5,7.5,7.1,5.7,2.0,3.13,40,No,No,49.8,85.4,1044.8,269.9,Massive Profit,Hit
DIS00614,Winnie the Pooh,Winnie the Pooh,1973,1973-05-27,1970s,Animated,Musical,Buddy Comedy,91,G,English,UK,Marc Webb,Osnat Shurer,Christophe Beck,Chris Evans,Kristen Bell,2D,Marvel Studios,374.6,1543.8,301.2,116.9,101.1,721.5,822.3,269.2,6.1,57,55,48,1750,Disney+,1974-03-12,Yes,1,0,0,70,14,Yes,None,Snow White,Yes,Yes,Yes,Yes,Yes,No,No,No,Yes,No,Marvel Cinematic Universe,Family,157.6,Yes,Disney's Hollywood Studios,No,No,67.6,6.5,5.4,6.7,7.2,22.9,57,No,No,64.0,79.2,3589.3,1125.7,Massive Profit,Blockbuster
DIS00615,Teen Beach: Adventure,Teen Beach,1986,1986-02-17,1980s,Short Film,Musical,Coming of Age,167,PG-13,English,USA,Jennifer Lee,Kathleen Kennedy,Alan Menken,Dwayne Johnson,Auli'i Cravalho,2D,Pixar Animation Studios,246.9,431.2,187.0,86.0,26.4,204.6,226.6,57.9,4.6,20,25,42,2888,Disney+,1986-05-25,Yes,0,0,0,79,9,No,Jafar,Tiana,Yes,Yes,No,Yes,No,Yes,No,No,Yes,No,None,Kids,26.0,No,None,No,No,27.4,4.6,1.2,2.4,2.0,10.4,26,No,No,9.3,75.0,862.4,158.2,Medium Profit,Average
DIS00616,Enchanted 2,Enchanted,2022,2022-02-08,2020s,Remake,Sci-Fi,Mystery,177,G,English,Japan,Dean DeBlois,John Lasseter,Randy Newman,Idris Elba,Halle Bailey,None,20th Century Studios,224.9,356.4,202.8,64.6,43.1,213.7,142.7,33.3,6.7,61,65,56,1472,Theatrical Only,,No,1,2,0,90,12,No,Jafar,Troy Bolton,No,Yes,Yes,Yes,Yes,No,No,Yes,Yes,No,None,Family,27.3,No,None,No,No,33.0,6.4,6.4,1.4,2.7,4.7,36,No,No,0.0,43.7,392.0,89.0,Medium Profit,Average
DIS00617,Coco: Rises,Coco,1947,1947-09-16,1940s,Live Action,Fantasy,Superhero,93,G,Spanish,USA,Dean DeBlois,Osnat Shurer,Thomas Newman,Johnny Depp,Zoe Saldana,None,Pixar Animation Studios,339.8,651.9,283.8,84.2,56.3,361.5,290.4,77.1,5.8,40,47,58,1203,Theatrical Only,,No,0,0,0,77,6,No,None,Bob Parr,No,Yes,Yes,Yes,Yes,No,No,No,No,No,None,Teen,82.0,No,None,No,No,38.4,6.3,3.7,3.3,3.6,4.41,48,No,No,0.0,42.8,1939.4,283.9,High Profit,Average
DIS00618,Pocahontas,Pocahontas,2020,2020-05-11,2020s,Disney Channel Original,Action,Buddy Comedy,85,PG,French,USA,Jon Favreau,Peter Del Vecho,Germaine Franco,Tom Holland,Auli'i Cravalho,Hybrid,Walt Disney Animation Studios,108.3,273.1,99.2,40.7,38.2,140.6,132.5,95.2,8.7,86,93,91,2855,Disney+ Hotstar,2020-12-24,Yes,3,2,2,56,0,No,Scar,Mal,No,Yes,No,No,Yes,No,No,No,No,No,None,Kids,113.6,No,None,No,No,35.4,8.8,9.2,3.9,5.2,10.96,31,No,No,20.7,39.1,314.1,133.2,High Profit,Hit
DIS00619,Atlantis,Atlantis,2022,2022-07-08,2020s,Pixar,Fantasy,Holiday,100,PG-13,English,USA,Rich Moore,Yvett Merino,Patrick Doyle,Idris Elba,Zendaya,Stop Motion,Disney Channel Productions,33.0,147.0,30.2,8.8,12.2,67.7,79.3,276.9,7.4,78,74,70,827,Disney+,2022-11-10,Yes,2,0,0,65,13,Yes,Hades,Aurora,Yes,Yes,Yes,Yes,No,No,No,No,Yes,No,None,Teen,124.2,No,None,No,No,37.9,7.5,8.3,1.8,3.4,2.26,47,No,Yes,30.1,22.9,161.7,108.0,Massive Profit,Blockbuster
DIS00620,The Magic the Isles,The Magic the Isles,1990,1990-07-23,1990s,Short Film,Fantasy,Road Trip,78,PG,English,Japan,Chris Buck,Osnat Shurer,Lin-Manuel Miranda,Josh Gad,Auli'i Cravalho,3D CGI,Lucasfilm,120.5,54.3,92.4,26.0,8.9,26.4,27.9,-54.1,5.8,50,41,50,2609,Disney+,1991-06-01,Yes,0,0,0,82,13,No,Hans,Mike Wazowski,No,Yes,Yes,Yes,Yes,Yes,No,No,No,No,None,Everyone,39.8,No,None,No,No,24.4,6.0,5.4,2.8,3.3,3.53,11,No,Yes,27.2,5.8,103.2,-64.1,Loss,Flop
DIS00621,The Muppets,Standalone,2019,2019-03-17,2010s,Animated,Animation,Coming of Age,83,PG-13,English,USA,Jennifer Lee,Osnat Shurer,Germaine Franco,Ryan Reynolds,Zendaya,3D CGI,Pixar Animation Studios,155.3,505.3,132.3,69.9,64.0,238.8,266.5,149.9,7.7,72,76,69,3677,Theatrical Only,,No,0,1,0,65,13,No,Hades,Carl Fredricksen,No,No,Yes,Yes,No,No,No,No,No,No,None,Everyone,96.4,No,None,No,No,38.2,7.5,7.4,3.8,3.4,13.33,30,No,No,0.0,42.0,593.7,303.1,High Profit,Hit
DIS00622,Finding Nemo,Finding Nemo,1987,1987-01-02,1980s,Animated,Animation,Time Travel,141,G,English,USA,Nathan Greno,Yvett Merino,James Newton Howard,Robert Downey Jr.,Emma Watson,3D CGI,Disneytoon Studios,318.4,109.8,289.0,137.7,16.0,53.1,56.7,-74.3,8.2,87,74,100,2946,Disney+,1987-11-21,Yes,0,0,0,61,2,No,Dr. Facilier,Carl Fredricksen,No,Yes,Yes,No,Yes,No,No,No,No,No,None,Family,35.0,No,None,No,No,32.0,8.2,8.6,3.0,1.5,2.92,41,No,No,19.8,19.9,216.9,-316.9,Loss,Flop
DIS00623,Tale of the Sea: Chronicles,Tale of the Sea,1939,1939-10-14,1930s,Disney Channel Original,Sci-Fi,Road Trip,129,G,Spanish,Japan,David Lowery,Jonas Rivera,Hans Zimmer,Ewan McGregor,Emma Watson,2D,Marvel Studios,7.7,62.6,7.0,1.6,11.9,37.5,25.1,627.9,5.8,52,50,65,532,Disney+,1940-04-17,Yes,0,0,0,39,11,Yes,Gaston,Elsa,Yes,Yes,No,Yes,Yes,No,No,No,Yes,No,Marvel Cinematic Universe,Teen,20.2,No,None,No,No,7.9,6.2,5.2,1.8,1.0,2.05,7,No,No,8.0,4.6,198.8,54.0,Massive Profit,Mega Blockbuster
DIS00624,Adventures of Stardust 2,Adventures of Stardust,2007,2007-07-12,2000s,Pixar,Fantasy,Sports,60,PG,Japanese,India,David Lowery,Yvett Merino,Christophe Beck,Ewan McGregor,Anne Hathaway,3D CGI,Pixar Animation Studios,201.9,348.1,182.0,71.5,33.5,174.9,173.2,37.3,7.4,70,78,66,2667,Disney+,2007-11-23,Yes,3,0,0,74,2,No,Shan Yu,Aladdin,No,No,Yes,No,Yes,Yes,No,No,Yes,No,None,Kids,77.9,No,None,No,No,25.8,7.5,6.6,3.1,3.1,9.29,31,No,Yes,10.9,22.5,513.4,94.6,Medium Profit,Average
DIS00625,The Princess and the Frog (Remake),The Princess and the Frog,2015,2015-03-08,2010s,Live Action,Drama,Road Trip,181,G,English,USA,Niki Caro,Jason Owen,Christophe Beck,Chris Evans,Zendaya,None,Lucasfilm,142.9,532.8,122.1,55.5,62.3,206.6,326.2,200.0,5.6,44,43,53,2155,Theatrical Only,,No,0,0,0,28,1,No,Chernabog,Carl Fredricksen,No,Yes,Yes,No,Yes,No,No,No,No,No,None,Teen,25.9,No,None,No,No,25.1,5.2,4.2,3.9,2.9,7.97,18,No,No,0.0,98.4,679.3,355.2,Massive Profit,Hit
DIS00626,The Princess and the Frog,The Princess and the Frog,2006,2006-07-08,2000s,Animated,Fantasy,Road Trip,154,G,English,UK,Ron Clements,Roy Conli,Alan Menken,Idris Elba,Sofia Carson,2D,20th Century Studios,188.6,748.0,142.9,65.5,43.7,348.8,399.2,258.9,8.5,87,88,77,972,Theatrical Only,,No,3,0,0,59,2,Yes,Chernabog,Simba,No,Yes,Yes,No,Yes,Yes,No,No,No,No,None,Kids,148.7,No,None,No,No,59.8,8.7,8.9,6.1,6.4,20.81,62,No,Yes,0.0,53.5,1122.0,539.6,Massive Profit,Hit
DIS00627,Robin Hood,Robin Hood,1974,1974-07-01,1970s,Pixar,Action,Road Trip,75,G,Hindi,USA,Byron Howard,Jonas Rivera,Patrick Doyle,Jason Segel,Angelina Jolie,2D,Marvel Studios,440.4,550.9,340.9,89.5,63.0,241.7,309.2,28.0,5.8,50,52,49,3034,Disney+,1974-12-11,Yes,2,0,0,49,2,Yes,Scar,Mike Wazowski,No,No,No,No,Yes,No,No,No,Yes,No,Marvel Cinematic Universe,Kids,47.7,No,None,No,No,35.7,5.2,4.4,2.9,2.6,12.67,36,No,Yes,21.9,40.0,1267.1,120.5,Medium Profit,Average
DIS00628,Adventures of Stardust,Adventures of Stardust,2015,2015-02-02,2010s,Remake,Sci-Fi,Fairy Tale,136,G,English,USA,Dean DeBlois,Jason Owen,Randy Newman,Robert Downey Jr.,Angelina Jolie,None,Disney Channel Productions,305.1,1621.7,247.9,72.8,134.4,1036.2,585.5,405.7,6.1,55,47,50,4365,Disney+,2015-04-30,Yes,2,1,1,61,1,No,Cruella de Vil,Simba,No,Yes,No,No,Yes,No,No,Yes,No,No,None,Kids,134.6,Yes,Magic Kingdom,No,No,68.5,6.0,6.2,6.3,7.5,8.45,75,No,No,70.8,87.6,2067.7,1301.0,Massive Profit,Blockbuster
DIS00629,Tale of the Realm,Tale of the Realm,1938,1938-05-21,1930s,Short Film,Animation,Sports,140,PG,English,Japan,Byron Howard,Jared Bush,Lin-Manuel Miranda,Idris Elba,Idina Menzel,2D,20th Century Studios,346.1,800.1,263.0,78.9,101.9,381.5,418.6,134.0,5.8,40,50,54,2932,Disney+,1939-04-04,Yes,0,0,0,34,0,No,Yzma,Mike Wazowski,No,Yes,Yes,No,Yes,Yes,No,No,No,No,None,Family,138.5,No,None,No,No,44.9,5.9,3.5,4.0,4.8,13.06,55,No,No,39.9,73.3,2560.3,458.2,High Profit,Hit
DIS00630,The Magic the Realm 4,The Magic the Realm,1975,1975-11-13,1970s,Animated,Comedy,Superhero,128,G,English,Japan,Craig Gillespie,Roy Conli,Alan Menken,Chris Evans,Sofia Carson,3D CGI,Walt Disney Animation Studios,428.7,790.2,387.9,95.2,86.0,261.2,529.0,63.6,9.0,89,75,96,3581,Disney+,1976-03-22,Yes,3,1,0,93,10,No,Gaston,Mal,No,No,No,Yes,Yes,No,No,No,Yes,No,None,Family,172.2,No,None,Yes,No,60.1,9.3,9.2,5.2,6.6,16.48,54,Yes,No,60.8,42.8,1797.7,307.1,Medium Profit,Average
DIS00631,Tangled 2,Tangled,1944,1944-05-10,1940s,Pixar,Animation,Heist,82,G,English,USA,Andrew Stanton,John Lasseter,James Newton Howard,Chris Pratt,Lily James,2D,Pixar Animation Studios,215.4,423.9,183.7,47.0,72.5,263.5,160.4,83.7,4.3,20,25,37,4391,Disney+,1944-09-29,Yes,0,0,0,42,5,Yes,Captain Hook,Rapunzel,Yes,No,Yes,Yes,Yes,No,No,No,Yes,No,None,Teen,78.7,No,None,No,No,26.4,4.3,1.8,3.6,1.7,6.99,25,No,No,30.0,69.6,1292.9,193.2,High Profit,Average
DIS00632,Tale of the Isles: Adventure,Tale of the Isles,1976,1976-04-24,1970s,Pixar,Drama,Road Trip,89,PG-13,English,UK,Gary Trousdale,Jason Owen,Patrick Doyle,Tom Holland,Emma Watson,Stop Motion,Disney Channel Productions,376.7,1139.4,324.1,114.7,92.6,475.7,663.7,159.7,8.4,83,83,85,3549,DisneyNOW,1976-11-15,No,1,1,0,70,7,No,None,Judy Hopps,No,No,No,Yes,No,Yes,No,No,Yes,No,None,Kids,175.0,No,None,Yes,Yes,57.1,8.3,8.6,4.5,3.4,13.73,57,No,No,0.0,149.1,2563.7,700.6,Massive Profit,Hit
DIS00633,Treasure Planet (Remake),Treasure Planet,1940,1940-07-01,1940s,Live Action,Fantasy,Sports,157,G,Spanish,USA,Jennifer Lee,Yvett Merino,Michael Giacchino,Chris Evans,Zendaya,None,20th Century Studios,368.2,559.8,348.6,98.4,34.7,220.7,339.1,25.2,7.1,65,67,63,3217,Disney+ Hotstar,1941-07-23,Yes,2,0,0,72,12,No,Dr. Facilier,Cinderella,Yes,Yes,Yes,Yes,Yes,Yes,No,No,No,No,None,Kids,68.3,No,None,No,No,42.1,7.1,6.3,3.9,3.3,13.06,41,No,Yes,34.0,90.4,1763.4,112.8,Medium Profit,Average
DIS00634,The Golden Wonders,The Golden Wonders,1958,1958-01-27,1950s,Pixar,Musical,Time Travel,65,PG,Japanese,USA,Rob Marshall,Peter Del Vecho,James Newton Howard,Chris Pratt,Lily James,2D,Disney Channel Productions,48.4,449.2,44.0,21.6,34.0,159.2,290.0,584.8,6.8,57,71,67,831,Disney+,1959-02-02,Yes,2,1,1,100,15,No,Scar,Merida,Yes,No,Yes,Yes,Yes,Yes,Yes,No,No,No,None,Family,47.3,No,None,No,No,32.6,6.9,5.3,2.9,2.8,4.13,27,No,No,11.7,25.8,1212.8,383.6,Massive Profit,Mega Blockbuster
DIS00635,Adventures of the Forest: Curse,Adventures of the Forest,1967,1967-10-15,1960s,Remake,Animation,Road Trip,147,G,French,USA,Niki Caro,Yvett Merino,Thomas Newman,Ewan McGregor,Zendaya,None,Walt Disney Animation Studios,389.9,690.3,313.0,96.2,119.6,431.1,259.2,68.7,6.5,58,57,65,2415,Disney+,1968-04-16,Yes,1,0,0,62,0,No,Judge Frollo,Troy Bolton,No,No,Yes,No,Yes,Yes,Yes,Yes,Yes,No,None,Kids,54.8,No,None,No,No,36.2,6.7,5.4,3.8,3.9,1.93,31,No,No,18.6,116.2,1708.5,281.1,Medium Profit,Average
DIS00636,Snow White,Snow White,1950,1950-03-05,1950s,Animated,Drama,Mystery,132,PG-13,Hindi,UK,Craig Gillespie,Osnat Shurer,Lin-Manuel Miranda,Ewan McGregor,Sofia Carson,Stop Motion,Walt Disney Pictures,297.4,3126.0,264.3,71.4,221.5,1503.3,1622.7,831.2,5.6,41,45,50,3504,Theatrical Only,,No,0,0,0,35,1,No,Dr. Facilier,Miguel,No,Yes,Yes,No,No,No,No,No,No,No,None,Family,346.4,No,None,Yes,No,100.0,5.5,4.0,10.0,8.7,19.34,93,No,No,0.0,374.8,9065.4,2790.3,Massive Profit,Mega Blockbuster
DIS00637,The Enchanted Dreams,The Enchanted Dreams,1985,1985-04-27,1980s,Short Film,Musical,Buddy Comedy,153,PG-13,French,UK,Gary Trousdale,Roy Conli,Lin-Manuel Miranda,Chris Evans,Auli'i Cravalho,Stop Motion,Disneytoon Studios,440.8,1091.5,330.9,163.5,108.2,624.5,467.0,120.8,5.9,50,51,50,1820,Disney+,1985-08-21,Yes,0,0,0,39,4,No,Chernabog,Elsa,Yes,No,No,Yes,No,No,No,No,Yes,No,None,Kids,136.1,No,None,No,No,52.7,5.7,4.5,5.2,5.5,11.01,42,No,No,33.0,137.1,2210.3,597.1,High Profit,Hit
DIS00638,Maleficent,Maleficent,2006,2006-07-08,2000s,Pixar,Romance,Heist,190,PG-13,Japanese,India,Nathan Greno,Kevin Feige,Germaine Franco,Chris Evans,Lily James,2D,Disneytoon Studios,349.4,174.4,283.6,136.8,31.3,104.6,69.8,-58.5,6.0,55,54,51,3213,Disney+,2006-12-14,Yes,1,0,0,95,12,Yes,Captain Hook,WALL-E,No,No,Yes,Yes,No,No,No,No,No,No,None,Kids,68.8,No,None,No,No,20.6,6.2,5.5,1.0,1.6,2.65,19,No,Yes,21.9,20.0,261.6,-246.0,Loss,Flop
DIS00639,Kingdom of Dreams (Remake),Kingdom of Dreams,1978,1978-05-03,1970s,Remake,Drama,Heist,174,PG-13,English,UK,Brad Bird,Peter Del Vecho,Germaine Franco,Dwayne Johnson,Zendaya,None,Walt Disney Pictures,103.8,1031.5,93.7,40.0,59.8,423.9,607.6,671.5,6.8,68,71,64,1585,Disney+,1978-07-12,Yes,2,0,0,56,12,No,Scar,Merida,Yes,No,Yes,Yes,No,No,No,Yes,No,No,None,Kids,100.9,No,None,No,No,55.1,6.7,7.2,5.4,5.3,17.74,70,No,No,27.5,64.3,2269.3,897.8,Massive Profit,Mega Blockbuster
DIS00640,Star Wars (Remake),Star Wars,2019,2019-04-21,2010s,Short Film,Animation,Fairy Tale,150,PG,Japanese,Canada,Rob Marshall,Jason Owen,Randy Newman,Chris Evans,Sofia Carson,Stop Motion,Lucasfilm,57.6,16.4,48.4,15.6,1.9,6.1,10.3,-74.4,7.3,72,67,69,540,Disney+,2019-12-05,Yes,1,1,0,59,0,No,Yzma,Woody,No,No,Yes,No,Yes,Yes,No,No,Yes,No,Star Wars Universe,Family,85.6,No,None,No,No,28.9,7.4,6.8,3.7,1.5,4.18,20,No,No,14.3,1.0,19.3,-47.6,Loss,Flop
DIS00641,The Magic Stardust,The Magic Stardust,1984,1984-04-12,1980s,Animated,Drama,Holiday,174,G,English,USA,Gary Trousdale,Roy Conli,Christophe Beck,Robert Downey Jr.,Emma Stone,2D,Disney Channel Productions,412.5,1659.4,316.6,185.4,172.3,652.3,1007.1,230.6,7.2,69,65,67,3867,Theatrical Only,,No,2,1,0,42,2,No,Gaston,Simba,No,No,No,No,Yes,No,No,No,No,No,None,Teen,226.8,Yes,Disney California Adventure,Yes,Yes,77.0,7.2,7.1,8.2,7.9,5.09,100,No,No,0.0,274.2,3401.8,1157.4,Massive Profit,Blockbuster
DIS00642,The Little Mermaid,The Little Mermaid,1987,1987-06-17,1980s,Pixar,Action,Heist,69,PG,Multiple,USA,Rich Moore,Yvett Merino,Alan Menken,Johnny Depp,Idina Menzel,2D,Pixar Animation Studios,99.7,96.4,89.3,42.4,13.6,39.4,57.0,-26.8,8.3,78,80,82,4033,Disney+ Hotstar,1988-04-15,Yes,2,1,0,76,2,No,Hans,Winnie the Pooh,No,Yes,No,No,Yes,No,No,No,No,No,None,Teen,42.3,No,None,No,No,27.1,8.3,7.4,2.7,2.9,6.12,23,No,Yes,24.2,6.8,190.4,-35.3,Loss,Average
DIS00643,Tale of the Realm,Tale of the Realm,1975,1975-05-14,1970s,Remake,Animation,Fairy Tale,179,PG,Multiple,USA,Chris Buck,Jonas Rivera,James Newton Howard,Idris Elba,Auli'i Cravalho,None,Disney Channel Productions,400.6,622.6,376.9,92.5,114.9,347.4,275.2,32.6,7.4,66,63,84,3119,Disney+,1976-02-05,Yes,2,2,0,33,0,No,Jafar,Moana,Yes,Yes,Yes,No,Yes,No,No,Yes,No,No,None,Everyone,103.1,No,None,No,No,49.5,7.3,6.0,5.5,4.6,4.6,65,No,No,35.1,85.4,1416.4,153.2,Medium Profit,Average
DIS00644,Descendants 2,Descendants,1953,1953-04-21,1950s,Short Film,Drama,Sports,83,PG,English,UK,Lee Unkrich,Yvett Merino,Randy Newman,Ryan Reynolds,Zendaya,Hybrid,Disneytoon Studios,298.5,753.6,229.0,101.1,134.9,420.5,333.1,128.3,7.6,83,66,90,2616,DisneyNOW,1954-04-21,No,0,1,0,84,15,Yes,Jafar,Miguel,No,Yes,No,Yes,Yes,No,No,No,Yes,No,None,Everyone,59.0,No,None,No,No,52.7,7.3,8.7,7.2,5.3,14.15,60,No,No,0.0,114.8,2128.9,423.5,High Profit,Hit
DIS00645,Big Hero 6,Big Hero 6,1965,1965-01-07,1960s,Short Film,Action,Heist,89,G,English,USA,Kirk Wise,Osnat Shurer,James Newton Howard,Will Smith,Lily James,Hybrid,Marvel Studios,395.9,1960.8,320.8,176.9,229.4,826.1,1134.7,294.0,6.1,54,58,61,2284,Disney+ Hotstar,1965-05-16,Yes,1,0,0,74,2,Yes,Gaston,Miguel,No,Yes,No,No,Yes,No,No,No,Yes,No,Marvel Cinematic Universe,Everyone,243.4,Yes,Disney's Hollywood Studios,No,No,82.8,5.7,4.8,7.1,8.3,32.12,79,No,No,66.2,159.0,4951.0,1463.1,Massive Profit,Blockbuster
DIS00646,Spirit of Dreams (Remake),Spirit of Dreams,1962,1962-05-03,1960s,Pixar,Family,Buddy Comedy,103,G,English,USA,Marc Webb,Osnat Shurer,Randy Newman,Dwayne Johnson,Lily James,2D,Walt Disney Pictures,345.9,996.0,320.2,113.9,179.6,642.9,353.1,129.4,7.9,61,78,77,3076,Disney+,1963-05-31,Yes,2,0,0,58,6,No,Chernabog,Tiana,Yes,Yes,No,Yes,Yes,No,No,No,No,No,None,Kids,50.4,No,None,No,No,50.1,8.4,5.9,5.9,4.8,2.6,55,No,No,40.4,127.5,2589.6,561.9,High Profit,Hit
DIS00647,The Rescuers 2,The Rescuers,1947,1947-04-21,1940s,Live Action,Animation,Mystery,153,G,English,USA,Byron Howard,Jason Owen,Patrick Doyle,Chris Pratt,Emma Stone,None,Disneytoon Studios,285.3,263.6,232.2,80.2,47.7,140.6,123.0,-15.6,6.4,57,65,63,3856,Disney+,1947-11-26,Yes,0,0,0,82,2,No,Cruella de Vil,Hiro,No,Yes,Yes,No,Yes,No,Yes,No,No,Yes,None,Kids,47.1,No,None,No,No,27.5,6.6,5.5,1.0,1.7,4.84,30,No,No,17.2,20.9,784.2,-48.8,Loss,Average
DIS00648,Alice in Wonderland,Alice in Wonderland,1964,1964-10-08,1960s,Pixar,Family,Time Travel,172,PG,English,USA,Chris Buck,Yvett Merino,Germaine Franco,Chris Pratt,Zoe Saldana,Hybrid,Disney Channel Productions,301.5,178.7,276.4,87.9,19.1,98.5,80.2,-50.9,6.4,49,45,62,1341,Disney+,1965-05-16,Yes,1,0,0,49,8,No,None,Snow White,Yes,No,No,Yes,Yes,No,No,No,No,No,None,Family,86.2,No,None,No,No,27.2,6.8,4.5,2.6,4.6,5.6,17,No,No,17.6,13.7,455.7,-185.6,Loss,Flop
DIS00649,Kingdom of the Forest 2,Kingdom of the Forest,1967,1967-09-21,1960s,Animated,Romance,Time Travel,185,PG,English,Japan,Gary Trousdale,Osnat Shurer,Michael Giacchino,Idris Elba,Sofia Carson,Stop Motion,Pixar Animation Studios,340.9,424.0,310.0,91.6,37.9,165.8,258.2,5.6,7.0,55,54,72,4107,Disney+,1968-07-23,Yes,1,0,0,94,15,No,None,Nemo,No,No,No,Yes,Yes,No,No,No,Yes,No,None,Kids,34.2,No,None,No,No,40.2,7.2,5.3,3.2,4.0,3.78,49,No,No,26.7,28.3,1049.4,22.4,Low Profit,Average
DIS00650,Up,Up,1940,1940-03-18,1940s,Remake,Drama,Sports,90,PG,Japanese,Japan,Andrew Stanton,Yvett Merino,Lin-Manuel Miranda,Ryan Reynolds,Idina Menzel,None,Walt Disney Pictures,354.4,1113.3,304.5,153.9,111.0,710.1,403.2,142.9,6.9,51,65,67,1661,Disney+,1941-01-02,Yes,2,2,1,51,2,No,Captain Hook,Troy Bolton,No,Yes,No,No,Yes,No,No,Yes,No,No,None,Teen,95.1,No,None,No,No,54.9,7.2,5.6,5.7,5.8,14.66,66,No,No,60.4,131.3,3506.9,654.9,High Profit,Hit
DIS00651,The Magic Stardust (Remake),The Magic Stardust,2023,2023-02-21,2020s,Pixar,Musical,Fairy Tale,156,G,English,India,Lee Unkrich,John Lasseter,Thomas Newman,Johnny Depp,Auli'i Cravalho,2D,Marvel Studios,435.1,785.1,369.3,178.6,122.2,460.0,325.1,43.3,8.3,87,64,89,1913,DisneyNOW,2023-06-23,No,3,2,0,83,11,Yes,Gaston,Ariel,Yes,No,No,Yes,Yes,No,Yes,No,No,No,Marvel Cinematic Universe,Family,50.9,No,None,No,No,58.9,8.5,9.2,7.0,6.3,20.33,64,No,No,0.0,153.4,844.0,237.2,Medium Profit,Average
DIS00652,Lilo & Stitch 3,Lilo & Stitch,1941,1941-04-09,1940s,Remake,Drama,Fairy Tale,137,G,Hindi,USA,Jon Favreau,Osnat Shurer,Alan Menken,Ryan Reynolds,Zendaya,None,Lucasfilm,418.4,1408.0,354.5,115.4,179.4,760.5,647.5,199.6,8.2,82,89,83,1519,Theatrical Only,,No,1,2,1,52,0,No,Judge Frollo,Mal,No,No,No,No,Yes,No,No,Yes,No,No,None,Family,227.1,No,None,No,No,74.5,8.1,8.4,7.2,6.4,12.2,73,No,No,0.0,149.9,4400.0,938.1,Massive Profit,Hit
DIS00653,The Golden Dreams 3,Standalone,2014,2014-02-23,2010s,Animated,Adventure,Holiday,115,PG-13,English,USA,Byron Howard,Peter Del Vecho,Hans Zimmer,Ryan Reynolds,Kristen Bell,3D CGI,Pixar Animation Studios,44.4,62.1,36.0,18.5,7.8,36.2,25.9,13.9,7.1,65,65,77,3315,Disney+,2015-01-16,Yes,0,1,0,50,2,Yes,Hans,Judy Hopps,No,No,Yes,No,No,No,No,No,No,No,None,Everyone,61.7,No,None,No,No,30.1,7.1,6.4,5.1,3.9,4.77,29,No,No,29.1,10.4,80.7,7.6,Low Profit,Average
DIS00654,Teen Beach 2,Teen Beach,1985,1985-04-10,1980s,Short Film,Drama,Buddy Comedy,116,PG,English,USA,John Musker,Kathleen Kennedy,Patrick Doyle,Ryan Reynolds,Zendaya,2D,Walt Disney Animation Studios,38.7,206.9,29.7,12.3,18.9,82.8,124.1,392.6,7.5,81,67,68,1101,Disney+,1986-03-11,Yes,2,0,0,46,13,No,Shan Yu,Merida,Yes,No,No,Yes,Yes,No,No,No,Yes,No,None,Family,87.3,No,None,No,No,30.7,7.8,7.6,4.1,1.9,5.42,19,No,No,17.5,32.5,419.0,164.9,Massive Profit,Blockbuster
DIS00655,Spirit of the Isles: Kingdom,Spirit of the Isles,1997,1997-04-09,1990s,Disney Channel Original,Fantasy,Holiday,115,G,English,USA,David Lowery,Jonas Rivera,Alan Menken,Chris Pratt,Kristen Bell,Hybrid,Marvel Studios,263.4,371.5,223.7,54.3,53.8,220.2,151.3,33.6,6.8,54,64,66,2482,DisneyNOW,1997-09-22,No,1,0,0,74,0,Yes,Scar,WALL-E,No,No,Yes,No,Yes,No,No,No,No,No,Marvel Cinematic Universe,Teen,75.7,No,None,No,No,32.9,6.5,5.3,4.8,4.2,7.7,11,No,No,0.0,61.8,640.8,93.5,Medium Profit,Average
DIS00656,Adventures of the Sea,Adventures of the Sea,1981,1981-06-22,1980s,Short Film,Family,Holiday,162,PG,Multiple,UK,Lee Unkrich,Peter Del Vecho,Germaine Franco,Josh Gad,Zoe Saldana,Hybrid,Disneytoon Studios,288.1,1067.8,260.9,91.4,132.6,477.4,590.4,203.1,7.8,70,77,78,4005,Disney+,1981-12-17,Yes,1,2,0,53,15,No,Mother Gothel,Ariel,Yes,No,No,Yes,Yes,No,No,No,Yes,No,None,Family,182.7,No,None,Yes,Yes,56.4,7.8,6.9,5.3,6.4,3.36,61,No,Yes,51.2,183.1,2269.1,715.5,Massive Profit,Hit
DIS00657,Wreck-It Ralph 3,Wreck-It Ralph,2018,2018-09-15,2010s,Animated,Musical,Mystery,122,PG-13,English,Japan,Jennifer Lee,John Lasseter,Germaine Franco,Ryan Reynolds,Zoe Saldana,2D,Disneytoon Studios,388.7,1485.9,310.1,80.4,124.1,742.9,743.0,280.5,7.8,71,78,77,3972,DisneyNOW,2019-05-12,No,4,1,1,75,9,Yes,Gaston,Tiana,Yes,Yes,No,Yes,No,No,No,No,No,No,None,Everyone,61.6,No,None,No,No,74.7,7.9,6.7,7.0,8.7,11.12,54,No,No,0.0,136.0,1783.1,1095.4,Massive Profit,Hit
DIS00658,Frozen 3,Frozen,1981,1981-06-22,1980s,Remake,Action,Superhero,116,G,English,USA,John Musker,Kevin Feige,Patrick Doyle,Ryan Reynolds,Halle Bailey,None,Disneytoon Studios,384.0,3825.9,331.6,154.6,380.1,1731.8,2094.1,686.9,7.0,62,62,65,3607,Disney+,1982-07-04,Yes,2,1,1,50,1,No,Dr. Facilier,Troy Bolton,No,No,Yes,No,Yes,No,No,Yes,No,No,None,Everyone,160.2,No,None,Yes,Yes,100.0,6.9,6.0,10.0,9.3,29.45,96,No,Yes,65.9,618.6,8130.0,3339.7,Massive Profit,Mega Blockbuster
DIS00659,Moana,Moana,2019,2019-06-07,2010s,Pixar,Animation,Road Trip,109,PG,English,USA,Andrew Stanton,Osnat Shurer,Lin-Manuel Miranda,Will Smith,Auli'i Cravalho,3D CGI,Marvel Studios,393.4,1016.9,325.0,119.6,156.7,552.1,464.8,128.7,4.9,40,40,42,3642,Theatrical Only,,No,0,0,0,66,1,Yes,Jafar,Nemo,No,No,Yes,No,Yes,No,No,No,No,No,Marvel Cinematic Universe,Family,186.4,No,None,No,No,54.2,4.8,3.3,5.9,6.1,7.12,46,No,Yes,0.0,98.8,1194.9,572.3,High Profit,Hit
DIS00660,Up: Rises,Up,2002,2002-01-13,2000s,Short Film,Animation,Mystery,100,G,Spanish,Canada,Craig Gillespie,Kathleen Kennedy,Alan Menken,Idris Elba,Zendaya,Stop Motion,Marvel Studios,155.3,824.2,139.4,59.6,102.1,308.1,516.1,314.2,8.6,100,81,90,3170,Theatrical Only,,No,2,1,0,48,6,Yes,Shan Yu,Merida,Yes,No,Yes,Yes,Yes,No,No,No,No,No,Marvel Cinematic Universe,Teen,121.8,No,None,Yes,Yes,56.4,8.4,10.0,6.2,5.4,6.95,50,No,No,0.0,137.2,1318.7,625.2,Massive Profit,Blockbuster
DIS00661,Ratatouille 4,Standalone,1977,1977-01-18,1970s,Live Action,Family,Heist,165,PG,English,USA,Jon Favreau,Kevin Feige,Alan Menken,Idris Elba,Kristen Bell,None,Disney Channel Productions,337.8,942.2,320.1,141.9,59.1,341.8,600.4,103.9,4.8,23,36,30,4467,Theatrical Only,,No,0,0,0,35,2,No,Scar,Mulan,Yes,Yes,Yes,No,Yes,No,No,No,No,No,None,Teen,122.3,No,None,No,No,45.2,5.2,2.0,4.1,3.9,9.15,30,No,No,0.0,68.8,2096.4,480.2,High Profit,Hit
DIS00662,Spirit of Wonders,Spirit of Wonders,1953,1953-03-10,1950s,Live Action,Comedy,Coming of Age,105,G,English,Japan,Ron Clements,John Lasseter,Thomas Newman,Tom Holland,Kristen Bell,None,Pixar Animation Studios,447.0,810.1,382.7,187.8,84.6,248.2,561.9,42.0,7.8,79,72,81,1757,Disney+,1953-11-25,Yes,1,0,0,72,1,No,Judge Frollo,Simba,No,No,No,No,Yes,No,No,No,No,No,None,Kids,104.8,No,None,No,No,52.9,8.0,8.0,4.4,6.7,7.88,54,No,No,30.1,92.9,2288.5,239.6,Medium Profit,Average
DIS00663,Legend of Stardust,Legend of Stardust,2003,2003-09-14,2000s,Short Film,Romance,Mystery,103,G,English,UK,Gary Trousdale,Jared Bush,Patrick Doyle,Jason Segel,Emma Watson,Stop Motion,Lucasfilm,116.9,411.8,104.4,50.9,61.6,252.2,159.6,165.2,6.2,62,44,55,1627,Disney+,2004-08-01,Yes,2,0,0,31,1,No,Jafar,Mirabel,No,No,No,No,Yes,No,No,No,Yes,No,None,Everyone,47.4,No,None,No,No,37.7,6.2,6.3,4.1,3.1,2.35,40,No,No,24.0,42.8,648.6,256.5,Massive Profit,Hit
DIS00664,Adventures of Dreams: Curse,Adventures of Dreams,2025,2025-07-08,2020s,Animated,Comedy,Mystery,155,PG,English,USA,Ron Clements,Kevin Feige,Germaine Franco,Jason Segel,Emma Stone,Stop Motion,Pixar Animation Studios,316.8,537.4,282.5,119.8,68.5,222.3,315.1,33.6,9.5,100,88,96,2175,Disney+,2026-04-22,Yes,1,2,0,47,4,No,Maleficent,Remy,No,No,No,Yes,Yes,Yes,No,No,Yes,No,None,Family,68.3,No,None,No,No,54.0,9.4,9.3,5.6,5.7,19.32,30,No,Yes,49.3,80.6,550.8,135.1,Medium Profit,Average
DIS00665,The Golden the North: Journey,The Golden the North,1979,1979-07-25,1970s,Remake,Adventure,Road Trip,98,G,French,USA,Jennifer Lee,Jason Owen,Michael Giacchino,Will Smith,Lily James,None,Marvel Studios,130.1,320.3,111.0,32.3,26.2,177.8,142.5,123.5,5.8,47,51,61,2423,Disney+,1980-03-05,Yes,0,0,0,40,5,Yes,Shan Yu,Tiana,Yes,No,No,Yes,Yes,No,No,Yes,No,No,Marvel Cinematic Universe,Family,49.5,No,None,No,No,30.7,5.8,3.8,2.6,3.4,1.58,32,No,Yes,9.8,38.0,696.7,177.0,High Profit,Hit
DIS00666,Bambi,Bambi,1969,1969-02-16,1960s,Animated,Sci-Fi,Road Trip,146,PG,Spanish,USA,Rob Marshall,Yvett Merino,James Newton Howard,Ewan McGregor,Emma Stone,2D,Lucasfilm,15.0,68.4,12.4,3.4,9.0,39.0,29.4,332.9,5.4,43,34,50,555,DisneyNOW,1970-02-17,No,0,0,0,67,12,No,None,Rapunzel,Yes,No,No,Yes,Yes,Yes,Yes,No,Yes,No,None,Teen,60.0,No,None,No,No,20.3,5.8,5.1,3.4,2.2,2.92,17,No,No,0.0,11.9,165.9,52.6,Massive Profit,Blockbuster
DIS00667,Peter Pan: Forever,Peter Pan,1949,1949-12-10,1940s,Pixar,Sci-Fi,Holiday,100,PG,Japanese,USA,Jennifer Lee,Jared Bush,Hans Zimmer,Chris Pratt,Idina Menzel,2D,Walt Disney Pictures,157.5,155.7,128.5,68.1,17.0,97.1,58.6,-20.8,7.7,80,67,73,3589,Disney+,1950-12-17,Yes,4,2,1,64,5,No,Jafar,Mulan,Yes,No,No,Yes,Yes,No,No,No,Yes,No,None,Family,55.5,No,None,No,No,30.6,7.3,8.1,2.9,4.2,4.19,27,Yes,No,31.2,18.7,455.4,-40.9,Loss,Average
DIS00668,The Golden Stardust: Legacy,Standalone,1997,1997-04-14,1990s,Disney Channel Original,Sci-Fi,Fairy Tale,151,PG,English,USA,Craig Gillespie,Jared Bush,Lin-Manuel Miranda,Chris Evans,Halle Bailey,2D,Disney Channel Productions,413.5,1462.9,311.3,161.3,112.4,523.1,939.8,209.5,4.9,28,40,49,1592,Theatrical Only,,No,0,0,0,41,2,No,Chernabog,Riley,No,No,No,No,Yes,No,No,No,No,No,None,Teen,131.7,Yes,Disney's Hollywood Studios,Yes,No,65.8,5.2,3.0,6.1,7.0,19.05,58,No,No,0.0,98.4,2523.5,990.3,Massive Profit,Hit
DIS00669,Legend of Dreams,Standalone,1969,1969-12-09,1960s,Remake,Comedy,Time Travel,187,PG-13,English,UK,Dean DeBlois,Osnat Shurer,Randy Newman,Ryan Reynolds,Sofia Carson,None,Walt Disney Pictures,327.9,1426.4,251.5,122.1,179.0,647.8,778.6,281.8,7.3,54,71,67,2482,Disney+,1970-04-28,Yes,2,0,0,67,7,No,None,Elsa,Yes,No,Yes,Yes,No,No,No,Yes,No,No,None,Teen,164.9,Yes,Tokyo Disneyland,Yes,Yes,67.0,7.8,4.7,7.4,7.7,11.51,83,Yes,No,30.8,71.4,3459.0,1052.8,Massive Profit,Blockbuster
DIS00670,Bambi,Bambi,2012,2012-02-19,2010s,Live Action,Fantasy,Holiday,79,G,Multiple,UK,Pete Docter,Jonas Rivera,Hans Zimmer,Idris Elba,Lily James,None,Disneytoon Studios,306.4,1814.8,259.3,108.7,210.5,1163.2,651.6,393.2,6.4,59,55,64,1435,Disney+,2012-08-26,Yes,0,2,0,82,0,No,Dr. Facilier,Mulan,Yes,No,Yes,No,Yes,No,Yes,No,No,No,None,Kids,223.4,No,None,No,No,85.9,6.5,6.0,7.7,9.2,12.24,70,No,No,34.7,208.2,2450.0,1446.8,Massive Profit,Blockbuster
DIS00671,The Magic the Sea,The Magic the Sea,2021,2021-12-12,2020s,Pixar,Animation,Superhero,164,G,Japanese,Japan,Marc Webb,Peter Del Vecho,Christophe Beck,Ewan McGregor,Emma Stone,Stop Motion,Marvel Studios,384.0,1085.8,359.7,163.3,127.0,390.9,694.9,107.6,6.3,67,62,57,2447,Disney+,2022-09-07,Yes,1,1,0,40,4,Yes,Gaston,Ariel,Yes,No,Yes,Yes,Yes,No,No,No,Yes,No,Marvel Cinematic Universe,Family,203.2,Yes,Disneyland,No,No,69.0,6.8,6.7,7.7,7.8,11.09,62,Yes,No,42.7,72.4,1221.5,562.8,High Profit,Hit
DIS00672,Fantasia 3,Fantasia,2009,2009-05-22,2000s,Live Action,Musical,Time Travel,115,G,French,Japan,Gary Trousdale,Roy Conli,James Newton Howard,Ewan McGregor,Halle Bailey,None,20th Century Studios,174.5,1834.3,143.0,68.6,154.8,666.1,1168.2,766.9,8.4,88,87,95,3511,Disney+,2010-06-13,Yes,3,1,1,84,13,No,Maleficent,Merida,Yes,Yes,No,Yes,Yes,No,No,No,Yes,No,None,Family,289.0,Yes,EPCOT,No,No,88.3,7.9,9.2,7.1,8.5,11.49,81,No,No,100.6,185.0,2613.9,1622.7,Massive Profit,Mega Blockbuster
DIS00673,Encanto,Encanto,1948,1948-08-07,1940s,Remake,Fantasy,Fairy Tale,72,G,Japanese,Canada,Chris Buck,Kevin Feige,Michael Giacchino,Idris Elba,Lily James,None,Disney Channel Productions,66.9,351.7,61.7,26.1,54.8,192.3,159.4,300.6,8.0,86,76,88,2839,DisneyNOW,1949-05-24,No,3,1,1,89,2,No,Hans,Ralph,No,No,Yes,No,Yes,No,No,Yes,Yes,No,None,Kids,55.1,No,None,No,No,25.0,8.3,8.4,4.1,2.4,2.55,21,No,Yes,0.0,59.9,1037.5,263.9,Massive Profit,Blockbuster
DIS00674,Pinocchio: Forever,Pinocchio,2007,2007-04-11,2000s,Remake,Action,Mystery,107,PG,Spanish,Canada,Andrew Stanton,Jason Owen,Christophe Beck,Idris Elba,Kristen Bell,None,Marvel Studios,445.5,1199.6,405.7,143.3,149.5,650.1,549.5,118.5,7.9,62,81,93,2726,Theatrical Only,,No,0,1,0,71,7,Yes,Chernabog,Aurora,Yes,No,No,Yes,Yes,No,No,Yes,Yes,No,Marvel Cinematic Universe,Everyone,120.9,No,None,Yes,No,63.9,8.1,6.2,8.9,7.0,6.93,69,No,No,0.0,187.2,1769.4,650.6,High Profit,Hit
DIS00675,The Golden the Isles 3,The Golden the Isles,2015,2015-12-16,2010s,Short Film,Musical,Buddy Comedy,168,PG,English,Canada,Rich Moore,Kevin Feige,Christophe Beck,Josh Gad,Zoe Saldana,Stop Motion,Disney Channel Productions,208.7,352.6,185.9,51.7,64.8,198.0,154.6,48.4,4.9,39,32,35,1547,Disney+,2016-04-01,Yes,0,0,0,67,11,No,Captain Hook,Carl Fredricksen,No,Yes,No,Yes,Yes,Yes,No,No,No,No,None,Teen,60.5,No,None,No,No,22.3,5.0,4.2,1.6,3.1,7.9,16,Yes,No,20.8,58.2,449.6,115.0,Medium Profit,Average
DIS00676,Legend of Wonders 3,Legend of Wonders,1996,1996-04-17,1990s,Live Action,Sci-Fi,Heist,91,PG,English,UK,Gary Trousdale,Kathleen Kennedy,Christophe Beck,Johnny Depp,Anne Hathaway,None,Walt Disney Animation Studios,48.6,55.3,38.1,12.7,6.3,34.6,20.7,8.9,8.5,87,70,93,1625,Disney+ Hotstar,1997-01-22,Yes,2,0,0,44,9,No,Scar,Judy Hopps,No,Yes,No,Yes,Yes,Yes,No,No,Yes,No,None,Everyone,49.6,No,None,No,No,25.2,8.6,8.3,2.8,3.7,3.39,14,No,No,16.1,8.8,96.8,4.5,Low Profit,Average
DIS00677,Adventures of Wonders,Adventures of Wonders,2020,2020-07-24,2020s,Short Film,Musical,Road Trip,88,PG,Multiple,USA,Dean DeBlois,Roy Conli,Germaine Franco,Josh Gad,Idina Menzel,Hybrid,Pixar Animation Studios,281.0,323.4,211.9,121.2,39.4,201.3,122.1,-2.9,6.6,44,61,53,3030,Disney+,2020-12-07,Yes,0,0,0,73,15,No,Maleficent,Aurora,Yes,Yes,Yes,Yes,Yes,Yes,No,No,Yes,No,None,Family,69.7,No,None,No,No,29.9,6.3,4.7,2.7,3.4,4.12,35,No,Yes,24.7,48.7,371.9,-9.7,Loss,Average
DIS00678,Coco (Remake),Coco,1957,1957-06-17,1950s,Live Action,Adventure,Mystery,145,PG-13,English,India,Rob Marshall,Yvett Merino,Hans Zimmer,Idris Elba,Halle Bailey,None,Marvel Studios,267.7,577.7,234.7,89.3,62.7,374.4,203.3,78.3,7.4,75,67,69,1232,DisneyNOW,1958-07-04,No,2,1,0,75,1,Yes,Maleficent,Nemo,No,No,No,No,No,No,No,No,No,No,Marvel Cinematic Universe,Teen,99.3,No,None,No,No,42.4,7.2,7.1,3.9,3.8,14.55,41,No,Yes,0.0,77.9,1574.2,253.7,High Profit,Hit
DIS00679,The Chronicles of Narnia 3,The Chronicles of Narnia,2001,2001-08-14,2000s,Short Film,Fantasy,Time Travel,133,PG,English,USA,Ron Clements,Jared Bush,Alan Menken,Tom Holland,Zendaya,3D CGI,Lucasfilm,442.8,3003.8,375.3,189.8,255.4,969.4,2034.4,431.6,6.4,57,48,54,4106,Disney+,2002-01-07,Yes,0,1,0,39,1,No,Dr. Facilier,Woody,No,No,Yes,No,Yes,No,No,No,No,No,None,Teen,108.4,Yes,Disney's Animal Kingdom,No,No,100.0,6.1,5.8,10.0,10.0,32.2,82,No,Yes,109.3,472.7,4881.2,2438.7,Massive Profit,Blockbuster
DIS00680,Big Hero 6,Big Hero 6,2015,2015-08-23,2010s,Short Film,Drama,Mystery,178,G,Spanish,USA,Andrew Stanton,Peter Del Vecho,Patrick Doyle,Ryan Reynolds,Kristen Bell,Stop Motion,20th Century Studios,432.4,1714.5,340.5,172.2,121.4,931.5,783.0,234.4,9.5,94,93,96,1017,Disney+ Hotstar,2016-07-03,Yes,3,3,1,64,1,No,Ursula,Stitch,No,No,No,No,Yes,Yes,No,No,Yes,No,None,Kids,179.5,Yes,EPCOT,No,No,86.7,9.5,9.0,8.5,8.7,10.12,73,No,Yes,49.2,194.9,2186.0,1201.8,Massive Profit,Hit
DIS00681,Inside Out,Inside Out,1961,1961-01-11,1960s,Animated,Fantasy,Buddy Comedy,122,G,English,USA,Rich Moore,Kevin Feige,Randy Newman,Robert Downey Jr.,Angelina Jolie,Hybrid,Pixar Animation Studios,209.0,1083.5,186.9,53.2,130.5,539.7,543.8,351.3,9.4,100,82,96,2809,Theatrical Only,,No,3,1,1,42,2,No,Cruella de Vil,Ralph,No,Yes,Yes,No,Yes,No,No,No,Yes,No,None,Family,263.3,Yes,Disney's Hollywood Studios,Yes,Yes,77.0,9.5,9.9,5.9,9.7,7.23,59,No,No,0.0,130.1,2844.2,843.4,Massive Profit,Blockbuster
DIS00682,Spirit of Wonders 4,Standalone,1964,1964-09-10,1960s,Disney Channel Original,Musical,Fairy Tale,79,G,English,Japan,Lee Unkrich,Jonas Rivera,Thomas Newman,Will Smith,Idina Menzel,Stop Motion,Lucasfilm,200.0,450.1,167.7,45.6,78.4,237.8,212.3,111.0,7.1,67,65,67,1231,DisneyNOW,1965-09-09,No,2,1,0,85,9,No,Chernabog,Belle,Yes,Yes,No,Yes,Yes,No,No,No,No,No,None,Everyone,123.2,No,None,No,No,42.5,7.2,7.3,4.8,5.5,15.82,50,No,No,0.0,53.5,1147.8,236.8,High Profit,Hit
DIS00683,Monsters Inc,Monsters Inc,1955,1955-11-02,1950s,Pixar,Romance,Heist,140,G,English,India,Rich Moore,Kevin Feige,James Newton Howard,Chris Pratt,Idina Menzel,3D CGI,Disney Channel Productions,207.2,277.1,180.2,89.7,23.7,99.7,177.4,2.7,5.7,46,42,39,3961,Disney+,1956-09-08,Yes,0,0,0,43,5,Yes,Mother Gothel,Hercules,No,No,Yes,Yes,Yes,No,No,No,Yes,No,None,Teen,25.0,No,None,No,No,26.3,5.9,5.1,3.3,2.8,7.01,42,Yes,No,31.5,32.5,769.0,7.2,Low Profit,Average
DIS00684,The Rescuers: Chronicles,The Rescuers,1954,1954-01-17,1950s,Animated,Drama,Superhero,99,G,English,USA,Jennifer Lee,Jason Owen,Michael Giacchino,Josh Gad,Idina Menzel,Hybrid,Disneytoon Studios,243.7,640.1,202.5,62.2,97.4,350.4,289.7,141.8,8.2,83,84,88,3298,Disney+,1954-10-18,Yes,2,1,0,50,2,No,Shan Yu,Woody,No,Yes,Yes,No,Yes,No,No,No,No,No,None,Teen,72.9,No,None,No,No,52.6,8.2,7.7,5.1,5.7,11.09,58,No,No,50.5,94.4,1792.3,375.4,High Profit,Hit
DIS00685,Teen Beach,Teen Beach,1961,1961-04-01,1960s,Short Film,Adventure,Heist,117,PG-13,English,Japan,Dean DeBlois,Yvett Merino,Christophe Beck,Robert Downey Jr.,Kristen Bell,3D CGI,Disneytoon Studios,403.2,786.4,318.6,153.6,69.1,346.2,440.2,66.5,8.0,80,66,81,4412,Disney+,1961-07-09,Yes,1,0,0,52,8,Yes,Dr. Facilier,Pocahontas,Yes,Yes,Yes,Yes,No,No,No,No,No,No,None,Kids,91.7,No,None,Yes,Yes,55.6,7.8,7.6,6.1,6.2,14.21,61,No,No,65.7,76.9,2064.3,314.2,Medium Profit,Average
DIS00686,The Golden the Isles 2,Standalone,1969,1969-07-24,1960s,Remake,Romance,Mystery,187,PG,English,USA,Brad Bird,Yvett Merino,James Newton Howard,Ryan Reynolds,Lily James,None,Disney Channel Productions,361.0,1335.7,329.4,134.1,138.8,580.5,755.2,188.2,7.0,54,70,69,2789,Disney+,1970-05-04,Yes,1,1,0,75,0,No,Cruella de Vil,Winnie the Pooh,No,No,No,No,Yes,No,No,Yes,No,No,None,Kids,173.2,No,None,Yes,Yes,63.8,6.8,6.1,8.2,6.1,22.37,79,No,Yes,67.3,255.3,3239.1,872.2,Massive Profit,Hit
DIS00687,Peter Pan 3,Standalone,1939,1939-02-23,1930s,Disney Channel Original,Action,Road Trip,157,PG-13,English,USA,Rich Moore,Jason Owen,Michael Giacchino,Johnny Depp,Auli'i Cravalho,3D CGI,Walt Disney Pictures,134.8,860.1,110.9,57.3,75.6,419.7,440.4,411.4,7.2,68,74,62,2322,Disney+,1939-05-23,Yes,1,0,0,77,14,No,Hans,Moana,Yes,Yes,No,Yes,No,No,No,No,No,No,None,Kids,169.0,No,None,No,No,62.5,7.4,6.9,7.2,7.5,22.02,62,No,No,60.4,46.9,2730.8,691.9,Massive Profit,Blockbuster
DIS00688,Spirit of the Forest,Spirit of the Forest,1972,1972-07-01,1970s,Pixar,Sci-Fi,Mystery,109,G,English,USA,Pete Docter,John Lasseter,Thomas Newman,Johnny Depp,Kristen Bell,3D CGI,Marvel Studios,361.7,1416.4,301.3,146.6,283.1,903.1,513.3,216.2,8.5,74,89,84,980,Theatrical Only,,No,4,2,2,38,7,Yes,Judge Frollo,Belle,Yes,Yes,Yes,Yes,Yes,Yes,No,No,No,No,Marvel Cinematic Universe,Family,211.8,Yes,Disney's Hollywood Studios,Yes,No,71.0,8.6,6.9,7.5,8.9,27.33,61,No,Yes,0.0,243.0,3328.5,968.5,Massive Profit,Hit
DIS00689,The Magic Wonders,The Magic Wonders,2010,2010-04-16,2010s,Disney Channel Original,Fantasy,Heist,178,G,English,Japan,Pete Docter,Osnat Shurer,Lin-Manuel Miranda,Josh Gad,Sofia Carson,3D CGI,Pixar Animation Studios,95.0,190.4,75.7,22.6,32.0,100.7,89.7,93.7,7.6,78,81,86,703,Disney+,2010-07-06,Yes,0,1,0,53,14,No,Hans,Snow White,Yes,No,Yes,Yes,Yes,No,No,No,No,No,None,Everyone,66.2,No,None,No,No,32.3,7.4,7.8,4.2,3.5,4.46,32,No,No,23.7,25.3,266.6,92.1,High Profit,Hit
DIS00690,The Magic Dreams,The Magic Dreams,1983,1983-08-20,1980s,Short Film,Action,Time Travel,100,PG,English,India,Marc Webb,Kevin Feige,Randy Newman,Ewan McGregor,Idina Menzel,3D CGI,Disneytoon Studios,300.0,448.8,253.1,82.7,66.9,281.9,166.9,33.7,6.7,59,50,65,2443,Disney+,1984-08-02,Yes,0,3,0,62,15,No,Maleficent,Remy,No,No,No,Yes,Yes,No,No,No,Yes,No,None,Kids,115.8,No,None,No,No,33.1,7.0,5.5,3.3,2.8,10.95,38,No,Yes,21.4,85.9,931.3,113.0,Medium Profit,Average
DIS00691,Tale of the Forest,Tale of the Forest,1963,1963-10-23,1960s,Disney Channel Original,Comedy,Coming of Age,97,G,English,Canada,Ron Clements,John Lasseter,Lin-Manuel Miranda,Dwayne Johnson,Halle Bailey,Stop Motion,Disney Channel Productions,390.9,816.8,345.9,127.0,81.0,377.5,439.3,72.7,5.9,52,50,47,3041,DisneyNOW,1964-07-22,No,0,0,0,55,2,No,None,Woody,No,Yes,Yes,No,Yes,No,No,No,No,No,None,Teen,48.1,No,None,No,No,47.0,5.8,5.3,4.5,4.1,17.53,39,No,No,0.0,59.9,2103.3,343.9,Medium Profit,Hit
DIS00692,Adventures of the Forest,Adventures of the Forest,1971,1971-08-03,1970s,Live Action,Action,Sports,62,PG-13,English,USA,Kirk Wise,Kathleen Kennedy,Lin-Manuel Miranda,Chris Evans,Idina Menzel,None,Disneytoon Studios,181.3,238.3,154.2,69.5,26.6,101.9,136.4,6.5,7.3,60,59,75,1156,Disney+,1972-07-01,Yes,2,1,1,45,2,No,Shan Yu,Stitch,No,Yes,No,No,No,No,No,No,No,No,None,Kids,91.9,No,None,No,No,31.3,7.1,5.8,1.6,3.6,4.94,31,No,Yes,34.3,29.7,566.0,14.6,Low Profit,Average
DIS00693,Cruella 2,Cruella,1967,1967-07-26,1960s,Disney Channel Original,Action,Mystery,144,PG,English,UK,Jennifer Lee,Roy Conli,Germaine Franco,Idris Elba,Angelina Jolie,Hybrid,Disneytoon Studios,77.3,84.3,69.6,21.3,10.9,49.9,34.4,-7.3,4.6,41,39,42,2306,Theatrical Only,,No,0,0,0,51,6,No,Yzma,Cinderella,Yes,No,No,Yes,Yes,No,No,No,Yes,No,None,Family,31.5,No,None,No,No,21.8,5.2,4.4,2.0,3.6,2.64,5,No,Yes,0.0,7.1,208.6,-6.6,Loss,Average
DIS00694,Adventures of the Realm: Origins,Adventures of the Realm,1952,1952-02-25,1950s,Live Action,Animation,Heist,68,PG-13,Spanish,UK,Pete Docter,Jason Owen,James Newton Howard,Jason Segel,Lily James,None,Disney Channel Productions,102.6,131.2,80.8,25.1,18.7,55.5,75.7,23.9,7.1,73,68,63,2977,Disney+,1952-12-16,Yes,1,1,0,25,1,No,Mother Gothel,Woody,No,No,Yes,No,No,No,No,No,No,No,None,Kids,40.2,No,None,No,No,26.9,7.4,6.9,2.6,2.3,4.12,27,No,No,24.3,23.8,373.9,25.3,Low Profit,Average
DIS00695,The Golden the Isles: New World,The Golden the Isles,1981,1981-06-24,1980s,Animated,Romance,Heist,102,G,English,UK,Jon Favreau,Jason Owen,Thomas Newman,Dwayne Johnson,Halle Bailey,Stop Motion,Disney Channel Productions,181.9,512.2,142.1,64.5,41.6,207.8,304.4,147.9,6.3,64,59,63,3241,Disney+,1981-11-26,Yes,1,0,0,61,4,No,Hans,Ralph,No,No,No,Yes,Yes,Yes,No,No,No,No,None,Kids,121.6,No,None,No,No,37.8,5.9,6.2,5.6,3.5,9.39,45,No,Yes,35.6,36.9,1088.4,305.6,High Profit,Hit
DIS00696,Kingdom of the North,Kingdom of the North,1951,1951-04-23,1950s,Short Film,Animation,Sports,145,PG,English,USA,Craig Gillespie,Kathleen Kennedy,Michael Giacchino,Jason Segel,Idina Menzel,Hybrid,Disney Channel Productions,404.8,187.3,379.4,119.7,17.1,119.4,67.9,-62.5,7.8,79,62,73,3331,Theatrical Only,,No,1,1,0,75,10,No,Yzma,Stitch,No,Yes,Yes,Yes,Yes,No,No,No,No,No,None,Family,78.2,No,None,No,No,25.6,7.5,7.9,2.3,2.3,7.06,40,No,No,0.0,36.5,538.5,-311.8,Loss,Flop
DIS00697,Sister Act,Sister Act,1994,1994-07-26,1990s,Short Film,Drama,Time Travel,121,PG,English,Canada,Rob Marshall,John Lasseter,James Newton Howard,Jason Segel,Zoe Saldana,2D,Disney Channel Productions,125.4,373.2,100.4,49.8,33.2,161.9,211.3,148.5,6.3,43,42,58,2547,Disney+,1995-06-25,Yes,2,2,1,80,7,No,Ursula,Nemo,No,Yes,No,Yes,Yes,No,No,No,Yes,No,None,Teen,81.5,No,None,No,No,31.6,6.4,4.3,4.6,2.4,9.48,18,No,Yes,32.7,46.6,671.8,223.0,High Profit,Hit
DIS00698,Oliver & Company 3,Oliver & Company,1973,1973-10-23,1970s,Disney Channel Original,Action,Coming of Age,112,G,Spanish,USA,John Musker,Kathleen Kennedy,Randy Newman,Ewan McGregor,Halle Bailey,Stop Motion,Marvel Studios,124.7,390.9,97.1,48.6,67.9,208.4,182.5,168.3,6.0,51,51,55,1808,DisneyNOW,1974-09-21,No,0,0,0,40,0,Yes,Scar,Bob Parr,No,No,No,No,Yes,No,No,No,No,No,Marvel Cinematic Universe,Everyone,53.2,No,None,No,No,27.3,5.7,4.8,3.3,1.8,3.34,36,No,No,0.0,28.7,908.8,245.2,Massive Profit,Hit
DIS00699,Toy Story: Beyond,Toy Story,1988,1988-12-01,1980s,Disney Channel Original,Musical,Fairy Tale,133,G,English,Japan,Rich Moore,Peter Del Vecho,Thomas Newman,Chris Evans,Emma Stone,3D CGI,Walt Disney Animation Studios,57.6,163.3,45.9,12.6,17.3,84.3,79.0,179.1,9.5,98,95,97,4389,Theatrical Only,,No,3,1,1,64,12,No,Gaston,Judy Hopps,No,Yes,No,Yes,Yes,Yes,No,No,No,No,None,Teen,104.5,No,None,No,No,30.8,9.6,10.0,3.0,3.6,4.28,26,Yes,No,0.0,20.6,318.4,104.8,Massive Profit,Hit
DIS00700,Toy Story,Standalone,1947,1947-01-09,1940s,Disney Channel Original,Romance,Heist,172,G,English,Canada,Lee Unkrich,Kathleen Kennedy,James Newton Howard,Johnny Depp,Sofia Carson,Hybrid,Disney Channel Productions,402.8,4388.9,366.5,109.8,606.4,2783.1,1605.8,821.5,5.7,47,61,53,2173,Disney+ Hotstar,1947-07-07,Yes,0,0,0,52,1,No,Hans,Carl Fredricksen,No,No,Yes,No,Yes,No,No,No,No,No,None,Everyone,306.3,Yes,Magic Kingdom,No,No,100.0,5.5,4.9,9.6,10.0,15.84,98,No,No,118.9,847.5,13057.0,3912.6,Massive Profit,Mega Blockbuster
DIS00701,The Magic the North 4,The Magic the North,1947,1947-03-17,1940s,Pixar,Family,Holiday,121,G,Japanese,India,Pete Docter,Jason Owen,Michael Giacchino,Robert Downey Jr.,Emma Stone,Stop Motion,Disney Channel Productions,316.1,1435.5,294.3,68.0,245.9,800.0,635.5,296.2,6.2,45,41,55,2044,Disney+,1947-11-17,Yes,0,0,0,98,13,No,Ursula,Rapunzel,Yes,No,Yes,Yes,Yes,No,Yes,No,Yes,No,None,Teen,138.6,Yes,EPCOT,No,No,67.7,6.6,4.5,7.3,6.6,20.53,62,No,No,78.8,286.4,4270.6,1073.2,Massive Profit,Blockbuster
DIS00702,WALL-E 2,WALL-E,2010,2010-04-23,2010s,Live Action,Drama,Heist,107,G,Spanish,India,Nathan Greno,Kevin Feige,Michael Giacchino,Ewan McGregor,Auli'i Cravalho,None,Walt Disney Pictures,302.6,998.4,285.8,64.2,175.8,643.9,354.5,185.3,7.7,63,60,75,4276,Disney+ Hotstar,2011-01-03,Yes,1,2,0,56,1,No,Judge Frollo,WALL-E,No,Yes,No,No,Yes,No,No,No,Yes,No,None,Kids,150.2,No,None,Yes,Yes,57.2,7.9,6.5,5.9,5.3,8.59,48,No,No,56.8,143.5,1397.8,648.4,Massive Profit,Hit
DIS00703,Alice in Wonderland,Alice in Wonderland,1949,1949-12-17,1940s,Pixar,Drama,Holiday,127,PG-13,English,USA,Ron Clements,Roy Conli,Hans Zimmer,Tom Holland,Emma Stone,3D CGI,Marvel Studios,109.6,213.0,101.7,42.2,20.9,100.4,112.6,48.0,7.5,73,67,70,2583,Theatrical Only,,No,0,1,0,90,13,Yes,Mother Gothel,Pocahontas,Yes,Yes,No,Yes,No,No,No,No,No,No,Marvel Cinematic Universe,Family,51.1,No,None,No,No,37.4,7.5,7.4,6.9,3.7,5.87,41,Yes,No,0.0,15.2,623.0,69.1,Medium Profit,Average
DIS00704,Adventures of the Realm,Adventures of the Realm,1973,1973-11-02,1970s,Pixar,Comedy,Mystery,137,PG-13,English,Canada,Jennifer Lee,Yvett Merino,Patrick Doyle,Idris Elba,Anne Hathaway,Hybrid,Marvel Studios,85.2,297.8,71.0,30.2,28.1,143.1,154.7,194.3,6.2,37,38,59,3895,Theatrical Only,,No,1,1,1,78,1,Yes,None,Stitch,No,No,No,No,No,Yes,No,No,No,No,Marvel Cinematic Universe,Teen,95.1,No,None,No,No,36.2,5.8,3.5,2.2,3.3,10.17,30,Yes,No,0.0,26.5,692.4,196.6,Massive Profit,Hit
DIS00705,The Golden the Forest: Awakens,The Golden the Forest,2002,2002-04-09,2000s,Disney Channel Original,Musical,Coming of Age,163,PG,English,India,Rich Moore,Kathleen Kennedy,Lin-Manuel Miranda,Ewan McGregor,Zoe Saldana,Hybrid,Disney Channel Productions,408.5,4128.6,363.9,134.8,629.6,2530.8,1597.8,727.9,7.1,69,56,72,1289,Disney+,2002-12-27,Yes,1,0,0,62,4,No,Maleficent,Merida,Yes,No,No,Yes,Yes,No,No,No,Yes,No,None,Family,342.6,Yes,EPCOT,No,No,100.0,6.8,6.4,10.0,9.8,39.56,92,No,No,68.3,727.3,6605.8,3629.9,Massive Profit,Mega Blockbuster
DIS00706,Adventures of Wonders 2,Adventures of Wonders,1969,1969-01-22,1960s,Pixar,Romance,Superhero,96,G,English,USA,Kirk Wise,Kevin Feige,James Newton Howard,Robert Downey Jr.,Emma Stone,3D CGI,Walt Disney Pictures,250.8,684.8,201.7,60.9,58.1,387.7,297.1,160.8,6.6,45,55,66,1630,Disney+,1969-06-14,Yes,0,0,0,48,7,No,Cruella de Vil,Pocahontas,Yes,No,No,Yes,Yes,Yes,No,No,No,No,None,Everyone,67.9,No,None,No,No,41.7,6.1,3.8,3.6,6.4,13.67,53,No,No,41.5,93.3,1660.6,422.2,Massive Profit,Hit
DIS00707,Cruella: Beyond,Cruella,1954,1954-04-01,1950s,Pixar,Fantasy,Road Trip,157,G,English,India,Nathan Greno,Jonas Rivera,James Newton Howard,Josh Gad,Zendaya,3D CGI,20th Century Studios,298.8,1653.1,245.0,64.8,84.4,614.9,1038.2,433.6,5.9,40,49,47,545,Disney+,1954-12-23,Yes,0,0,0,35,1,No,Jafar,Nemo,No,Yes,Yes,No,Yes,No,No,No,Yes,No,None,Family,234.1,No,None,Yes,No,78.7,6.0,4.0,8.2,8.6,21.55,66,No,No,45.2,91.1,4628.7,1343.3,Massive Profit,Blockbuster
DIS00708,Lilo & Stitch 2,Standalone,2006,2006-12-15,2000s,Live Action,Sci-Fi,Buddy Comedy,70,G,English,Japan,David Lowery,Osnat Shurer,Lin-Manuel Miranda,Tom Holland,Emma Stone,None,Lucasfilm,97.0,538.0,79.1,37.5,41.9,189.0,349.0,361.4,5.9,57,41,53,1657,Theatrical Only,,No,0,0,0,47,0,No,Jafar,Simba,No,No,No,No,Yes,No,No,No,No,No,None,Everyone,69.8,No,None,No,No,32.7,5.9,5.7,1.9,3.6,5.1,27,Yes,No,0.0,99.0,807.0,421.4,Massive Profit,Blockbuster
DIS00709,The Golden Wonders (Remake),The Golden Wonders,2023,2023-01-18,2020s,Pixar,Action,Coming of Age,169,PG,Spanish,India,John Musker,Kathleen Kennedy,Hans Zimmer,Dwayne Johnson,Halle Bailey,2D,Walt Disney Pictures,194.4,366.9,180.2,41.7,33.9,130.0,236.9,65.3,6.8,61,60,71,868,Disney+,2023-07-30,Yes,1,1,0,79,5,No,Hans,Aurora,Yes,No,Yes,Yes,Yes,No,No,No,No,No,None,Family,58.6,No,None,No,No,30.8,7.6,5.9,3.0,2.6,5.75,42,No,No,10.0,59.2,394.4,145.0,Medium Profit,Average
DIS00710,The Golden the Sea 3,The Golden the Sea,2011,2011-08-04,2010s,Pixar,Adventure,Heist,127,PG,English,India,Lee Unkrich,Peter Del Vecho,Christophe Beck,Johnny Depp,Sofia Carson,Hybrid,Disneytoon Studios,326.9,1206.0,250.2,115.5,119.5,627.1,578.9,229.8,8.3,95,76,79,3688,Theatrical Only,,No,2,0,0,70,14,No,Chernabog,Judy Hopps,No,Yes,No,Yes,Yes,No,No,No,Yes,No,None,Kids,86.6,Yes,Disney's Hollywood Studios,No,No,75.4,8.3,10.0,7.8,7.6,28.01,80,No,Yes,0.0,94.1,1658.2,840.3,Massive Profit,Hit
DIS00711,Legend of Dreams,Standalone,1973,1973-04-03,1970s,Animated,Comedy,Heist,128,PG,Spanish,UK,Rich Moore,Roy Conli,Thomas Newman,Josh Gad,Sofia Carson,Hybrid,Lucasfilm,196.6,223.9,182.4,72.8,16.2,133.5,90.4,-12.3,7.0,61,64,67,1501,Disney+,1974-04-14,Yes,2,3,0,44,6,Yes,Gaston,Aurora,Yes,No,No,Yes,Yes,No,No,No,No,No,None,Teen,48.7,No,None,No,No,35.3,7.2,5.6,2.4,2.1,7.87,28,No,No,32.0,13.9,520.6,-31.3,Loss,Average
DIS00712,Toy Story 4,Toy Story,1990,1990-09-10,1990s,Disney Channel Original,Musical,Superhero,102,G,English,UK,Byron Howard,Roy Conli,Alan Menken,Johnny Depp,Angelina Jolie,Hybrid,20th Century Studios,55.2,48.5,48.9,16.2,2.5,17.4,31.1,-25.5,6.8,56,59,63,2025,Disney+ Hotstar,1991-06-15,Yes,2,0,0,73,12,No,Hades,Mike Wazowski,No,Yes,No,Yes,Yes,No,No,No,Yes,No,None,Family,111.4,No,None,No,No,32.8,6.9,4.7,3.7,2.6,3.06,46,No,No,13.2,6.6,92.1,-16.6,Loss,Flop
DIS00713,Sleeping Beauty: Untold Story,Sleeping Beauty,2013,2013-07-19,2010s,Remake,Family,Mystery,70,PG-13,English,USA,David Lowery,Osnat Shurer,Michael Giacchino,Josh Gad,Emma Stone,None,Walt Disney Animation Studios,40.2,70.2,32.2,12.6,10.5,33.3,36.9,56.7,5.4,47,42,41,2350,DisneyNOW,2013-12-01,No,0,0,0,59,1,No,Ursula,Nemo,No,No,Yes,No,No,No,No,Yes,Yes,No,None,Family,47.3,No,None,No,No,19.4,5.2,4.8,1.0,1.3,5.1,30,No,Yes,0.0,9.7,93.0,25.4,Medium Profit,Average
DIS00714,Spirit of the Sea,Spirit of the Sea,1940,1940-12-03,1940s,Live Action,Fantasy,Road Trip,130,PG,Spanish,USA,Pete Docter,Yvett Merino,Germaine Franco,Josh Gad,Auli'i Cravalho,None,Walt Disney Animation Studios,75.5,213.9,61.9,32.3,17.5,71.6,142.3,127.1,6.1,52,48,58,795,Theatrical Only,,No,1,0,0,48,11,No,Cruella de Vil,Tarzan,No,Yes,Yes,Yes,Yes,Yes,No,No,Yes,No,None,Teen,47.9,No,None,No,No,21.8,6.0,5.5,3.2,2.9,4.76,20,Yes,No,0.0,20.7,673.8,119.7,High Profit,Hit
DIS00715,Peter Pan,Peter Pan,1984,1984-03-10,1980s,Short Film,Animation,Mystery,76,PG,Multiple,USA,Brad Bird,Jason Owen,Patrick Doyle,Jason Segel,Anne Hathaway,2D,Walt Disney Animation Studios,398.3,332.7,303.6,154.6,32.3,182.1,150.6,-27.4,6.4,55,47,63,2128,Disney+,1984-11-25,Yes,0,0,0,72,2,No,Cruella de Vil,Miguel,No,Yes,Yes,No,Yes,No,No,No,No,No,None,Teen,46.1,No,None,No,No,41.8,6.2,5.2,5.0,4.9,14.41,46,No,No,45.7,31.7,682.0,-125.5,Loss,Flop
DIS00716,Legend of the Sea 4,Legend of the Sea,2014,2014-09-27,2010s,Live Action,Sci-Fi,Fairy Tale,188,G,English,UK,Chris Buck,Jonas Rivera,Hans Zimmer,Dwayne Johnson,Anne Hathaway,None,Lucasfilm,228.5,83.2,181.1,99.1,14.2,41.9,41.3,-70.3,8.5,77,84,85,1280,Disney+,2014-11-29,Yes,2,2,0,55,0,No,Cruella de Vil,Miguel,No,No,No,No,Yes,No,No,No,Yes,No,None,Everyone,79.6,No,None,No,No,33.1,8.3,7.7,2.0,4.3,1.78,34,No,No,23.4,14.6,108.2,-197.0,Loss,Flop
DIS00717,The Golden Stardust: Legacy,The Golden Stardust,1985,1985-12-09,1980s,Pixar,Adventure,Superhero,181,PG,English,India,Pete Docter,Kathleen Kennedy,Patrick Doyle,Ewan McGregor,Zendaya,Hybrid,Lucasfilm,129.6,366.8,99.8,46.3,50.3,189.2,177.6,151.1,7.2,70,72,76,3854,Disney+ Hotstar,1986-05-03,Yes,2,1,0,35,4,No,Judge Frollo,Cinderella,Yes,No,Yes,Yes,Yes,Yes,Yes,No,Yes,No,None,Everyone,85.6,No,None,No,No,37.3,7.2,6.7,3.2,3.4,6.35,27,Yes,No,13.4,39.0,742.8,220.7,Massive Profit,Hit
DIS00718,Mulan 3,Mulan,1970,1970-10-14,1970s,Short Film,Comedy,Time Travel,112,PG-13,English,India,Jon Favreau,Peter Del Vecho,Lin-Manuel Miranda,Ewan McGregor,Halle Bailey,Hybrid,Walt Disney Pictures,218.1,52.1,202.3,81.5,7.2,21.9,30.2,-81.6,6.3,58,49,55,3289,Disney+,1971-01-29,Yes,0,0,0,75,11,No,None,Winnie the Pooh,No,Yes,Yes,Yes,No,No,No,No,No,No,None,Teen,14.9,No,None,No,No,18.4,6.1,6.6,1.9,2.0,6.46,9,No,No,14.3,4.6,125.0,-231.7,Loss,Flop
DIS00719,Finding Nemo,Finding Nemo,1998,1998-07-25,1990s,Short Film,Musical,Road Trip,112,PG-13,English,UK,Craig Gillespie,Jason Owen,Thomas Newman,Robert Downey Jr.,Lily James,2D,Walt Disney Pictures,299.3,1474.2,272.3,130.2,98.8,626.0,848.2,266.3,6.9,68,47,63,1438,Disney+,1999-02-02,Yes,0,0,0,62,7,No,Hans,Winnie the Pooh,No,No,No,Yes,No,No,No,No,Yes,No,None,Everyone,230.9,Yes,Shanghai Disneyland,No,No,74.0,6.6,7.7,7.8,7.8,20.54,83,No,Yes,70.2,254.0,2506.1,1071.7,Massive Profit,Blockbuster
DIS00720,Tarzan,Tarzan,1949,1949-11-24,1940s,Live Action,Fantasy,Buddy Comedy,60,PG,English,USA,Nathan Greno,Yvett Merino,Patrick Doyle,Dwayne Johnson,Zendaya,None,Pixar Animation Studios,270.3,971.6,208.7,107.0,89.8,355.3,616.3,207.8,6.6,54,55,66,4457,Theatrical Only,,No,2,0,0,40,0,No,Captain Hook,Ralph,No,Yes,Yes,No,Yes,No,No,No,Yes,No,None,Teen,58.6,No,None,No,No,51.8,6.7,5.6,7.2,4.4,18.43,49,Yes,No,0.0,108.0,2841.9,655.9,Massive Profit,Hit
DIS00721,The Magic the Isles,The Magic the Isles,1944,1944-11-11,1940s,Animated,Musical,Time Travel,78,G,English,Canada,Rich Moore,Jonas Rivera,Lin-Manuel Miranda,Dwayne Johnson,Idina Menzel,3D CGI,Disneytoon Studios,430.7,724.5,392.8,156.9,76.7,411.9,312.6,31.8,7.2,70,55,68,1680,Theatrical Only,,No,0,1,0,67,12,Yes,None,WALL-E,No,Yes,No,Yes,Yes,No,No,No,No,No,None,Teen,46.7,No,None,No,No,51.7,7.4,6.6,5.0,6.7,17.68,55,Yes,No,0.0,118.1,2209.7,174.8,Medium Profit,Average
DIS00722,Enchanted,Enchanted,2014,2014-06-02,2010s,Live Action,Musical,Holiday,63,PG-13,Japanese,Canada,Byron Howard,Peter Del Vecho,Christophe Beck,Jason Segel,Angelina Jolie,None,Disneytoon Studios,400.9,726.7,355.9,87.2,114.1,334.4,392.3,64.0,7.1,63,67,73,2229,Disney+,2015-04-15,Yes,0,0,0,72,5,No,Judge Frollo,Remy,No,No,Yes,Yes,No,No,No,No,No,No,None,Everyone,35.0,No,None,No,No,40.5,7.2,6.3,6.8,5.0,8.49,57,No,Yes,44.2,133.3,944.7,283.6,Medium Profit,Average
DIS00723,The Enchanted the Realm 3,The Enchanted the Realm,2010,2010-11-05,2010s,Animated,Action,Heist,86,PG,English,India,Brad Bird,Kevin Feige,Randy Newman,Will Smith,Zoe Saldana,Stop Motion,Lucasfilm,423.4,1953.8,350.9,120.3,301.5,929.3,1024.5,314.6,4.5,26,38,37,1081,Theatrical Only,,No,0,0,0,48,1,No,Maleficent,Riley,No,Yes,No,No,Yes,No,No,No,No,No,None,Everyone,159.4,No,None,No,No,73.4,4.4,2.6,7.6,7.7,4.6,86,Yes,No,0.0,129.3,2735.3,1482.6,Massive Profit,Blockbuster
DIS00724,Pinocchio (Remake),Standalone,1984,1984-07-26,1980s,Disney Channel Original,Family,Sports,177,PG,English,USA,Niki Caro,Jason Owen,Germaine Franco,Johnny Depp,Kristen Bell,2D,Marvel Studios,416.1,755.9,371.0,136.5,74.7,470.9,285.0,48.9,5.3,41,37,56,4116,Disney+,1985-03-11,Yes,0,0,0,65,9,Yes,None,Tiana,Yes,Yes,No,Yes,Yes,No,No,No,No,No,Marvel Cinematic Universe,Kids,31.3,No,None,No,No,38.3,4.6,3.8,4.4,2.8,4.71,34,No,Yes,21.3,108.0,1549.6,248.4,Medium Profit,Average
DIS00725,Alice in Wonderland,Alice in Wonderland,1941,1941-03-24,1940s,Short Film,Action,Holiday,89,G,Multiple,Japan,Rob Marshall,Kathleen Kennedy,Alan Menken,Robert Downey Jr.,Angelina Jolie,Stop Motion,Disneytoon Studios,225.9,348.9,205.2,72.0,28.1,105.3,243.6,25.9,6.3,59,56,63,4002,Disney+,1941-12-05,Yes,1,0,0,62,6,No,Mother Gothel,Cinderella,Yes,No,Yes,Yes,Yes,No,No,No,Yes,No,None,Everyone,72.4,No,None,No,No,23.6,6.3,5.7,1.7,2.6,3.97,41,No,No,22.2,48.9,1090.3,71.7,Medium Profit,Average
DIS00726,Legend of Stardust,Standalone,2010,2010-06-04,2010s,Pixar,Action,Fairy Tale,155,PG-13,English,USA,Craig Gillespie,Kathleen Kennedy,Germaine Franco,Will Smith,Angelina Jolie,Stop Motion,Lucasfilm,83.7,433.9,71.0,18.6,18.3,149.8,284.1,384.3,5.0,29,38,39,1225,DisneyNOW,2010-12-14,No,0,0,0,41,1,No,Gaston,Aladdin,No,No,No,No,No,No,No,No,No,No,None,Teen,95.9,No,None,No,No,30.2,5.1,3.1,1.2,2.6,2.35,28,No,Yes,0.0,63.9,607.5,344.3,Massive Profit,Blockbuster
DIS00727,Encanto: New World,Encanto,2006,2006-03-23,2000s,Disney Channel Original,Comedy,Fairy Tale,71,G,English,Canada,Gary Trousdale,Jonas Rivera,Thomas Newman,Johnny Depp,Auli'i Cravalho,2D,Walt Disney Pictures,385.4,2797.2,359.1,101.0,301.0,1466.5,1330.7,508.0,8.0,82,77,83,4048,Disney+,2006-08-13,Yes,3,1,0,29,1,Yes,Judge Frollo,Troy Bolton,No,No,Yes,No,Yes,No,Yes,No,No,No,None,Everyone,341.3,Yes,Shanghai Disneyland,Yes,Yes,100.0,7.8,8.1,9.8,9.6,10.24,98,No,No,44.2,477.7,4195.8,2337.1,Massive Profit,Mega Blockbuster
DIS00728,Ratatouille 3,Ratatouille,1958,1958-01-24,1950s,Animated,Drama,Coming of Age,154,PG-13,English,USA,Marc Webb,Jared Bush,Alan Menken,Idris Elba,Angelina Jolie,Hybrid,Lucasfilm,217.7,1010.7,200.5,95.3,102.3,581.6,429.1,241.7,5.9,40,54,50,573,Disney+ Hotstar,1958-07-08,Yes,0,0,0,30,1,No,Ursula,Aladdin,No,No,Yes,No,No,No,Yes,No,Yes,No,None,Kids,76.9,No,None,No,No,48.7,5.7,4.0,5.4,5.3,14.43,44,No,No,27.8,78.7,2728.9,714.9,Massive Profit,Blockbuster
DIS00729,High School Musical 4,High School Musical,1995,1995-12-07,1990s,Remake,Adventure,Sports,125,G,English,USA,Marc Webb,Osnat Shurer,James Newton Howard,Robert Downey Jr.,Zendaya,None,Pixar Animation Studios,257.8,974.0,227.6,99.4,168.3,501.2,472.8,197.9,7.9,71,81,65,4092,Theatrical Only,,No,2,1,0,85,2,No,Judge Frollo,Judy Hopps,No,No,No,No,Yes,No,No,Yes,No,No,None,Everyone,184.3,No,None,No,No,53.0,7.9,6.6,5.3,5.2,6.1,65,Yes,No,0.0,190.3,1728.8,647.0,Massive Profit,Hit
DIS00730,The Golden the Forest,The Golden the Forest,1966,1966-03-26,1960s,Short Film,Family,Buddy Comedy,116,G,English,India,David Lowery,Jared Bush,Alan Menken,Chris Pratt,Auli'i Cravalho,Stop Motion,Walt Disney Animation Studios,405.4,435.3,307.6,147.9,49.0,140.7,294.6,-4.4,5.9,54,48,48,3992,Disney+ Hotstar,1966-12-17,Yes,1,0,0,69,11,No,Shan Yu,Simba,No,No,No,Yes,Yes,No,No,No,Yes,No,None,Kids,110.8,No,None,No,No,32.8,5.7,5.7,3.0,3.5,10.1,33,No,No,17.7,33.1,1088.2,-20.2,Loss,Average
DIS00731,Enchanted: Forever,Enchanted,2018,2018-05-27,2010s,Pixar,Action,Fairy Tale,167,G,English,Canada,Craig Gillespie,Osnat Shurer,Randy Newman,Ewan McGregor,Angelina Jolie,3D CGI,Marvel Studios,284.6,2410.3,229.0,77.0,164.7,1046.2,1364.1,687.7,7.1,66,67,64,2324,Theatrical Only,,No,3,1,1,55,1,Yes,Captain Hook,Ralph,No,No,No,No,Yes,Yes,No,No,No,No,Marvel Cinematic Universe,Family,340.5,Yes,EPCOT,Yes,No,100.0,7.0,6.4,10.0,10.0,33.25,91,No,No,0.0,288.0,2892.4,2104.3,Massive Profit,Mega Blockbuster
DIS00732,Hercules: Rises,Standalone,1984,1984-03-23,1980s,Remake,Romance,Coming of Age,159,PG,English,USA,Gary Trousdale,Yvett Merino,Randy Newman,Robert Downey Jr.,Zendaya,None,Marvel Studios,446.7,2924.0,413.0,169.6,471.1,1423.5,1500.5,401.9,7.3,53,77,75,2194,Disney+,1984-12-30,Yes,1,2,0,48,0,Yes,Judge Frollo,Judy Hopps,No,No,No,No,Yes,Yes,No,Yes,No,No,Marvel Cinematic Universe,Family,278.0,Yes,Disney's Animal Kingdom,No,No,100.0,7.2,5.2,10.0,9.8,21.92,96,No,No,71.5,153.2,5994.2,2341.4,Massive Profit,Blockbuster
DIS00733,Tangled,Tangled,1990,1990-10-14,1990s,Pixar,Animation,Fairy Tale,175,PG-13,Multiple,USA,Ron Clements,Kevin Feige,Germaine Franco,Jason Segel,Sofia Carson,3D CGI,Disney Channel Productions,147.5,486.8,135.5,45.0,40.1,154.3,332.5,169.7,7.9,83,80,83,3366,Disney+,1991-10-19,Yes,1,0,0,57,8,No,Dr. Facilier,Remy,No,No,Yes,Yes,No,No,No,No,No,No,None,Family,114.2,No,None,No,No,37.0,8.3,8.3,4.8,4.0,3.49,29,No,No,21.3,88.0,924.9,306.3,Massive Profit,Hit
DIS00734,Encanto (Remake),Encanto,1950,1950-06-07,1950s,Live Action,Action,Time Travel,138,PG-13,English,USA,David Lowery,Roy Conli,Patrick Doyle,Tom Holland,Idina Menzel,None,Marvel Studios,421.3,421.8,396.7,143.2,42.0,131.6,290.2,-21.9,8.5,93,91,83,831,Disney+,1951-01-07,Yes,2,4,1,37,2,Yes,None,Mike Wazowski,No,Yes,No,No,No,No,No,No,Yes,No,Marvel Cinematic Universe,Teen,156.9,No,None,No,No,46.6,7.9,9.8,3.4,5.1,12.48,54,No,Yes,20.8,64.2,1223.2,-118.1,Loss,Average
DIS00735,Enchanted: Curse,Enchanted,1954,1954-08-14,1950s,Live Action,Comedy,Buddy Comedy,103,PG,English,UK,David Lowery,Kathleen Kennedy,Germaine Franco,Chris Evans,Emma Watson,None,Disney Channel Productions,302.2,272.2,273.0,72.6,26.6,152.9,119.3,-21.2,7.9,70,84,82,3898,Theatrical Only,,No,1,0,0,60,5,No,Shan Yu,Ariel,Yes,Yes,Yes,Yes,Yes,No,Yes,No,No,No,None,Teen,86.4,No,None,No,No,40.9,7.9,7.3,4.9,4.9,8.25,36,No,Yes,0.0,27.8,762.2,-73.4,Loss,Average
DIS00736,Wreck-It Ralph (Remake),Wreck-It Ralph,1965,1965-04-16,1960s,Pixar,Musical,Buddy Comedy,122,PG,Japanese,UK,Lee Unkrich,Kathleen Kennedy,Lin-Manuel Miranda,Josh Gad,Emma Watson,Stop Motion,Disneytoon Studios,448.3,1555.3,345.0,174.9,234.3,733.9,821.4,199.2,5.3,31,39,46,3024,Disney+,1965-07-08,Yes,0,0,0,61,12,No,Cruella de Vil,Pocahontas,Yes,Yes,No,Yes,Yes,Yes,No,No,No,No,None,Kids,192.9,No,None,No,No,67.4,5.9,2.8,6.0,6.4,18.8,53,No,No,52.2,229.1,3927.1,1035.4,Massive Profit,Hit
DIS00737,Legend of the Forest (Remake),Legend of the Forest,2004,2004-03-03,2000s,Live Action,Sci-Fi,Coming of Age,124,G,French,UK,Kirk Wise,Roy Conli,Lin-Manuel Miranda,Dwayne Johnson,Emma Stone,None,Walt Disney Pictures,95.8,101.7,74.7,39.4,14.0,46.8,54.9,-10.9,6.9,60,63,67,4311,Disney+,2004-05-12,Yes,0,0,0,15,10,No,Gaston,Pocahontas,Yes,Yes,No,Yes,Yes,No,No,No,No,No,None,Teen,50.6,No,None,No,No,26.7,7.5,6.1,3.2,2.0,6.13,26,No,No,11.1,11.3,157.6,-12.4,Loss,Average
DIS00738,Bambi,Bambi,1998,1998-04-03,1990s,Animated,Fantasy,Coming of Age,166,PG,English,Canada,Brad Bird,Roy Conli,Christophe Beck,Chris Evans,Emma Watson,Stop Motion,Walt Disney Animation Studios,182.4,408.4,154.7,66.4,59.5,220.6,187.8,84.7,6.6,46,60,64,2370,Theatrical Only,,No,1,0,0,45,9,No,Scar,Aurora,Yes,No,Yes,Yes,Yes,No,No,No,No,No,None,Everyone,67.8,No,None,No,No,28.3,7.0,4.3,2.1,3.3,9.72,34,No,No,0.0,36.1,694.3,187.3,High Profit,Hit
DIS00739,Hocus Pocus,Standalone,2014,2014-03-04,2010s,Animated,Drama,Mystery,102,PG,Spanish,USA,Rich Moore,Kathleen Kennedy,Alan Menken,Ryan Reynolds,Zendaya,2D,Disney Channel Productions,43.4,149.3,36.1,16.9,17.2,91.1,58.2,181.7,7.6,75,75,79,2854,Theatrical Only,,No,2,0,0,32,1,No,Jafar,Tiana,Yes,Yes,No,No,Yes,No,No,No,No,No,None,Everyone,76.2,No,None,No,No,36.4,7.3,7.4,3.7,4.3,8.08,32,No,No,0.0,29.3,194.1,96.3,Massive Profit,Hit
DIS00740,Adventures of the Isles: Kingdom,Adventures of the Isles,1938,1938-11-16,1930s,Remake,Animation,Road Trip,141,PG,Hindi,UK,Byron Howard,Yvett Merino,Patrick Doyle,Ryan Reynolds,Auli'i Cravalho,None,Pixar Animation Studios,236.9,643.6,191.1,60.3,59.3,336.6,307.0,156.0,7.0,65,67,77,1387,Disney+,1939-02-21,Yes,2,0,0,80,11,Yes,Captain Hook,Snow White,Yes,No,Yes,Yes,Yes,No,No,Yes,Yes,No,None,Family,84.7,No,None,No,No,49.9,7.3,7.1,4.3,4.4,18.93,42,Yes,No,52.7,71.4,2059.5,392.2,Massive Profit,Hit
DIS00741,Legend of the Forest,Legend of the Forest,2012,2012-02-17,2010s,Live Action,Adventure,Buddy Comedy,72,PG,English,USA,Lee Unkrich,Jonas Rivera,Thomas Newman,Dwayne Johnson,Sofia Carson,None,Lucasfilm,286.4,1938.7,237.7,109.9,192.4,995.0,943.7,457.7,6.7,59,63,63,1178,Disney+,2012-07-24,Yes,2,1,1,51,0,No,Dr. Facilier,Judy Hopps,No,No,No,No,Yes,No,No,No,No,Yes,None,Family,227.8,Yes,Disney California Adventure,No,No,85.7,7.4,5.9,8.5,8.8,11.38,90,No,No,65.2,113.9,2617.2,1591.1,Massive Profit,Blockbuster
DIS00742,Adventures of the North 2,Adventures of the North,2016,2016-02-18,2010s,Short Film,Fantasy,Time Travel,104,PG,Japanese,Japan,Rob Marshall,Jonas Rivera,Michael Giacchino,Chris Evans,Idina Menzel,2D,Marvel Studios,409.2,184.2,369.1,170.1,24.7,72.3,111.9,-65.8,5.1,47,40,48,789,Disney+,2017-01-04,Yes,0,0,0,53,13,Yes,Hans,Elsa,Yes,Yes,Yes,Yes,Yes,No,No,No,Yes,No,Marvel Cinematic Universe,Everyone,31.0,No,None,No,No,24.8,4.3,4.2,2.0,3.0,6.12,45,No,No,23.8,19.9,230.2,-355.0,Loss,Flop
DIS00743,The Golden the North 4,The Golden the North,1987,1987-04-02,1980s,Live Action,Romance,Mystery,95,PG,English,UK,Craig Gillespie,Osnat Shurer,Hans Zimmer,Jason Segel,Halle Bailey,None,Disneytoon Studios,250.8,1611.1,216.7,52.9,153.5,623.2,987.9,497.6,4.8,24,35,37,3406,Disney+,1987-06-03,Yes,0,0,0,59,13,No,Hades,Mirabel,No,No,No,Yes,Yes,Yes,Yes,No,Yes,No,None,Teen,223.1,No,None,No,No,64.3,5.2,2.2,6.0,7.1,3.45,65,No,No,23.0,87.0,3181.9,1341.5,Massive Profit,Blockbuster
DIS00744,The Golden the Isles,The Golden the Isles,1974,1974-05-07,1970s,Short Film,Adventure,Heist,152,PG,English,Canada,John Musker,Kevin Feige,Patrick Doyle,Dwayne Johnson,Kristen Bell,3D CGI,20th Century Studios,15.0,71.5,11.8,4.2,9.4,44.9,26.6,346.9,7.4,89,65,66,1281,Theatrical Only,,No,1,1,0,60,8,Yes,Jafar,Hiro,No,No,No,Yes,Yes,Yes,No,No,No,No,None,Family,43.5,No,None,No,No,23.8,7.7,9.3,2.3,3.5,9.23,35,No,No,0.0,13.7,164.4,55.5,Massive Profit,Blockbuster
DIS00745,The Magic Dreams (Remake),The Magic Dreams,1975,1975-12-17,1970s,Disney Channel Original,Action,Sports,80,PG-13,English,USA,Ron Clements,Jason Owen,Randy Newman,Dwayne Johnson,Zoe Saldana,3D CGI,Walt Disney Animation Studios,159.5,316.3,122.3,36.4,25.0,157.4,158.9,99.3,5.7,38,54,62,2643,Disney+,1976-07-24,Yes,0,0,0,66,11,Yes,Yzma,Aurora,Yes,No,No,Yes,No,Yes,No,No,No,No,None,Kids,27.1,No,None,No,No,26.8,6.2,2.7,2.1,1.5,8.0,35,Yes,No,32.1,16.6,719.6,157.6,High Profit,Average
DIS00746,Pocahontas,Pocahontas,1970,1970-11-17,1970s,Remake,Family,Sports,76,G,Multiple,USA,Kirk Wise,John Lasseter,Hans Zimmer,Robert Downey Jr.,Idina Menzel,3D CGI,Walt Disney Pictures,46.9,352.3,44.2,10.7,30.9,122.7,229.6,541.7,7.3,69,66,80,1447,Disney+,1971-08-02,Yes,3,2,0,50,0,No,Judge Frollo,Tarzan,No,No,Yes,No,Yes,No,Yes,Yes,Yes,No,None,Teen,46.1,No,None,No,No,36.7,6.7,5.7,3.9,3.0,13.01,30,Yes,No,20.6,27.9,845.5,297.4,Massive Profit,Mega Blockbuster
DIS00747,The Enchanted the Realm,The Enchanted the Realm,1996,1996-01-16,1990s,Pixar,Action,Sports,82,PG-13,Hindi,India,Gary Trousdale,John Lasseter,Thomas Newman,Chris Evans,Kristen Bell,Stop Motion,Lucasfilm,285.3,164.2,248.9,106.1,22.5,99.5,64.7,-53.7,5.4,37,38,50,587,Disney+,1996-04-26,Yes,0,0,0,44,2,No,Ursula,Moana,Yes,No,No,No,No,Yes,No,No,No,No,None,Everyone,33.9,No,None,No,No,27.9,5.8,2.9,3.6,1.2,1.42,18,No,No,9.9,31.6,287.3,-190.8,Loss,Flop
DIS00748,Legend of the Forest,Legend of the Forest,1993,1993-07-23,1990s,Disney Channel Original,Fantasy,Superhero,64,PG,English,Japan,Ron Clements,Roy Conli,Randy Newman,Will Smith,Angelina Jolie,2D,Marvel Studios,92.9,171.7,78.6,35.2,14.8,77.8,93.9,50.9,7.4,77,63,86,4228,Theatrical Only,,No,1,1,0,72,1,Yes,Chernabog,Snow White,Yes,No,Yes,No,Yes,No,No,No,No,No,Marvel Cinematic Universe,Everyone,73.6,No,None,No,No,23.3,7.7,7.8,5.1,2.3,1.71,26,No,Yes,0.0,17.8,313.4,57.9,Medium Profit,Average
DIS00749,Kingdom of the Forest 3,Kingdom of the Forest,1998,1998-02-15,1990s,Live Action,Sci-Fi,Fairy Tale,101,PG,French,USA,Jennifer Lee,Jason Owen,Thomas Newman,Idris Elba,Kristen Bell,None,20th Century Studios,15.6,10.9,13.7,3.9,1.0,3.6,7.3,-38.1,4.5,26,33,42,1875,Disney+,1998-09-30,Yes,0,0,0,61,10,No,Dr. Facilier,Ralph,No,No,No,Yes,Yes,No,No,No,Yes,No,None,Kids,25.0,No,None,No,No,19.1,4.7,3.3,2.5,3.4,6.9,8,No,No,21.8,1.7,18.5,-6.7,Loss,Flop
DIS00750,The Golden the Forest (Remake),The Golden the Forest,1955,1955-07-22,1950s,Animated,Family,Road Trip,128,PG-13,English,UK,Jennifer Lee,Osnat Shurer,Lin-Manuel Miranda,Ewan McGregor,Idina Menzel,Hybrid,Lucasfilm,435.5,562.2,390.7,149.4,78.8,280.2,282.0,4.1,5.2,45,34,53,2409,Disney+,1955-11-03,Yes,0,0,0,58,15,No,Jafar,Belle,Yes,Yes,No,Yes,No,No,No,No,No,No,None,Teen,96.8,No,None,No,No,28.7,5.1,4.1,3.3,2.0,2.44,30,No,Yes,11.2,110.0,1560.1,22.1,Low Profit,Average
DIS00751,Tale of the Isles,Tale of the Isles,1952,1952-09-01,1950s,Short Film,Action,Mystery,147,G,English,UK,Brad Bird,Peter Del Vecho,Patrick Doyle,Ryan Reynolds,Emma Stone,Stop Motion,Disneytoon Studios,177.7,1213.2,138.8,57.2,119.4,575.5,637.7,519.0,7.7,78,66,77,562,Disney+,1953-03-03,Yes,2,0,0,54,11,No,Jafar,Rapunzel,Yes,Yes,No,Yes,Yes,Yes,No,No,No,No,None,Family,173.4,Yes,Shanghai Disneyland,No,No,74.8,7.2,8.1,8.3,7.3,9.85,72,No,No,49.8,187.6,3457.6,1017.2,Massive Profit,Blockbuster
DIS00752,Atlantis,Standalone,2008,2008-01-14,2000s,Live Action,Romance,Mystery,84,PG,English,India,Craig Gillespie,Roy Conli,James Newton Howard,Chris Pratt,Auli'i Cravalho,None,Disney Channel Productions,57.8,138.7,43.5,15.6,18.6,65.4,73.3,134.7,6.1,57,41,58,618,Disney+,2008-06-08,Yes,2,1,1,47,8,No,Jafar,Ariel,Yes,Yes,Yes,Yes,Yes,No,No,No,No,No,None,Kids,67.8,No,None,No,No,24.4,6.1,5.8,2.1,2.4,3.94,32,No,No,18.5,24.9,201.1,79.6,High Profit,Hit
DIS00753,Monsters Inc 2,Monsters Inc,2004,2004-09-24,2000s,Animated,Comedy,Heist,129,PG,Spanish,Japan,Ron Clements,Kevin Feige,Christophe Beck,Robert Downey Jr.,Lily James,Hybrid,Walt Disney Animation Studios,194.6,963.6,149.3,58.2,84.3,367.9,595.7,364.4,9.3,94,95,95,2240,Theatrical Only,,No,6,3,2,48,10,No,Judge Frollo,Simba,No,Yes,No,Yes,Yes,No,No,No,Yes,No,None,Family,140.7,Yes,Disney's Hollywood Studios,No,No,73.4,9.2,9.6,7.1,8.8,21.2,73,No,No,0.0,176.7,1493.6,756.1,Massive Profit,Blockbuster
DIS00754,The Enchanted the North,Standalone,1955,1955-06-17,1950s,Animated,Musical,Mystery,176,PG-13,Spanish,UK,Kirk Wise,Yvett Merino,Christophe Beck,Will Smith,Halle Bailey,Hybrid,Walt Disney Animation Studios,76.5,125.9,71.2,16.4,7.4,43.5,82.4,43.7,8.5,86,85,92,1387,Disney+,1956-07-07,Yes,1,2,0,92,12,No,Chernabog,Mulan,Yes,Yes,Yes,Yes,No,Yes,No,No,No,No,None,Family,92.5,No,None,No,No,30.1,8.7,8.7,4.7,4.7,2.94,25,No,Yes,28.0,9.6,349.4,38.3,Medium Profit,Average
DIS00755,The Magic the Realm: New World,Standalone,1948,1948-07-07,1940s,Live Action,Sci-Fi,Buddy Comedy,176,G,English,USA,Gary Trousdale,Peter Del Vecho,Hans Zimmer,Jason Segel,Kristen Bell,None,Disney Channel Productions,178.9,406.7,137.5,46.5,62.0,197.1,209.6,121.0,6.5,52,50,56,3523,Disney+,1948-12-01,Yes,1,0,0,66,6,No,None,Pocahontas,Yes,Yes,No,Yes,Yes,No,No,No,No,No,None,Everyone,53.9,No,None,No,No,40.1,6.3,5.0,2.6,4.0,14.8,55,No,Yes,45.2,42.9,1199.8,222.7,High Profit,Hit
DIS00756,Tale of Dreams 2,Tale of Dreams,1966,1966-08-05,1960s,Short Film,Sci-Fi,Heist,123,G,English,Canada,Rich Moore,John Lasseter,Christophe Beck,Chris Evans,Kristen Bell,3D CGI,Lucasfilm,434.2,810.1,365.6,101.4,134.8,458.8,351.3,73.5,7.7,71,75,65,2488,Theatrical Only,,No,0,2,0,54,12,No,Mother Gothel,Pocahontas,Yes,Yes,Yes,Yes,Yes,No,No,No,Yes,No,None,Everyone,104.2,No,None,No,No,51.0,7.6,6.8,4.2,4.7,9.27,36,No,Yes,0.0,86.4,2025.2,343.1,Medium Profit,Average
DIS00757,Alice in Wonderland,Alice in Wonderland,1991,1991-12-25,1990s,Remake,Adventure,Superhero,123,G,Spanish,Japan,Brad Bird,John Lasseter,Christophe Beck,Idris Elba,Angelina Jolie,None,Disney Channel Productions,152.0,906.9,125.0,50.1,146.6,524.2,382.7,417.9,6.8,68,53,77,1915,Disney+,1992-04-29,Yes,0,1,0,40,14,No,Shan Yu,Ariel,Yes,No,Yes,Yes,Yes,No,No,Yes,No,No,None,Teen,167.4,No,None,No,No,48.5,6.8,6.7,7.5,3.9,16.91,43,Yes,No,57.4,177.2,1700.4,731.8,Massive Profit,Blockbuster
DIS00758,Kingdom of the North,Standalone,1953,1953-04-24,1950s,Live Action,Sci-Fi,Coming of Age,72,G,English,UK,Jon Favreau,Osnat Shurer,Randy Newman,Jason Segel,Zendaya,None,Marvel Studios,230.0,2207.2,193.7,91.6,227.4,1009.5,1197.7,673.6,6.8,59,61,70,1113,Theatrical Only,,No,2,0,0,78,1,Yes,Dr. Facilier,Hercules,No,Yes,No,No,Yes,Yes,No,No,No,No,Marvel Cinematic Universe,Family,272.7,No,None,Yes,No,82.2,6.7,5.9,8.7,7.3,15.31,84,No,No,0.0,381.6,6235.3,1921.9,Massive Profit,Mega Blockbuster
DIS00759,Big Hero 6: Rises,Big Hero 6,1968,1968-02-15,1960s,Pixar,Comedy,Coming of Age,135,PG-13,English,India,John Musker,Jason Owen,Patrick Doyle,Ewan McGregor,Zendaya,Hybrid,Walt Disney Pictures,107.7,358.8,91.7,28.6,54.4,155.4,203.4,198.3,8.0,77,76,73,1567,Theatrical Only,,No,0,2,0,66,2,No,Shan Yu,Carl Fredricksen,No,No,No,No,No,Yes,No,No,No,No,None,Teen,122.1,No,None,No,No,43.5,7.1,7.8,4.9,3.8,2.56,48,No,No,0.0,67.4,879.1,238.5,Massive Profit,Hit
DIS00760,The Lion King: New World,Standalone,1977,1977-12-02,1970s,Pixar,Action,Heist,90,PG,Hindi,USA,Gary Trousdale,Jason Owen,Christophe Beck,Tom Holland,Sofia Carson,3D CGI,Disneytoon Studios,410.4,377.5,326.2,132.6,65.5,199.3,178.2,-17.7,7.5,50,70,73,2123,Theatrical Only,,No,2,3,1,58,12,No,Cruella de Vil,Snow White,Yes,Yes,No,Yes,Yes,No,Yes,No,No,No,None,Kids,75.3,No,None,No,No,32.5,7.9,5.0,2.5,5.1,8.14,19,Yes,No,0.0,36.1,839.9,-81.3,Loss,Average
DIS00761,The Golden the North,The Golden the North,1977,1977-02-16,1970s,Animated,Romance,Superhero,118,PG,Spanish,USA,Nathan Greno,Peter Del Vecho,James Newton Howard,Chris Evans,Lily James,Hybrid,20th Century Studios,22.2,55.2,20.8,7.9,8.1,28.1,27.1,92.3,7.9,87,68,87,954,Disney+ Hotstar,1978-02-13,Yes,1,0,0,40,11,No,Ursula,Mulan,Yes,No,Yes,Yes,Yes,No,No,No,No,No,None,Kids,19.8,No,None,No,No,17.2,7.4,8.7,1.1,1.0,3.6,24,No,No,7.5,5.0,122.8,26.5,High Profit,Hit
DIS00762,Oliver & Company,Oliver & Company,2025,2025-10-15,2020s,Remake,Sci-Fi,Sports,66,PG,Hindi,India,Byron Howard,Kathleen Kennedy,Christophe Beck,Tom Holland,Sofia Carson,None,Lucasfilm,51.1,50.8,47.7,15.4,6.7,20.1,30.7,-19.5,7.4,85,79,78,2928,Disney+ Hotstar,2026-03-09,Yes,0,0,0,76,7,Yes,Maleficent,Rapunzel,Yes,Yes,No,Yes,Yes,No,No,Yes,No,No,None,Everyone,37.8,No,None,No,No,32.9,7.4,8.5,4.7,2.8,2.82,29,No,No,27.7,5.8,52.1,-12.3,Loss,Average
DIS00763,Legend of the Realm 3,Legend of the Realm,1954,1954-03-06,1950s,Live Action,Sci-Fi,Road Trip,72,PG,English,Canada,Lee Unkrich,Roy Conli,Patrick Doyle,Chris Pratt,Idina Menzel,None,Disneytoon Studios,349.2,381.5,287.5,95.4,43.5,125.2,256.3,-0.4,7.6,66,80,75,4492,Theatrical Only,,No,1,0,0,76,0,No,Scar,Mike Wazowski,No,Yes,Yes,No,Yes,No,No,No,No,No,None,Kids,71.4,No,None,No,No,30.1,8.0,7.2,3.4,2.2,9.42,28,No,No,0.0,29.2,1068.2,-1.4,Loss,Average
DIS00764,Kingdom of Stardust,Standalone,1973,1973-03-02,1970s,Remake,Action,Fairy Tale,121,PG,English,USA,Rich Moore,Kevin Feige,Germaine Franco,Jason Segel,Kristen Bell,None,Disneytoon Studios,373.1,716.2,294.3,154.6,63.1,238.8,477.4,59.5,8.3,86,73,85,4107,Disney+,1973-08-02,Yes,4,3,2,58,2,No,Shan Yu,Carl Fredricksen,No,No,No,No,Yes,No,No,Yes,No,No,None,Everyone,103.4,No,None,No,No,49.0,8.3,9.6,3.2,6.4,15.35,45,No,No,52.8,136.4,1665.2,267.3,Medium Profit,Average
DIS00765,Adventures of the Isles,Adventures of the Isles,1981,1981-09-03,1980s,Live Action,Family,Fairy Tale,86,G,English,Japan,Brad Bird,Osnat Shurer,Hans Zimmer,Dwayne Johnson,Halle Bailey,None,Disney Channel Productions,159.3,642.6,149.2,51.1,100.4,388.9,253.7,220.8,7.9,73,78,86,3506,Disney+,1982-06-02,Yes,3,3,1,50,4,No,Yzma,Belle,Yes,No,No,Yes,Yes,No,No,No,Yes,No,None,Teen,88.3,No,None,No,No,45.2,8.1,6.9,4.3,6.1,2.82,37,No,No,43.9,57.8,1365.5,442.3,Massive Profit,Blockbuster
DIS00766,Finding Nemo (Remake),Finding Nemo,1966,1966-12-19,1960s,Disney Channel Original,Adventure,Sports,73,G,Japanese,USA,Craig Gillespie,Kevin Feige,Christophe Beck,Tom Holland,Idina Menzel,2D,Walt Disney Animation Studios,192.6,530.4,171.5,70.1,49.1,204.3,326.1,119.5,5.1,44,45,32,1826,Disney+,1967-06-20,Yes,0,0,0,71,5,No,Shan Yu,Ralph,No,No,Yes,Yes,Yes,No,No,No,No,No,None,Kids,55.4,No,None,No,No,35.1,5.2,4.3,3.1,5.0,5.15,46,Yes,No,24.0,86.0,1326.0,288.8,High Profit,Hit
DIS00767,The Magic Stardust,The Magic Stardust,1986,1986-01-05,1980s,Live Action,Comedy,Time Travel,80,PG,English,Canada,Jennifer Lee,John Lasseter,James Newton Howard,Ryan Reynolds,Auli'i Cravalho,None,Walt Disney Pictures,117.9,153.1,100.6,35.7,8.0,60.6,92.5,12.3,8.4,99,83,84,2937,Theatrical Only,,No,4,2,2,63,2,No,Hades,Winnie the Pooh,No,No,No,No,Yes,No,No,No,No,No,None,Family,54.4,No,None,No,No,31.1,8.8,9.8,3.3,3.1,7.96,29,No,No,0.0,12.1,306.2,16.8,Low Profit,Average
DIS00768,Winnie the Pooh,Winnie the Pooh,1940,1940-12-25,1940s,Disney Channel Original,Animation,Time Travel,72,G,English,USA,Andrew Stanton,Peter Del Vecho,Hans Zimmer,Ryan Reynolds,Zoe Saldana,3D CGI,Walt Disney Pictures,352.4,2338.9,325.7,90.3,359.8,1272.0,1066.9,462.2,6.3,51,62,72,2605,Theatrical Only,,No,1,0,0,45,0,Yes,None,Tarzan,No,Yes,Yes,No,Yes,No,No,No,No,No,None,Family,86.1,No,None,No,No,97.1,6.3,5.1,10.0,10.0,21.84,94,Yes,No,0.0,142.8,7367.5,1922.9,Massive Profit,Blockbuster
DIS00769,The Magic the Isles 4,The Magic the Isles,1945,1945-08-13,1940s,Short Film,Drama,Mystery,125,PG,Multiple,USA,Gary Trousdale,Jonas Rivera,Christophe Beck,Dwayne Johnson,Zendaya,Hybrid,Marvel Studios,337.6,382.9,286.0,96.4,52.2,228.6,154.3,0.1,5.6,32,33,55,1967,Theatrical Only,,No,0,0,0,39,2,Yes,Scar,Mike Wazowski,No,No,No,No,Yes,No,No,No,No,No,Marvel Cinematic Universe,Kids,70.3,No,None,No,No,28.3,5.3,3.4,3.5,2.7,2.97,48,No,Yes,0.0,28.7,1158.3,0.5,Low Profit,Average
DIS00770,The Golden Stardust,The Golden Stardust,1973,1973-08-25,1970s,Remake,Adventure,Heist,92,PG-13,English,Japan,Craig Gillespie,Jonas Rivera,Thomas Newman,Ryan Reynolds,Idina Menzel,None,20th Century Studios,400.3,373.1,342.6,166.6,44.1,135.2,237.9,-26.7,8.4,71,84,82,1017,Theatrical Only,,No,0,0,0,56,0,Yes,Mother Gothel,Troy Bolton,No,No,No,No,No,Yes,Yes,Yes,No,No,None,Everyone,68.4,No,None,No,No,50.5,8.3,7.2,3.8,4.8,14.07,74,No,Yes,0.0,69.1,867.5,-136.1,Loss,Average
DIS00771,Brave,Brave,2013,2013-05-20,2010s,Disney Channel Original,Action,Buddy Comedy,165,PG,English,Canada,Craig Gillespie,Osnat Shurer,James Newton Howard,Chris Pratt,Halle Bailey,Hybrid,Lucasfilm,110.1,206.8,102.7,29.5,34.6,100.1,106.7,56.4,7.2,60,66,69,604,Theatrical Only,,No,2,0,0,46,2,No,Scar,Woody,No,Yes,No,No,Yes,No,No,No,No,No,None,Family,38.2,No,None,No,No,29.7,7.1,6.6,2.7,3.1,10.34,34,No,No,0.0,36.6,274.0,74.6,Medium Profit,Average
DIS00772,Pinocchio,Pinocchio,2007,2007-04-02,2000s,Animated,Musical,Time Travel,95,PG,English,USA,Gary Trousdale,Kevin Feige,Patrick Doyle,Chris Evans,Emma Watson,Stop Motion,Disney Channel Productions,86.1,749.7,78.1,18.3,59.2,440.0,309.7,677.7,5.8,61,50,49,3621,Disney+,2008-04-05,Yes,0,0,0,95,15,No,Scar,Troy Bolton,No,Yes,No,Yes,Yes,Yes,No,No,No,No,None,Family,145.4,No,None,No,No,48.9,6.2,5.8,3.5,6.2,3.41,52,No,No,38.1,70.5,1105.8,653.3,Massive Profit,Mega Blockbuster
DIS00773,The Lion King,The Lion King,2008,2008-07-27,2000s,Remake,Family,Coming of Age,62,PG-13,English,USA,Lee Unkrich,Yvett Merino,Hans Zimmer,Jason Segel,Zendaya,Hybrid,Marvel Studios,80.7,46.1,66.9,32.3,6.2,28.1,18.0,-53.5,7.5,74,62,75,2532,Disney+ Hotstar,2008-10-01,Yes,0,0,0,58,0,Yes,Maleficent,Woody,No,Yes,No,No,No,No,No,Yes,Yes,No,Marvel Cinematic Universe,Everyone,41.1,No,None,No,No,27.3,7.1,7.3,3.2,3.7,7.25,28,No,Yes,14.6,7.6,66.8,-53.1,Loss,Flop
DIS00774,Up,Up,2015,2015-12-13,2010s,Live Action,Adventure,Road Trip,76,G,English,Canada,Rich Moore,Jared Bush,Randy Newman,Ryan Reynolds,Emma Stone,None,Walt Disney Animation Studios,252.4,899.6,235.7,96.4,48.7,367.5,532.1,170.9,6.1,66,46,65,3451,Disney+,2016-06-29,Yes,1,0,0,77,2,No,Cruella de Vil,Mirabel,No,No,No,No,Yes,Yes,No,No,No,No,None,Everyone,155.9,No,None,No,No,51.7,6.4,6.7,7.5,5.6,19.96,55,Yes,No,41.7,128.6,1147.0,567.5,Massive Profit,Hit
DIS00775,Spirit of the Sea: Chronicles,Spirit of the Sea,1992,1992-11-25,1990s,Disney Channel Original,Animation,Mystery,157,PG-13,English,USA,Dean DeBlois,Peter Del Vecho,James Newton Howard,Chris Evans,Zoe Saldana,Hybrid,Walt Disney Animation Studios,202.6,1116.6,162.4,53.2,98.5,549.2,567.4,417.9,7.3,63,57,72,4245,DisneyNOW,1993-06-06,No,1,2,0,59,13,No,Dr. Facilier,Snow White,Yes,Yes,Yes,Yes,No,Yes,No,No,No,No,None,Family,92.2,No,None,No,No,61.1,7.4,7.3,6.0,6.7,16.69,67,Yes,No,0.0,174.5,2065.7,901.0,Massive Profit,Blockbuster
DIS00776,Pirates of the Caribbean (Remake),Pirates of the Caribbean,1968,1968-05-14,1960s,Animated,Adventure,Buddy Comedy,118,G,French,USA,Rich Moore,Jason Owen,Christophe Beck,Dwayne Johnson,Sofia Carson,Stop Motion,Disney Channel Productions,136.5,478.4,113.1,59.6,61.3,274.5,203.9,177.0,5.3,43,39,41,1144,Disney+,1968-11-18,Yes,0,0,0,50,2,No,Mother Gothel,Hiro,No,Yes,No,No,Yes,No,No,No,Yes,No,None,Teen,98.1,No,None,No,No,30.9,5.0,4.4,2.4,2.0,11.47,43,No,No,19.9,52.3,1172.1,305.7,Massive Profit,Hit
DIS00777,Kingdom of Stardust 3,Standalone,1944,1944-09-06,1940s,Disney Channel Original,Comedy,Buddy Comedy,91,PG,English,USA,David Lowery,Kevin Feige,Germaine Franco,Josh Gad,Kristen Bell,2D,Marvel Studios,82.9,29.6,66.3,23.7,2.5,9.5,20.1,-67.1,7.8,76,82,79,3024,Disney+,1945-06-08,Yes,1,1,0,68,8,Yes,Shan Yu,Pocahontas,Yes,No,No,Yes,Yes,No,No,No,No,No,Marvel Cinematic Universe,Kids,82.2,No,None,No,No,26.8,8.7,7.0,2.8,3.0,5.22,19,No,No,22.2,4.6,90.3,-60.4,Loss,Flop
DIS00778,Alice in Wonderland 2,Alice in Wonderland,1962,1962-09-21,1960s,Short Film,Adventure,Superhero,147,PG,English,USA,Nathan Greno,Roy Conli,Alan Menken,Robert Downey Jr.,Anne Hathaway,3D CGI,Marvel Studios,255.3,297.7,194.8,60.5,38.0,128.0,169.7,16.6,7.1,54,68,62,863,DisneyNOW,1963-03-02,No,1,2,1,64,5,Yes,Scar,Elsa,Yes,Yes,No,Yes,Yes,No,No,No,Yes,No,Marvel Cinematic Universe,Family,116.3,No,None,No,No,34.7,6.8,5.5,3.3,4.3,4.5,17,No,No,0.0,43.6,774.0,42.4,Low Profit,Average
DIS00779,The Magic Dreams,Standalone,1950,1950-11-25,1950s,Live Action,Family,Holiday,82,G,English,Japan,Ron Clements,John Lasseter,Thomas Newman,Idris Elba,Kristen Bell,None,Marvel Studios,303.0,507.9,272.9,116.7,65.9,253.9,254.0,30.4,5.6,42,46,47,1334,Disney+,1951-12-03,Yes,0,0,0,54,0,Yes,Captain Hook,Nemo,No,No,Yes,No,Yes,No,No,No,No,No,Marvel Cinematic Universe,Everyone,25.7,No,None,No,No,20.4,5.6,4.9,1.0,2.7,3.03,9,Yes,No,12.6,34.1,1472.9,118.3,Medium Profit,Average
DIS00780,The Enchanted the Isles 4,The Enchanted the Isles,2027,2027-12-17,2020s,Animated,Comedy,Time Travel,131,PG,English,USA,Craig Gillespie,Yvett Merino,Alan Menken,Tom Holland,Zoe Saldana,2D,Disney Channel Productions,117.7,738.5,103.4,45.7,145.6,434.7,303.8,395.3,8.1,93,65,86,0,Theatrical Only,,No,2,2,0,62,0,No,Maleficent,Mulan,Yes,Yes,Yes,No,Yes,Yes,No,No,No,No,None,Teen,181.7,No,None,No,No,55.9,8.0,9.4,5.5,4.7,22.1,69,Yes,No,0.0,132.2,738.5,589.4,Massive Profit,Blockbuster
DIS00781,The Sword in the Stone: New World,Standalone,1985,1985-05-16,1980s,Animated,Fantasy,Buddy Comedy,85,PG,English,USA,Marc Webb,Kevin Feige,Lin-Manuel Miranda,Ewan McGregor,Kristen Bell,3D CGI,Walt Disney Animation Studios,263.9,1367.4,248.1,103.3,73.5,503.9,863.5,289.1,6.0,53,60,58,1351,Disney+ Hotstar,1985-12-09,Yes,0,0,0,58,0,No,Ursula,Simba,No,Yes,Yes,No,Yes,No,No,No,No,No,None,Everyone,212.4,No,None,Yes,Yes,68.2,5.9,5.9,8.7,6.3,25.86,65,No,No,57.8,112.9,2769.0,1016.0,Massive Profit,Blockbuster
DIS00782,Adventures of Dreams: Return,Adventures of Dreams,1973,1973-07-04,1970s,Disney Channel Original,Comedy,Holiday,169,PG,English,India,Dean DeBlois,John Lasseter,Germaine Franco,Idris Elba,Angelina Jolie,3D CGI,Walt Disney Pictures,232.6,549.4,212.0,69.9,77.3,245.6,303.8,94.9,7.6,70,69,70,1945,Disney+,1973-12-10,Yes,0,0,0,45,0,No,Hades,Carl Fredricksen,No,No,No,No,Yes,No,No,No,No,No,None,Teen,101.3,No,None,No,No,37.2,7.3,7.4,5.5,5.2,3.22,33,No,Yes,13.4,49.0,1277.4,267.5,High Profit,Hit
DIS00783,Legend of the North: Rises,Legend of the North,1979,1979-03-03,1970s,Disney Channel Original,Musical,Fairy Tale,115,G,English,USA,Ron Clements,John Lasseter,Christophe Beck,Will Smith,Emma Stone,Hybrid,Disney Channel Productions,253.4,992.3,193.1,63.2,123.0,563.8,428.5,287.2,4.7,34,39,37,2976,Disney+,1979-07-22,Yes,0,0,0,71,14,No,Dr. Facilier,Mal,No,No,No,Yes,Yes,No,No,No,Yes,No,None,Everyone,94.4,No,None,Yes,No,55.8,5.0,2.6,5.5,5.4,21.87,64,No,No,44.2,68.9,2158.3,736.0,Massive Profit,Hit
DIS00784,The Golden the North (Remake),Standalone,1964,1964-11-10,1960s,Pixar,Family,Mystery,152,G,English,USA,Pete Docter,Jonas Rivera,James Newton Howard,Will Smith,Sofia Carson,Stop Motion,20th Century Studios,7.3,55.8,5.5,2.2,8.4,33.5,22.3,624.7,7.3,78,58,67,2722,Disney+,1965-05-30,Yes,1,0,0,84,15,No,Judge Frollo,Bob Parr,No,No,No,Yes,Yes,Yes,No,No,No,No,None,Teen,38.1,No,None,No,No,28.3,6.8,7.7,3.3,3.6,7.31,22,Yes,No,20.9,6.3,142.3,48.1,Massive Profit,Mega Blockbuster
DIS00785,Tale of the Realm,Tale of the Realm,2017,2017-12-11,2010s,Live Action,Sci-Fi,Buddy Comedy,157,PG,English,Japan,Rob Marshall,Jonas Rivera,Randy Newman,Ryan Reynolds,Anne Hathaway,None,Walt Disney Pictures,156.2,94.7,122.5,59.2,8.1,60.2,34.5,-47.9,6.2,55,58,65,1589,DisneyNOW,2019-01-10,No,0,0,0,78,5,Yes,Judge Frollo,Pocahontas,Yes,Yes,No,Yes,Yes,Yes,No,No,No,No,None,Everyone,68.2,No,None,No,No,22.7,5.6,4.9,2.5,2.8,3.1,12,Yes,No,0.0,14.5,116.0,-87.0,Loss,Flop
DIS00786,The Enchanted the Sea 3,The Enchanted the Sea,2002,2002-08-17,2000s,Disney Channel Original,Romance,Fairy Tale,69,G,Spanish,USA,Ron Clements,Roy Conli,Randy Newman,Dwayne Johnson,Emma Stone,Stop Motion,20th Century Studios,388.9,85.6,356.5,79.0,6.6,53.0,32.6,-80.3,6.7,56,66,58,2328,Disney+,2003-02-09,Yes,3,0,0,43,6,No,Gaston,Rapunzel,Yes,Yes,No,Yes,Yes,No,No,No,No,No,None,Teen,72.2,No,None,No,No,26.3,7.0,4.9,3.3,3.1,9.32,34,No,Yes,14.6,16.2,137.0,-349.9,Loss,Flop
DIS00787,Coco,Coco,1951,1951-07-05,1950s,Remake,Romance,Sports,136,PG,Japanese,USA,Chris Buck,Kathleen Kennedy,Alan Menken,Chris Evans,Emma Watson,None,Disneytoon Studios,88.5,135.9,71.6,18.6,12.2,69.9,66.0,50.7,6.6,68,51,54,1435,Theatrical Only,,No,0,0,0,66,0,Yes,Hans,Mike Wazowski,No,No,No,No,Yes,No,No,Yes,Yes,No,None,Family,21.0,No,None,No,No,25.9,6.1,6.9,2.3,2.2,3.66,21,No,Yes,0.0,11.4,390.7,45.7,Medium Profit,Average
DIS00788,Legend of the Sea,Standalone,1956,1956-03-17,1950s,Pixar,Adventure,Heist,104,PG,English,India,Dean DeBlois,Yvett Merino,Michael Giacchino,Johnny Depp,Halle Bailey,2D,Walt Disney Pictures,282.2,388.8,266.3,104.6,79.0,226.0,162.8,4.8,6.9,68,69,74,513,Theatrical Only,,No,2,0,0,48,7,No,Gaston,Mulan,Yes,No,No,Yes,Yes,No,No,No,No,No,None,Everyone,87.5,No,None,No,No,36.3,6.6,7.2,2.4,3.6,13.35,38,No,No,0.0,41.6,1069.2,17.9,Low Profit,Average
DIS00789,Peter Pan 3,Standalone,1979,1979-08-13,1970s,Animated,Drama,Time Travel,126,PG,English,India,Brad Bird,Jonas Rivera,Hans Zimmer,Robert Downey Jr.,Idina Menzel,Hybrid,Pixar Animation Studios,114.0,526.7,101.5,45.3,58.7,187.5,339.2,258.8,8.0,87,93,72,3320,Theatrical Only,,No,0,1,0,53,1,No,Gaston,Carl Fredricksen,No,Yes,No,No,Yes,No,Yes,No,No,No,None,Everyone,36.4,No,None,No,No,42.5,8.2,8.3,4.4,3.4,5.96,34,No,Yes,0.0,101.1,1145.6,379.9,Massive Profit,Blockbuster
DIS00790,Adventures of the Isles (Remake),Adventures of the Isles,1991,1991-03-03,1990s,Live Action,Animation,Time Travel,157,PG,French,India,Marc Webb,Roy Conli,Michael Giacchino,Josh Gad,Emma Watson,None,20th Century Studios,347.4,2103.6,273.8,77.4,391.9,1234.6,869.0,499.0,7.1,67,68,58,3496,Theatrical Only,,No,0,1,0,64,1,No,Yzma,Nemo,No,No,Yes,No,Yes,No,No,No,No,No,None,Kids,258.3,Yes,Disney California Adventure,Yes,Yes,96.0,7.1,7.1,8.7,10.0,7.73,95,No,No,0.0,343.4,3944.2,1752.4,Massive Profit,Blockbuster
DIS00791,Kingdom of the Forest,Standalone,1972,1972-03-07,1970s,Live Action,Romance,Road Trip,140,PG,Hindi,USA,Pete Docter,Yvett Merino,Thomas Newman,Jason Segel,Kristen Bell,None,Disneytoon Studios,320.9,96.2,246.7,91.5,13.3,39.6,56.6,-71.6,5.4,40,32,46,4348,Disney+ Hotstar,1972-05-29,Yes,0,0,0,38,2,No,None,Simba,No,No,No,No,Yes,No,No,No,No,No,None,Everyone,50.8,No,None,No,No,19.5,5.6,3.8,3.1,1.2,6.21,29,No,No,16.4,14.1,226.1,-242.0,Loss,Flop
DIS00792,Tarzan,Tarzan,1957,1957-03-09,1950s,Live Action,Family,Road Trip,127,G,English,USA,Dean DeBlois,Yvett Merino,Michael Giacchino,Chris Evans,Zoe Saldana,None,Marvel Studios,356.2,1835.0,301.6,98.8,163.9,950.9,884.1,358.3,7.2,71,58,72,2048,DisneyNOW,1957-11-01,No,2,0,0,56,2,Yes,Chernabog,Mal,No,No,Yes,No,Yes,No,No,No,No,No,Marvel Cinematic Universe,Everyone,226.0,Yes,Disney California Adventure,No,No,92.2,6.7,6.9,8.0,10.0,19.34,82,No,No,0.0,181.1,5000.4,1434.6,Massive Profit,Blockbuster
DIS00793,The Enchanted Dreams: Secret,The Enchanted Dreams,1952,1952-04-15,1950s,Short Film,Adventure,Heist,150,PG,English,USA,Marc Webb,Kevin Feige,Thomas Newman,Chris Pratt,Zendaya,Hybrid,Disney Channel Productions,445.0,617.4,336.5,165.0,75.0,301.5,315.9,23.1,8.0,76,65,70,1544,Disney+,1952-11-26,Yes,1,1,0,27,0,No,Chernabog,Carl Fredricksen,No,No,Yes,No,Yes,No,Yes,No,Yes,No,None,Teen,94.0,No,None,No,No,34.8,8.3,8.0,3.0,3.7,8.38,39,No,No,23.2,94.1,1759.6,115.9,Low Profit,Average
DIS00794,The Magic the Realm 3,The Magic the Realm,2002,2002-01-20,2000s,Disney Channel Original,Family,Fairy Tale,134,PG-13,Spanish,USA,Dean DeBlois,Peter Del Vecho,Thomas Newman,Tom Holland,Lily James,2D,Disneytoon Studios,331.2,2007.6,261.5,79.6,211.4,786.1,1221.5,488.6,8.0,90,70,83,836,Theatrical Only,,No,0,2,0,80,10,No,Jafar,Simba,No,No,Yes,Yes,No,No,No,No,Yes,No,None,Family,152.3,No,None,No,No,91.3,8.2,9.4,9.5,9.4,9.39,99,No,No,0.0,156.1,3212.2,1666.5,Massive Profit,Blockbuster
DIS00795,Kingdom of the Sea,Standalone,1963,1963-02-22,1960s,Animated,Fantasy,Heist,164,G,English,USA,Chris Buck,Kathleen Kennedy,Alan Menken,Jason Segel,Emma Watson,Stop Motion,Pixar Animation Studios,183.1,220.8,143.4,73.4,27.9,122.4,98.4,1.8,8.4,94,74,88,2730,Disney+,1963-06-16,Yes,1,2,0,39,2,No,Dr. Facilier,Nemo,No,Yes,Yes,No,Yes,No,No,No,No,No,None,Kids,109.7,No,None,No,No,35.4,8.9,10.0,2.9,2.8,2.78,50,No,No,41.4,38.5,568.6,4.0,Low Profit,Average
DIS00796,Kingdom of Wonders 4,Kingdom of Wonders,1943,1943-12-13,1940s,Short Film,Fantasy,Superhero,84,PG-13,Hindi,USA,Chris Buck,Kathleen Kennedy,Alan Menken,Chris Pratt,Zoe Saldana,3D CGI,Marvel Studios,83.0,331.7,62.5,17.6,31.7,184.3,147.4,314.1,4.3,30,36,34,4321,Disney+,1944-09-25,Yes,0,0,0,92,12,Yes,Ursula,Carl Fredricksen,No,Yes,Yes,Yes,No,No,No,No,Yes,No,Marvel Cinematic Universe,Teen,40.2,No,None,No,No,17.7,4.4,2.8,1.3,3.1,2.48,1,Yes,No,19.0,36.0,1020.0,251.6,Massive Profit,Hit
DIS00797,Tale of the Isles 3,Tale of the Isles,2020,2020-02-11,2020s,Live Action,Sci-Fi,Time Travel,168,PG,English,USA,Nathan Greno,John Lasseter,Patrick Doyle,Chris Evans,Kristen Bell,None,Walt Disney Pictures,236.6,534.2,221.6,92.4,32.0,169.3,364.9,70.1,7.1,85,64,69,1022,Theatrical Only,,No,1,1,0,35,10,No,Chernabog,Aurora,Yes,Yes,Yes,Yes,Yes,No,Yes,No,Yes,No,None,Family,80.1,No,None,No,No,46.3,7.1,8.5,3.9,5.0,14.55,43,No,No,0.0,92.4,614.3,220.2,Medium Profit,Hit
DIS00798,Kingdom of Stardust,Kingdom of Stardust,1963,1963-08-08,1960s,Live Action,Fantasy,Heist,123,PG,English,Japan,Marc Webb,Peter Del Vecho,James Newton Howard,Chris Pratt,Anne Hathaway,None,Lucasfilm,234.1,540.7,189.9,52.1,64.2,334.7,206.0,123.4,6.5,41,60,54,2392,Disney+,1964-02-27,Yes,0,0,0,64,7,No,Chernabog,Mike Wazowski,No,No,Yes,Yes,Yes,No,No,No,No,No,None,Family,136.5,No,None,No,No,42.4,7.0,4.5,5.1,5.7,3.37,34,No,Yes,23.2,59.2,1392.3,298.7,High Profit,Hit
DIS00799,The Enchanted Dreams,The Enchanted Dreams,1989,1989-10-10,1980s,Pixar,Fantasy,Buddy Comedy,188,G,English,USA,Niki Caro,Jared Bush,Hans Zimmer,Robert Downey Jr.,Sofia Carson,Hybrid,Walt Disney Animation Studios,316.8,475.1,261.6,89.5,44.4,259.1,216.0,35.3,6.8,69,57,69,2494,Theatrical Only,,No,1,1,0,58,1,No,Ursula,Riley,No,Yes,Yes,No,Yes,No,No,No,No,No,None,Teen,53.0,No,None,No,No,40.4,7.5,7.2,4.6,4.7,12.51,43,No,No,0.0,33.6,914.6,124.0,Medium Profit,Average
DIS00800,Kingdom of Dreams 4,Kingdom of Dreams,2012,2012-03-01,2010s,Short Film,Family,Holiday,85,PG,French,Canada,Dean DeBlois,Peter Del Vecho,Germaine Franco,Ryan Reynolds,Anne Hathaway,3D CGI,Marvel Studios,217.3,2240.9,186.6,47.9,207.8,928.8,1312.1,855.6,6.2,59,48,64,602,Disney+ Hotstar,2013-02-07,Yes,1,1,1,79,4,Yes,Scar,Mike Wazowski,No,Yes,Yes,Yes,Yes,Yes,No,No,No,Yes,Marvel Cinematic Universe,Everyone,160.1,Yes,Shanghai Disneyland,Yes,No,93.6,6.6,5.5,10.0,10.0,5.83,96,No,No,108.7,196.0,3025.2,2006.4,Massive Profit,Mega Blockbuster
DIS00801,The Princess and the Frog,The Princess and the Frog,2005,2005-01-16,2000s,Disney Channel Original,Family,Mystery,140,PG,Hindi,India,Byron Howard,John Lasseter,Lin-Manuel Miranda,Chris Pratt,Emma Watson,3D CGI,Disneytoon Studios,113.1,390.5,89.9,30.0,43.2,170.2,220.3,225.7,6.9,63,57,74,3693,Disney+,2005-10-29,Yes,0,0,0,61,2,Yes,Gaston,Remy,No,No,No,No,Yes,No,No,No,No,No,None,Teen,53.7,No,None,No,No,29.2,6.6,6.9,4.3,4.8,9.37,34,No,No,16.6,22.7,595.5,270.6,Massive Profit,Hit
DIS00802,Pirates of the Caribbean,Pirates of the Caribbean,1988,1988-11-17,1980s,Animated,Action,Fairy Tale,70,G,Multiple,USA,Jennifer Lee,Kevin Feige,Lin-Manuel Miranda,Josh Gad,Idina Menzel,Stop Motion,Disneytoon Studios,27.8,68.0,21.4,6.0,5.7,31.7,36.3,148.2,6.0,45,51,53,3769,Disney+,1989-02-23,Yes,0,0,0,33,1,No,None,Remy,No,No,No,No,Yes,No,No,No,No,No,None,Family,52.4,No,None,No,No,21.8,6.5,4.5,2.8,2.7,2.86,22,Yes,No,9.4,5.3,132.6,40.6,High Profit,Hit
DIS00803,Spirit of Dreams 4,Spirit of Dreams,1937,1937-09-18,1930s,Live Action,Comedy,Holiday,88,PG,English,Japan,Rich Moore,Osnat Shurer,Alan Menken,Ryan Reynolds,Kristen Bell,None,Pixar Animation Studios,86.0,291.7,71.9,34.0,28.0,106.4,185.3,175.4,7.5,61,71,73,989,Theatrical Only,,No,1,0,0,45,0,No,None,Hiro,No,No,No,No,Yes,No,No,No,No,No,None,Family,81.1,No,None,No,No,28.3,7.5,6.4,2.0,3.3,5.24,17,No,No,0.0,38.8,940.7,185.8,Massive Profit,Hit
DIS00804,Tale of the Isles: Beyond,Tale of the Isles,2002,2002-10-02,2000s,Disney Channel Original,Sci-Fi,Coming of Age,61,PG-13,English,Canada,Andrew Stanton,Roy Conli,Lin-Manuel Miranda,Ewan McGregor,Kristen Bell,3D CGI,Lucasfilm,363.0,144.9,298.1,101.5,11.9,81.8,63.1,-63.7,6.9,65,60,68,964,Disney+,2002-12-28,Yes,0,0,0,31,5,No,Yzma,Snow White,Yes,No,No,Yes,No,Yes,No,No,No,No,None,Teen,20.0,No,None,No,No,5.9,6.7,6.7,1.0,1.1,0.97,3,No,No,3.6,12.0,231.8,-254.7,Loss,Flop
DIS00805,The Golden Stardust,The Golden Stardust,1946,1946-05-06,1940s,Animated,Sci-Fi,Heist,115,PG,English,Canada,Lee Unkrich,Yvett Merino,Germaine Franco,Johnny Depp,Anne Hathaway,Stop Motion,Disneytoon Studios,428.0,312.5,372.5,189.2,26.2,142.0,170.5,-44.4,6.5,67,54,65,1721,DisneyNOW,1946-10-30,No,0,1,0,56,7,No,Gaston,Riley,No,No,Yes,Yes,Yes,No,No,No,No,No,None,Family,47.9,No,None,No,No,35.2,6.8,6.5,1.9,3.8,11.02,33,No,No,0.0,17.6,937.5,-249.2,Loss,Flop
DIS00806,Snow White 3,Snow White,1941,1941-07-03,1940s,Short Film,Romance,Time Travel,173,G,French,India,Marc Webb,Osnat Shurer,Alan Menken,Ryan Reynolds,Anne Hathaway,2D,Disney Channel Productions,320.8,207.6,289.2,107.2,28.9,100.4,107.2,-47.6,6.7,60,69,61,2200,Theatrical Only,,No,0,0,0,62,10,Yes,Hans,Belle,Yes,No,No,Yes,Yes,No,No,No,No,No,None,Everyone,57.9,No,None,No,No,19.5,6.7,5.8,3.6,2.0,1.22,19,No,Yes,0.0,17.0,648.8,-188.8,Loss,Flop
DIS00807,Finding Nemo,Finding Nemo,1998,1998-05-06,1990s,Disney Channel Original,Romance,Road Trip,76,G,English,USA,Brad Bird,John Lasseter,Christophe Beck,Chris Evans,Lily James,3D CGI,Marvel Studios,385.0,288.8,299.0,121.7,37.9,127.9,160.9,-31.4,5.2,28,29,52,1486,Disney+ Hotstar,1999-01-25,Yes,0,0,0,52,2,Yes,Hans,Mike Wazowski,No,No,No,No,Yes,No,No,No,Yes,No,Marvel Cinematic Universe,Everyone,97.2,No,None,No,No,29.9,5.1,1.9,1.8,3.9,4.3,27,No,No,34.9,39.0,491.0,-131.9,Loss,Flop
DIS00808,Legend of Dreams,Legend of Dreams,1983,1983-11-21,1980s,Pixar,Sci-Fi,Heist,110,PG,English,USA,Niki Caro,Roy Conli,Hans Zimmer,Johnny Depp,Sofia Carson,2D,Marvel Studios,18.6,18.3,14.9,4.0,2.6,10.1,8.2,-3.2,6.5,64,40,66,3839,Disney+,1984-09-05,Yes,3,2,2,60,4,Yes,Mother Gothel,Miguel,No,No,Yes,Yes,Yes,No,No,No,No,No,Marvel Cinematic Universe,Everyone,33.2,No,None,No,No,18.6,6.6,6.0,1.7,2.2,3.39,28,Yes,No,15.9,1.5,38.0,-0.6,Loss,Average
DIS00809,101 Dalmatians,101 Dalmatians,2010,2010-12-09,2010s,Disney Channel Original,Animation,Road Trip,66,G,English,USA,Jon Favreau,Jared Bush,Hans Zimmer,Ryan Reynolds,Lily James,3D CGI,20th Century Studios,294.6,681.1,260.1,87.5,113.2,351.7,329.4,95.9,8.4,85,74,88,4469,Disney+ Hotstar,2011-02-18,Yes,4,0,0,97,12,No,Hades,Mal,No,Yes,Yes,Yes,Yes,Yes,No,No,No,No,None,Teen,115.2,No,None,No,No,51.3,8.3,9.1,4.3,5.3,6.44,55,Yes,No,26.9,108.0,953.5,333.5,High Profit,Hit
DIS00810,Sleeping Beauty,Standalone,2011,2011-05-18,2010s,Animated,Musical,Holiday,183,G,Spanish,India,Andrew Stanton,John Lasseter,James Newton Howard,Dwayne Johnson,Angelina Jolie,2D,Pixar Animation Studios,210.2,329.0,185.6,46.9,35.2,184.0,145.0,41.5,5.3,40,51,52,2271,Disney+,2012-02-05,Yes,0,0,0,74,5,No,Hans,Tiana,Yes,No,Yes,Yes,Yes,No,No,No,No,No,None,Teen,52.6,No,None,No,No,28.9,5.3,3.9,1.0,3.1,8.12,29,No,No,31.0,45.1,452.4,96.5,Medium Profit,Average
DIS00811,The Incredibles,Standalone,1989,1989-11-19,1980s,Live Action,Family,Mystery,159,PG,English,Canada,Ron Clements,John Lasseter,Christophe Beck,Ewan McGregor,Emma Watson,None,Lucasfilm,70.1,60.7,53.5,31.1,6.1,30.5,30.2,-28.3,6.6,65,59,62,663,Disney+,1990-05-17,Yes,1,0,0,76,0,No,Scar,Winnie the Pooh,No,No,No,No,Yes,No,No,No,No,No,None,Kids,78.2,No,None,No,No,35.6,7.0,6.6,4.6,3.2,5.9,18,Yes,No,15.6,5.8,116.8,-23.9,Loss,Flop
DIS00812,The Chronicles of Narnia 4,The Chronicles of Narnia,1947,1947-12-16,1940s,Short Film,Fantasy,Holiday,183,G,English,USA,Jennifer Lee,Jason Owen,Michael Giacchino,Jason Segel,Zendaya,2D,Disneytoon Studios,111.4,265.0,97.7,26.1,27.3,93.8,171.2,114.1,5.8,44,39,51,4232,Theatrical Only,,No,0,0,0,63,13,No,Hans,Belle,Yes,Yes,Yes,Yes,Yes,No,No,No,No,No,None,Everyone,27.2,No,None,No,No,20.5,5.9,4.5,1.5,2.8,2.06,28,Yes,No,0.0,31.4,788.4,141.2,High Profit,Hit
DIS00813,The Magic Stardust (Remake),The Magic Stardust,1983,1983-11-14,1980s,Disney Channel Original,Action,Sports,125,G,English,Japan,Byron Howard,Jason Owen,Hans Zimmer,Will Smith,Lily James,3D CGI,Pixar Animation Studios,432.6,500.6,382.4,148.5,57.8,281.4,219.2,-5.7,9.4,86,89,96,525,Theatrical Only,,No,5,2,0,66,8,No,Chernabog,Merida,Yes,Yes,No,Yes,Yes,No,No,No,No,No,None,Family,136.6,No,None,No,No,43.7,9.6,7.8,3.6,6.2,8.78,49,Yes,No,0.0,39.9,1038.7,-30.3,Loss,Average
DIS00814,Monsters Inc: Legacy,Standalone,1940,1940-05-12,1940s,Short Film,Drama,Coming of Age,159,G,Japanese,USA,Dean DeBlois,Kevin Feige,Alan Menken,Will Smith,Zendaya,3D CGI,Walt Disney Pictures,117.7,808.1,93.5,35.6,136.3,488.1,320.0,525.9,4.5,34,28,39,3672,Disney+,1941-01-02,Yes,0,0,0,53,2,Yes,Hans,Carl Fredricksen,No,No,No,No,Yes,No,No,No,No,No,None,Everyone,63.8,No,None,No,No,34.4,4.5,3.2,3.5,4.6,1.93,52,No,No,34.3,41.4,2545.5,679.0,Massive Profit,Blockbuster
DIS00815,The Enchanted Dreams (Remake),The Enchanted Dreams,2021,2021-09-14,2020s,Disney Channel Original,Animation,Mystery,114,PG,English,USA,Pete Docter,Jonas Rivera,James Newton Howard,Josh Gad,Emma Watson,Stop Motion,Pixar Animation Studios,199.5,319.2,167.4,55.0,30.2,105.4,213.8,43.5,7.8,55,73,83,3662,Disney+ Hotstar,2022-08-21,Yes,1,0,0,69,0,No,Yzma,Winnie the Pooh,No,Yes,Yes,No,Yes,No,No,No,No,No,None,Family,109.8,No,None,No,No,32.4,7.2,5.3,1.8,3.6,5.21,18,No,No,22.4,47.8,359.1,96.8,Medium Profit,Average
DIS00816,Wreck-It Ralph: Return,Wreck-It Ralph,2021,2021-10-14,2020s,Live Action,Fantasy,Sports,144,G,English,UK,Brad Bird,Jason Owen,Christophe Beck,Idris Elba,Emma Stone,None,Walt Disney Pictures,326.0,1129.9,275.1,77.9,76.0,390.2,739.7,220.1,8.4,84,73,92,3414,Theatrical Only,,No,3,2,0,69,2,No,Chernabog,Nemo,No,Yes,Yes,No,Yes,No,No,No,No,Yes,None,Family,100.5,No,None,No,No,67.1,7.9,8.7,5.5,8.1,6.1,72,No,No,0.0,187.5,1271.1,776.9,Massive Profit,Hit
DIS00817,The Magic Dreams: Return,The Magic Dreams,2015,2015-08-17,2010s,Animated,Musical,Holiday,115,G,English,Japan,Pete Docter,John Lasseter,Hans Zimmer,Chris Evans,Emma Stone,2D,Marvel Studios,238.1,318.1,201.1,52.8,12.4,96.0,222.1,25.3,6.1,53,46,53,2139,Disney+,2016-02-02,Yes,0,0,0,77,6,Yes,Mother Gothel,Hercules,No,Yes,Yes,Yes,Yes,No,No,No,No,Yes,Marvel Cinematic Universe,Teen,92.7,No,None,No,No,30.3,6.9,5.9,2.3,2.2,7.78,22,No,Yes,36.2,53.1,405.6,64.2,Medium Profit,Average
DIS00818,The Magic the Isles,The Magic the Isles,1974,1974-10-04,1970s,Animated,Comedy,Time Travel,149,PG-13,Japanese,USA,David Lowery,Kevin Feige,Thomas Newman,Chris Evans,Zendaya,3D CGI,Disneytoon Studios,255.6,1566.6,228.3,109.3,113.5,634.8,931.8,364.0,5.8,47,41,48,3429,Disney+,1975-09-15,Yes,1,0,0,83,1,No,Shan Yu,Riley,No,No,No,No,No,No,No,No,No,No,None,Everyone,179.7,No,None,No,No,70.2,6.2,3.9,9.0,7.3,7.88,77,No,No,28.7,230.1,3603.2,1229.0,Massive Profit,Blockbuster
DIS00819,Sleeping Beauty: Return,Sleeping Beauty,1996,1996-02-24,1990s,Remake,Fantasy,Holiday,73,PG,English,USA,Chris Buck,Roy Conli,Hans Zimmer,Chris Evans,Emma Watson,None,Walt Disney Animation Studios,389.5,384.8,324.8,139.5,69.9,229.3,155.5,-17.1,9.0,90,86,93,2441,Theatrical Only,,No,1,2,0,53,15,No,Chernabog,Elsa,Yes,No,Yes,Yes,Yes,No,No,Yes,No,No,None,Teen,43.7,No,None,No,No,41.3,9.0,8.5,6.2,2.2,8.57,45,No,No,0.0,76.5,673.4,-79.5,Loss,Average
DIS00820,Big Hero 6: Secret,Big Hero 6,1943,1943-06-08,1940s,Disney Channel Original,Romance,Fairy Tale,188,G,English,USA,John Musker,Yvett Merino,Hans Zimmer,Johnny Depp,Emma Stone,2D,Lucasfilm,19.6,86.3,15.5,6.5,6.4,29.8,56.5,292.3,7.3,65,61,68,3496,Theatrical Only,,No,1,1,0,48,2,No,Jafar,Ralph,No,Yes,No,No,Yes,No,No,No,No,Yes,None,Family,35.8,No,None,No,No,20.6,7.4,6.1,1.0,1.4,7.51,33,No,Yes,0.0,9.4,265.4,64.3,Massive Profit,Blockbuster
DIS00821,Alice in Wonderland 3,Alice in Wonderland,2004,2004-02-11,2000s,Pixar,Sci-Fi,Superhero,166,G,English,USA,Dean DeBlois,John Lasseter,Alan Menken,Tom Holland,Kristen Bell,3D CGI,20th Century Studios,12.6,63.8,11.1,3.1,5.6,29.5,34.3,349.3,6.7,73,59,70,2778,Theatrical Only,,No,1,0,0,43,1,No,Chernabog,Judy Hopps,No,No,Yes,No,Yes,No,No,No,No,No,None,Kids,82.5,No,None,No,No,26.1,6.6,7.3,1.5,1.9,8.12,21,No,No,0.0,8.2,98.9,49.6,Massive Profit,Blockbuster
DIS00822,Descendants 3,Descendants,1969,1969-05-26,1960s,Short Film,Romance,Holiday,94,G,English,USA,Chris Buck,Jared Bush,Lin-Manuel Miranda,Chris Evans,Emma Watson,Hybrid,Disney Channel Productions,380.3,335.6,357.5,133.9,17.3,134.5,201.1,-31.7,7.9,76,73,77,1690,Theatrical Only,,No,1,2,0,60,15,No,Judge Frollo,Pocahontas,Yes,No,Yes,Yes,Yes,No,No,No,No,No,None,Kids,85.6,No,None,No,No,39.7,8.2,7.1,4.3,3.7,11.95,46,No,No,0.0,24.9,813.8,-155.8,Loss,Flop
DIS00823,Coco (Remake),Coco,1977,1977-12-08,1970s,Remake,Animation,Buddy Comedy,103,PG-13,Japanese,UK,Dean DeBlois,Jonas Rivera,Thomas Newman,Chris Evans,Zoe Saldana,Stop Motion,Marvel Studios,238.3,444.6,188.7,98.6,30.3,185.7,258.9,54.8,6.5,45,58,59,3313,Disney+,1978-08-23,Yes,1,1,0,49,6,Yes,Dr. Facilier,Elsa,Yes,Yes,Yes,Yes,No,No,No,Yes,No,Yes,Marvel Cinematic Universe,Kids,66.3,No,None,No,No,34.5,6.9,4.3,2.6,2.1,8.56,38,Yes,No,19.9,47.0,989.2,157.3,Medium Profit,Average
DIS00824,The Lion King (Remake),The Lion King,1961,1961-10-25,1960s,Remake,Action,Sports,165,PG-13,English,USA,Rob Marshall,Peter Del Vecho,Christophe Beck,Tom Holland,Auli'i Cravalho,None,Disneytoon Studios,107.2,530.0,90.6,39.5,29.5,243.7,286.3,307.4,7.2,63,62,67,528,Disney+,1962-10-31,Yes,0,0,0,98,11,No,None,Mulan,Yes,No,Yes,Yes,No,Yes,Yes,Yes,No,No,None,Teen,122.7,No,None,No,No,43.3,7.1,6.8,4.6,5.1,9.4,41,No,No,17.3,39.2,1391.2,399.9,Massive Profit,Blockbuster
DIS00825,Ratatouille,Ratatouille,1943,1943-09-02,1940s,Short Film,Family,Sports,140,PG,English,Canada,John Musker,John Lasseter,James Newton Howard,Chris Pratt,Angelina Jolie,Hybrid,Disneytoon Studios,352.6,503.7,313.9,91.1,58.9,222.0,281.7,24.4,7.7,75,79,77,2931,Theatrical Only,,No,4,2,2,94,5,No,Gaston,Rapunzel,Yes,No,Yes,Yes,Yes,No,No,No,Yes,No,None,Everyone,161.6,No,None,No,No,49.0,7.8,7.1,4.4,6.6,15.51,53,No,No,0.0,34.0,1548.9,98.7,Low Profit,Average
DIS00826,The Magic the Realm,The Magic the Realm,2020,2020-09-03,2020s,Animated,Romance,Road Trip,88,PG-13,English,Canada,Nathan Greno,Osnat Shurer,Patrick Doyle,Robert Downey Jr.,Idina Menzel,2D,Disneytoon Studios,199.9,2004.1,152.3,56.4,302.3,958.0,1046.1,860.3,6.9,56,60,68,1684,Disney+,2021-03-23,Yes,0,0,0,59,1,No,Gaston,Nemo,No,No,Yes,No,No,Yes,No,No,No,No,None,Family,260.2,Yes,Disney's Hollywood Studios,Yes,No,85.0,7.0,5.7,8.7,7.5,18.96,85,No,No,72.0,159.4,2304.7,1795.4,Massive Profit,Mega Blockbuster
DIS00827,Beauty and the Beast: Beyond,Beauty and the Beast,2000,2000-08-19,2000s,Short Film,Action,Buddy Comedy,88,PG-13,Hindi,USA,David Lowery,Kathleen Kennedy,James Newton Howard,Chris Evans,Halle Bailey,3D CGI,Marvel Studios,12.5,20.1,9.9,5.5,3.5,11.9,8.2,30.5,9.2,100,87,100,3249,DisneyNOW,2001-09-16,No,5,5,2,66,15,Yes,Hans,Rapunzel,Yes,No,No,Yes,No,Yes,No,No,No,No,Marvel Cinematic Universe,Kids,133.3,No,None,No,No,39.6,9.3,10.0,3.9,4.4,13.95,49,No,Yes,0.0,3.8,33.2,4.7,Medium Profit,Average
DIS00828,High School Musical,High School Musical,1939,1939-01-15,1930s,Pixar,Family,Sports,65,PG-13,English,Japan,Lee Unkrich,Roy Conli,Christophe Beck,Jason Segel,Emma Stone,2D,Marvel Studios,319.7,1517.3,271.7,107.0,101.9,749.6,767.7,300.7,5.8,42,55,64,1857,Disney+ Hotstar,1939-10-17,Yes,0,3,0,41,4,Yes,Dr. Facilier,Aurora,Yes,Yes,No,Yes,No,No,No,No,Yes,No,Marvel Cinematic Universe,Family,164.4,Yes,Magic Kingdom,Yes,Yes,71.5,5.4,4.3,6.3,7.9,21.69,51,No,No,70.0,131.8,4817.4,1138.6,Massive Profit,Blockbuster
DIS00829,Freaky Friday,Freaky Friday,1990,1990-07-26,1990s,Remake,Adventure,Holiday,103,G,English,UK,Lee Unkrich,Jared Bush,Thomas Newman,Will Smith,Anne Hathaway,None,Pixar Animation Studios,138.8,392.4,115.6,29.4,72.0,224.9,167.5,170.6,8.0,84,77,90,4205,Theatrical Only,,No,1,1,1,61,2,No,Captain Hook,Simba,No,No,No,No,Yes,No,No,Yes,Yes,No,None,Kids,80.1,No,None,No,No,43.7,8.1,8.2,5.7,5.3,9.83,43,No,Yes,0.0,39.7,745.6,247.4,Massive Profit,Hit
DIS00830,The Enchanted Dreams: Reborn,The Enchanted Dreams,2017,2017-07-05,2010s,Live Action,Fantasy,Buddy Comedy,131,G,English,USA,John Musker,Yvett Merino,Lin-Manuel Miranda,Chris Evans,Sofia Carson,None,Lucasfilm,278.8,270.5,225.7,101.6,25.8,141.7,128.8,-17.4,7.4,58,71,76,3666,Disney+,2017-10-17,Yes,1,1,1,46,2,Yes,Yzma,Hercules,No,No,Yes,No,Yes,No,Yes,No,No,No,None,Teen,45.9,No,None,No,No,33.5,7.3,5.6,3.7,3.7,12.53,34,No,Yes,12.0,23.7,331.4,-56.8,Loss,Average
DIS00831,Robin Hood,Robin Hood,2003,2003-08-24,2000s,Disney Channel Original,Romance,Time Travel,149,PG-13,English,USA,Dean DeBlois,Kevin Feige,Germaine Franco,Ryan Reynolds,Angelina Jolie,2D,Lucasfilm,187.0,539.2,163.6,44.5,52.3,293.8,245.4,159.1,7.1,63,58,71,3737,DisneyNOW,2004-07-17,No,1,0,0,47,6,No,Shan Yu,Ariel,Yes,Yes,Yes,Yes,No,No,No,No,No,No,None,Everyone,117.9,No,None,No,No,40.9,7.4,6.9,3.8,3.0,8.99,54,No,Yes,0.0,54.5,849.2,331.1,Massive Profit,Hit
DIS00832,The Magic the Isles (Remake),The Magic the Isles,1993,1993-05-19,1990s,Animated,Action,Coming of Age,71,PG-13,Spanish,USA,Dean DeBlois,Peter Del Vecho,Patrick Doyle,Tom Holland,Kristen Bell,3D CGI,Pixar Animation Studios,78.4,93.4,65.8,24.8,9.8,38.9,54.5,3.1,7.8,75,75,88,3501,Disney+,1993-11-26,Yes,1,1,0,51,0,Yes,Hans,Miguel,No,No,Yes,No,No,No,No,No,Yes,No,None,Everyone,102.0,No,None,No,No,36.4,8.2,7.8,3.2,4.2,4.81,35,No,No,28.0,17.2,170.5,2.8,Low Profit,Average
DIS00833,Brave 3,Brave,1961,1961-08-16,1960s,Animated,Family,Road Trip,138,PG,Spanish,India,Pete Docter,Roy Conli,Lin-Manuel Miranda,Tom Holland,Emma Watson,3D CGI,Walt Disney Animation Studios,356.6,287.6,303.1,142.8,25.8,115.2,172.4,-35.5,7.1,54,65,75,4251,Theatrical Only,,No,0,2,0,33,1,No,Dr. Facilier,Aladdin,No,No,No,No,Yes,No,No,No,Yes,No,None,Family,58.7,No,None,No,No,31.7,6.9,4.6,4.9,3.1,6.72,33,No,Yes,0.0,23.0,755.0,-158.3,Loss,Flop
DIS00834,The Golden Dreams (Remake),The Golden Dreams,1954,1954-06-11,1950s,Short Film,Romance,Mystery,65,PG-13,English,USA,Brad Bird,Roy Conli,Hans Zimmer,Jason Segel,Anne Hathaway,Hybrid,Walt Disney Pictures,314.1,149.7,269.9,124.1,8.4,50.2,99.5,-62.0,7.3,76,66,78,556,Theatrical Only,,No,3,0,0,47,7,No,Mother Gothel,Mulan,Yes,No,No,Yes,No,No,No,No,Yes,No,None,Kids,61.6,No,None,No,No,33.8,7.1,7.2,2.5,2.9,2.77,30,No,Yes,0.0,21.7,419.2,-244.3,Loss,Flop
DIS00835,Spirit of the North: Curse,Standalone,1997,1997-11-23,1990s,Animated,Fantasy,Buddy Comedy,188,G,English,USA,Ron Clements,John Lasseter,Lin-Manuel Miranda,Chris Evans,Halle Bailey,3D CGI,Marvel Studios,288.6,548.5,257.1,57.7,46.0,285.0,263.5,74.2,6.4,58,53,59,999,Disney+,1998-12-21,Yes,1,0,0,42,6,Yes,None,Merida,Yes,No,Yes,Yes,Yes,Yes,Yes,No,No,No,Marvel Cinematic Universe,Everyone,63.5,No,None,No,No,43.0,6.4,6.4,4.6,5.0,8.49,55,Yes,No,37.0,45.0,946.2,233.7,Medium Profit,Average
DIS00836,Descendants,Standalone,1951,1951-09-23,1950s,Short Film,Adventure,Buddy Comedy,150,G,English,USA,Nathan Greno,Osnat Shurer,Christophe Beck,Jason Segel,Emma Stone,2D,Disneytoon Studios,302.3,1139.6,231.3,130.9,167.1,714.4,425.2,214.6,5.6,41,55,47,2456,Disney+ Hotstar,1952-09-09,Yes,0,0,0,57,12,No,Jafar,WALL-E,No,No,No,Yes,Yes,No,No,No,No,No,None,Everyone,67.5,No,None,No,No,46.0,5.6,3.9,5.2,4.4,5.23,43,No,No,39.6,182.7,3276.3,777.4,Massive Profit,Hit
DIS00837,The Enchanted Dreams: Curse,The Enchanted Dreams,1938,1938-02-18,1930s,Remake,Action,Buddy Comedy,138,G,English,Canada,Dean DeBlois,Jared Bush,Patrick Doyle,Will Smith,Idina Menzel,2D,Walt Disney Animation Studios,180.4,91.3,139.5,73.8,7.7,47.8,43.5,-57.2,4.9,23,29,41,2065,Disney+,1938-05-27,Yes,0,0,0,52,2,No,Hades,Tarzan,No,No,Yes,No,Yes,No,No,Yes,No,No,None,Everyone,48.8,No,None,No,No,19.8,5.0,2.4,2.0,3.3,3.78,22,No,No,12.1,14.7,292.2,-122.0,Loss,Flop
DIS00838,The Magic Dreams: Journey,Standalone,1939,1939-01-26,1930s,Animated,Fantasy,Time Travel,95,PG,English,USA,Pete Docter,John Lasseter,Thomas Newman,Dwayne Johnson,Sofia Carson,Hybrid,Walt Disney Animation Studios,429.5,738.2,402.5,122.6,105.8,334.8,403.4,40.6,8.9,85,88,93,4337,Disney+,1939-12-13,Yes,2,3,2,65,8,No,Maleficent,Cinderella,Yes,Yes,Yes,Yes,Yes,No,No,No,No,No,None,Teen,166.5,No,None,No,No,61.5,8.8,9.3,7.5,6.6,19.7,75,No,No,59.5,48.5,2343.8,213.1,Medium Profit,Average
DIS00839,The Muppets,The Muppets,1941,1941-03-12,1940s,Remake,Drama,Coming of Age,171,G,French,Canada,Lee Unkrich,Osnat Shurer,Randy Newman,Will Smith,Zoe Saldana,None,20th Century Studios,162.6,418.2,140.5,72.2,46.2,254.5,163.7,96.6,6.1,45,41,57,502,Disney+,1941-12-14,Yes,0,0,0,39,13,No,Captain Hook,Ariel,Yes,Yes,Yes,Yes,Yes,No,No,Yes,No,Yes,None,Family,114.7,No,None,No,No,35.6,6.4,4.5,3.2,2.8,11.56,40,No,No,39.3,54.2,1306.9,205.5,High Profit,Hit
DIS00840,Adventures of Stardust (Remake),Adventures of Stardust,1987,1987-10-19,1980s,Live Action,Fantasy,Sports,173,G,French,India,David Lowery,Kathleen Kennedy,James Newton Howard,Dwayne Johnson,Zendaya,None,Disney Channel Productions,32.7,272.8,26.1,8.3,38.4,170.7,102.1,693.0,5.8,50,48,48,3102,Theatrical Only,,No,0,1,0,67,10,No,Yzma,Merida,Yes,Yes,Yes,Yes,Yes,No,No,No,Yes,No,None,Teen,33.0,No,None,No,No,30.1,5.4,4.1,2.0,3.8,3.91,23,No,No,0.0,32.3,538.8,238.4,Massive Profit,Mega Blockbuster
DIS00841,Freaky Friday,Standalone,2025,2025-01-06,2020s,Disney Channel Original,Animation,Mystery,74,G,English,Japan,Jon Favreau,Jonas Rivera,Christophe Beck,Chris Pratt,Lily James,3D CGI,Walt Disney Pictures,330.6,351.5,283.4,89.0,43.2,216.6,134.9,-5.6,6.8,55,59,74,3445,Disney+,2025-06-11,Yes,1,0,0,30,1,No,Judge Frollo,Mulan,Yes,Yes,Yes,No,Yes,No,Yes,No,No,No,None,Family,112.9,No,None,No,No,34.1,6.5,5.5,3.8,3.0,10.14,30,No,No,12.9,67.5,360.3,-20.9,Loss,Average
DIS00842,Alice in Wonderland,Standalone,1940,1940-08-01,1940s,Remake,Drama,Road Trip,64,PG,English,USA,John Musker,Kathleen Kennedy,Patrick Doyle,Tom Holland,Sofia Carson,None,Walt Disney Pictures,135.4,429.5,105.9,42.0,59.4,183.4,246.1,190.4,6.0,61,51,59,3453,Theatrical Only,,No,0,0,0,100,14,No,Scar,Bob Parr,No,No,Yes,Yes,Yes,No,No,Yes,No,No,None,Teen,34.1,No,None,No,No,34.1,5.9,6.0,4.0,2.6,2.27,33,No,Yes,0.0,68.7,1352.9,281.6,Massive Profit,Hit
DIS00843,Adventures of Dreams (Remake),Adventures of Dreams,2016,2016-07-09,2010s,Disney Channel Original,Family,Road Trip,144,PG-13,English,UK,Dean DeBlois,Jason Owen,Germaine Franco,Chris Pratt,Sofia Carson,3D CGI,20th Century Studios,333.2,1105.2,315.0,124.6,111.0,660.1,445.1,151.4,4.9,28,36,45,2191,Disney+,2017-08-01,Yes,0,0,0,47,13,No,None,Nemo,No,No,No,Yes,No,No,Yes,No,Yes,No,None,Kids,131.8,No,None,No,No,51.1,5.3,2.9,6.4,4.8,8.33,62,No,Yes,38.4,121.4,1381.5,665.6,Massive Profit,Hit
DIS00844,The Lion King,The Lion King,2000,2000-06-19,2000s,Pixar,Musical,Road Trip,84,PG-13,English,USA,Gary Trousdale,Yvett Merino,Randy Newman,Ewan McGregor,Zendaya,Stop Motion,Lucasfilm,348.6,1401.7,286.4,145.4,139.9,493.7,908.0,224.6,6.1,59,43,50,3036,Disney+,2001-07-11,Yes,0,0,0,43,10,No,Hans,WALL-E,No,Yes,Yes,Yes,No,No,No,No,No,No,None,Teen,96.6,No,None,Yes,Yes,58.7,5.9,6.7,5.5,5.1,16.55,60,No,Yes,23.7,161.9,2312.8,969.9,Massive Profit,Blockbuster
DIS00845,Cruella: Chronicles,Cruella,1939,1939-04-27,1930s,Remake,Action,Superhero,132,PG,Hindi,USA,Andrew Stanton,Jonas Rivera,Christophe Beck,Jason Segel,Anne Hathaway,Stop Motion,Marvel Studios,183.8,338.1,162.3,65.3,37.5,208.7,129.4,48.6,7.1,72,74,70,3009,Theatrical Only,,No,0,0,0,32,2,Yes,Hades,Cinderella,Yes,No,Yes,No,Yes,No,No,Yes,Yes,No,Marvel Cinematic Universe,Teen,41.4,No,None,No,No,33.6,7.5,6.8,2.1,4.7,1.93,39,No,No,0.0,17.5,1073.5,110.5,Medium Profit,Average
DIS00846,Tale of the Sea,Standalone,1941,1941-05-25,1940s,Remake,Family,Fairy Tale,173,PG-13,French,Canada,Lee Unkrich,Jared Bush,Germaine Franco,Jason Segel,Halle Bailey,Hybrid,Disneytoon Studios,189.4,632.0,145.8,80.9,127.6,379.0,253.0,178.8,4.7,25,30,40,3711,Disney+,1942-01-20,Yes,0,0,0,32,1,No,Ursula,Mirabel,No,No,No,No,No,No,No,Yes,No,No,None,Kids,48.4,No,None,No,No,41.3,4.4,2.8,3.1,3.1,3.59,46,No,No,18.9,38.1,1975.0,405.3,Massive Profit,Hit
DIS00847,Ratatouille,Ratatouille,2005,2005-05-07,2000s,Disney Channel Original,Drama,Mystery,166,G,English,UK,Dean DeBlois,Osnat Shurer,Patrick Doyle,Ewan McGregor,Halle Bailey,Hybrid,Marvel Studios,311.2,898.4,268.6,67.1,168.4,505.3,393.1,167.6,7.2,61,56,72,3402,Disney+,2005-11-14,Yes,2,0,0,58,15,Yes,Judge Frollo,Rapunzel,Yes,Yes,No,Yes,Yes,Yes,No,No,No,No,Marvel Cinematic Universe,Kids,68.4,No,None,No,No,58.0,7.1,6.0,6.2,4.6,6.61,66,No,No,37.9,143.9,1370.1,562.7,Massive Profit,Hit
DIS00848,The Golden the Realm: Return,The Golden the Realm,1966,1966-01-01,1960s,Pixar,Adventure,Fairy Tale,150,G,English,USA,Rob Marshall,Kathleen Kennedy,Thomas Newman,Tom Holland,Anne Hathaway,Stop Motion,Walt Disney Pictures,170.1,518.3,146.6,63.9,73.6,316.8,201.5,146.2,5.0,52,45,36,2346,Theatrical Only,,No,0,0,0,47,1,No,Judge Frollo,Hercules,No,No,Yes,No,Yes,No,No,No,Yes,No,None,Kids,38.7,No,None,No,No,20.5,5.2,5.0,3.9,2.0,5.23,12,No,No,0.0,57.1,1295.8,307.8,High Profit,Hit
DIS00849,The Enchanted Wonders: Reborn,The Enchanted Wonders,2000,2000-12-24,2000s,Pixar,Romance,Road Trip,106,G,English,USA,Niki Caro,Roy Conli,James Newton Howard,Johnny Depp,Anne Hathaway,Stop Motion,Marvel Studios,371.1,344.2,322.4,118.7,15.6,129.0,215.2,-22.0,5.6,50,54,50,889,Disney+,2001-05-09,Yes,0,0,0,85,2,Yes,Hans,Merida,Yes,No,No,No,Yes,No,No,No,No,No,Marvel Cinematic Universe,Family,30.9,No,None,No,No,25.1,6.0,4.7,1.6,1.6,9.7,33,Yes,No,21.2,22.0,567.9,-96.9,Loss,Average
DIS00850,Mulan,Mulan,2018,2018-10-23,2010s,Disney Channel Original,Comedy,Sports,80,PG,Multiple,USA,Marc Webb,Roy Conli,Thomas Newman,Josh Gad,Kristen Bell,2D,Marvel Studios,176.5,252.1,146.9,52.4,16.7,134.9,117.2,26.5,7.3,57,93,62,3896,Theatrical Only,,No,2,0,0,38,2,Yes,Cruella de Vil,Miguel,No,Yes,No,No,Yes,Yes,No,No,No,No,Marvel Cinematic Universe,Everyone,73.4,No,None,No,No,29.3,7.3,5.7,5.5,2.8,8.96,28,No,No,0.0,18.2,302.5,52.8,Medium Profit,Average
DIS00851,Legend of the Forest,Legend of the Forest,1954,1954-10-14,1950s,Live Action,Musical,Buddy Comedy,164,G,English,Japan,Marc Webb,Roy Conli,Lin-Manuel Miranda,Josh Gad,Zendaya,None,Marvel Studios,48.3,67.8,39.5,13.5,5.5,35.7,32.1,27.9,8.9,92,72,93,4446,Disney+,1955-02-03,Yes,6,0,0,48,6,Yes,Ursula,WALL-E,No,No,Yes,Yes,Yes,No,No,No,No,No,Marvel Cinematic Universe,Everyone,74.6,No,None,No,No,22.9,9.2,8.9,2.0,1.7,4.43,26,No,No,13.2,4.7,189.8,14.8,Medium Profit,Average
DIS00852,The Golden the Forest,The Golden the Forest,2000,2000-07-21,2000s,Short Film,Action,Time Travel,152,PG,English,UK,Pete Docter,Osnat Shurer,Lin-Manuel Miranda,Idris Elba,Angelina Jolie,Stop Motion,Walt Disney Animation Studios,286.8,1446.2,215.9,102.3,311.1,926.9,519.3,354.5,5.8,35,42,49,2088,Disney+,2001-08-05,Yes,2,0,0,20,0,Yes,Shan Yu,Mal,No,Yes,No,No,Yes,Yes,No,No,Yes,No,None,Family,131.3,Yes,Disney California Adventure,No,No,68.1,6.2,4.2,6.4,5.9,6.1,72,No,Yes,41.1,208.0,2386.2,1128.0,Massive Profit,Blockbuster
DIS00853,Pirates of the Caribbean,Pirates of the Caribbean,2015,2015-07-21,2010s,Live Action,Adventure,Time Travel,106,PG-13,English,USA,Ron Clements,Jonas Rivera,Randy Newman,Ryan Reynolds,Angelina Jolie,None,Disney Channel Productions,414.0,4118.4,347.8,113.1,472.9,1430.6,2687.8,793.6,7.9,81,75,79,3670,Disney+,2015-10-26,Yes,1,0,0,61,12,No,Mother Gothel,Merida,Yes,No,No,Yes,No,No,No,No,No,No,None,Everyone,249.7,Yes,Shanghai Disneyland,No,No,100.0,7.6,7.7,10.0,9.2,13.83,87,No,Yes,102.8,286.2,5251.0,3657.5,Massive Profit,Mega Blockbuster
DIS00854,The Enchanted the Sea,The Enchanted the Sea,1967,1967-01-08,1960s,Short Film,Adventure,Holiday,79,PG,English,Canada,Kirk Wise,Jared Bush,Alan Menken,Josh Gad,Emma Stone,Hybrid,Disney Channel Productions,438.5,644.9,381.3,98.7,66.4,400.8,244.1,34.4,7.9,79,76,92,1437,Disney+,1967-11-12,Yes,2,1,0,89,10,No,Chernabog,Mike Wazowski,No,No,No,Yes,Yes,No,Yes,No,No,No,None,Family,124.6,No,None,No,No,51.4,7.8,7.5,5.7,4.8,15.18,50,No,No,55.0,54.4,1596.1,164.9,Medium Profit,Average
DIS00855,Fantasia,Fantasia,1990,1990-07-27,1990s,Pixar,Family,Road Trip,138,PG,English,USA,Rob Marshall,Jared Bush,Christophe Beck,Chris Evans,Zendaya,2D,Walt Disney Pictures,108.6,151.0,95.6,35.6,21.8,94.6,56.4,15.1,5.8,38,49,52,3549,Disney+,1991-07-12,Yes,0,0,0,39,1,No,Scar,Mirabel,No,No,No,No,Yes,No,Yes,No,No,No,None,Kids,67.2,No,None,No,No,21.8,5.8,3.4,2.6,3.0,5.83,19,No,Yes,13.9,20.7,286.9,19.8,Low Profit,Average
DIS00856,Pocahontas (Remake),Standalone,1962,1962-10-07,1960s,Remake,Musical,Holiday,61,G,English,Japan,Brad Bird,John Lasseter,Randy Newman,Chris Pratt,Halle Bailey,3D CGI,Pixar Animation Studios,176.2,54.3,155.7,63.9,5.7,17.3,37.0,-75.3,5.1,31,39,47,979,Disney+,1963-08-04,Yes,0,0,0,76,15,No,Ursula,Moana,Yes,Yes,Yes,Yes,Yes,No,No,Yes,No,No,None,Family,23.7,No,None,No,No,10.0,4.8,2.8,2.4,1.0,2.01,10,No,No,12.0,5.0,141.2,-165.3,Loss,Flop
DIS00857,The Muppets (Remake),The Muppets,1972,1972-08-09,1970s,Pixar,Drama,Holiday,169,PG-13,Hindi,USA,Jon Favreau,Jonas Rivera,James Newton Howard,Jason Segel,Kristen Bell,2D,Pixar Animation Studios,195.2,448.5,180.2,70.3,34.4,274.7,173.8,79.0,5.7,33,49,57,1529,Disney+,1973-09-08,Yes,0,0,0,40,5,No,Hades,Cinderella,Yes,No,No,Yes,No,No,No,No,Yes,No,None,Everyone,38.1,No,None,No,No,31.2,5.4,3.1,3.2,3.3,4.65,27,No,Yes,33.9,74.3,1054.0,198.0,High Profit,Hit
DIS00858,Mulan,Mulan,1989,1989-11-01,1980s,Remake,Family,Fairy Tale,113,G,Hindi,USA,Jon Favreau,Yvett Merino,Michael Giacchino,Johnny Depp,Anne Hathaway,None,Walt Disney Animation Studios,141.2,267.2,133.6,30.3,37.0,109.4,157.8,63.0,6.2,63,54,58,1709,Disney+,1990-11-15,Yes,0,0,0,48,2,No,Scar,Remy,No,No,No,No,Yes,No,No,Yes,Yes,No,None,Family,99.3,No,None,No,No,34.9,6.3,6.1,3.2,4.0,13.9,30,Yes,No,32.9,15.4,514.4,103.3,Medium Profit,Average
DIS00859,Winnie the Pooh,Winnie the Pooh,1978,1978-05-23,1970s,Live Action,Animation,Holiday,93,G,English,Canada,Marc Webb,Peter Del Vecho,Germaine Franco,Will Smith,Lily James,None,Walt Disney Pictures,110.0,284.1,83.0,32.7,34.5,129.6,154.5,145.5,6.3,48,52,68,2337,DisneyNOW,1978-10-26,No,1,1,1,71,12,No,Cruella de Vil,Mulan,Yes,No,Yes,Yes,Yes,No,No,No,No,No,None,Kids,24.7,No,None,No,No,20.1,6.7,4.8,1.0,1.3,2.67,7,No,No,0.0,18.7,625.0,168.4,High Profit,Hit
DIS00860,Brave: Origins,Brave,1955,1955-07-03,1950s,Disney Channel Original,Fantasy,Coming of Age,65,G,English,India,Ron Clements,Jason Owen,Patrick Doyle,Jason Segel,Emma Stone,Hybrid,Disneytoon Studios,356.4,1244.5,279.9,98.5,53.2,381.1,863.4,228.9,5.9,52,49,51,1046,Theatrical Only,,No,0,0,0,78,2,No,Shan Yu,Mirabel,No,No,Yes,No,Yes,No,No,No,No,No,None,Everyone,165.1,No,None,Yes,No,57.8,5.5,5.2,6.7,6.6,3.39,54,No,Yes,0.0,76.4,3453.5,866.1,Massive Profit,Hit
DIS00861,Legend of the Isles,Legend of the Isles,1972,1972-10-12,1970s,Live Action,Animation,Superhero,72,G,Multiple,UK,Jennifer Lee,Roy Conli,Lin-Manuel Miranda,Chris Pratt,Emma Stone,None,Lucasfilm,402.1,776.5,327.3,93.0,105.5,440.6,335.9,84.7,6.9,62,58,75,1885,Disney+,1973-08-24,Yes,1,0,0,59,12,No,Hans,Rapunzel,Yes,Yes,Yes,Yes,Yes,No,No,No,No,No,None,Family,56.5,No,None,No,No,47.4,7.2,6.4,4.0,4.9,2.53,51,No,No,34.2,42.6,1824.8,356.2,High Profit,Average
DIS00862,High School Musical,Standalone,1949,1949-06-20,1940s,Animated,Comedy,Mystery,93,PG,Spanish,India,Marc Webb,John Lasseter,Thomas Newman,Chris Pratt,Zendaya,3D CGI,Walt Disney Animation Studios,121.2,423.8,112.1,32.7,58.8,265.0,158.8,192.7,8.4,100,81,77,1948,Theatrical Only,,No,2,2,0,41,0,No,Dr. Facilier,Mirabel,No,No,No,No,Yes,No,No,No,No,No,None,Everyone,99.2,No,None,No,No,37.7,8.3,10.0,4.7,4.1,3.85,33,No,Yes,0.0,41.9,1239.6,279.0,Massive Profit,Hit
DIS00863,Mulan 4,Mulan,1943,1943-03-09,1940s,Disney Channel Original,Sci-Fi,Holiday,63,PG,English,USA,John Musker,Kevin Feige,Randy Newman,Dwayne Johnson,Zoe Saldana,2D,Lucasfilm,101.4,147.5,84.9,32.2,11.8,50.6,96.9,26.0,6.6,56,57,66,2677,Disney+,1944-03-10,Yes,1,0,0,30,2,No,Yzma,Stitch,No,No,No,No,Yes,No,No,No,Yes,No,None,Everyone,86.6,No,None,No,No,30.5,6.4,5.8,3.7,3.7,2.11,5,No,No,27.3,8.0,453.6,30.4,Medium Profit,Average
DIS00864,Teen Beach: Curse,Teen Beach,2008,2008-05-03,2000s,Animated,Romance,Road Trip,188,PG,English,India,Rob Marshall,Osnat Shurer,Hans Zimmer,Ryan Reynolds,Angelina Jolie,3D CGI,Lucasfilm,373.7,1132.8,324.5,116.0,138.6,421.3,711.5,157.2,5.0,21,34,40,770,Theatrical Only,,No,0,0,0,57,0,No,Hades,Elsa,Yes,Yes,No,No,Yes,No,No,No,Yes,No,None,Kids,129.7,No,None,No,No,55.8,4.8,2.5,6.7,4.2,7.86,48,No,No,0.0,81.8,1642.6,692.3,Massive Profit,Hit
DIS00865,Coco 4,Coco,1945,1945-11-23,1940s,Live Action,Drama,Road Trip,164,G,English,Canada,Jon Favreau,Osnat Shurer,Lin-Manuel Miranda,Ryan Reynolds,Auli'i Cravalho,None,20th Century Studios,419.7,2331.0,354.8,87.3,400.6,1500.0,831.0,427.3,7.1,58,67,75,3760,Disney+,1946-04-28,Yes,0,1,0,36,2,No,Hans,Hiro,No,No,No,No,Yes,No,Yes,No,Yes,No,None,Teen,139.4,Yes,Magic Kingdom,No,No,88.4,7.6,5.8,8.3,8.9,21.58,100,Yes,No,30.8,404.2,7051.3,1888.9,Massive Profit,Blockbuster
DIS00866,Kingdom of the Isles: Journey,Kingdom of the Isles,1994,1994-04-21,1990s,Disney Channel Original,Drama,Coming of Age,90,PG,English,USA,Byron Howard,Jared Bush,Christophe Beck,Robert Downey Jr.,Sofia Carson,Hybrid,Lucasfilm,247.5,378.6,190.5,72.8,29.4,165.2,213.4,43.8,8.1,86,80,73,4013,Disney+,1994-09-26,Yes,0,0,0,59,6,No,Captain Hook,Belle,Yes,No,No,Yes,Yes,No,No,No,No,No,None,Everyone,107.9,No,None,No,No,38.6,8.2,8.7,1.9,4.2,7.49,35,No,No,37.8,51.3,681.5,115.3,Medium Profit,Average
DIS00867,The Lion King,The Lion King,1976,1976-02-21,1970s,Pixar,Action,Superhero,177,G,English,USA,Pete Docter,Jared Bush,James Newton Howard,Will Smith,Emma Stone,3D CGI,Disney Channel Productions,423.9,942.0,373.3,122.5,65.8,512.2,429.8,90.0,5.2,42,49,44,3752,Disney+,1976-09-08,Yes,0,0,0,22,0,No,Chernabog,Hercules,No,Yes,No,No,Yes,No,No,No,No,No,None,Kids,78.0,No,None,No,No,42.0,4.6,4.8,3.3,3.0,7.98,30,No,No,34.6,56.8,2119.5,446.2,High Profit,Hit
DIS00868,WALL-E,WALL-E,1991,1991-05-22,1990s,Animated,Fantasy,Coming of Age,149,G,English,USA,Lee Unkrich,Osnat Shurer,Michael Giacchino,Robert Downey Jr.,Lily James,2D,Pixar Animation Studios,42.7,270.1,35.4,13.5,41.5,138.0,132.1,452.4,7.6,69,73,79,4008,DisneyNOW,1992-06-19,No,1,0,0,81,2,No,Hans,Bob Parr,No,No,Yes,No,Yes,No,No,No,Yes,No,None,Everyone,58.0,No,None,No,No,27.8,7.6,6.9,1.9,3.3,3.06,17,No,No,0.0,26.1,506.4,221.2,Massive Profit,Blockbuster
DIS00869,The Little Mermaid 3,The Little Mermaid,1974,1974-07-27,1970s,Pixar,Romance,Sports,140,PG,Hindi,Canada,Gary Trousdale,Jason Owen,Michael Giacchino,Robert Downey Jr.,Zoe Saldana,Stop Motion,Marvel Studios,86.7,471.7,81.1,30.5,45.0,272.9,198.8,322.7,5.6,37,37,55,3925,Disney+,1975-03-08,Yes,0,0,0,87,10,Yes,Maleficent,Troy Bolton,No,No,No,Yes,Yes,No,No,No,Yes,No,Marvel Cinematic Universe,Everyone,71.9,No,None,No,No,30.0,5.2,4.1,3.1,3.5,11.95,27,No,Yes,10.0,46.3,1084.9,360.1,Massive Profit,Blockbuster
DIS00870,WALL-E,WALL-E,1995,1995-11-08,1990s,Pixar,Family,Sports,86,G,Multiple,Japan,Rob Marshall,Roy Conli,Thomas Newman,Johnny Depp,Kristen Bell,3D CGI,Marvel Studios,66.3,81.9,59.9,20.1,9.7,28.6,53.3,2.4,5.8,35,44,48,1625,Theatrical Only,,No,0,0,0,54,1,Yes,Cruella de Vil,Miguel,No,No,No,No,Yes,No,No,No,No,No,Marvel Cinematic Universe,Everyone,19.9,No,None,No,No,18.8,6.4,3.0,2.7,1.4,7.42,31,Yes,No,0.0,5.5,145.4,1.9,Low Profit,Average
DIS00871,Legend of Stardust,Legend of Stardust,2002,2002-06-25,2000s,Short Film,Drama,Sports,65,PG,Spanish,Japan,Marc Webb,Yvett Merino,Thomas Newman,Tom Holland,Zendaya,3D CGI,20th Century Studios,167.0,798.0,142.2,51.9,122.4,352.4,445.6,311.1,7.7,81,81,92,1405,Theatrical Only,,No,0,2,0,62,6,No,Ursula,Riley,No,No,Yes,Yes,Yes,No,No,No,No,No,None,Kids,112.9,No,None,No,No,52.5,7.2,8.2,5.7,6.5,10.44,45,No,Yes,0.0,138.7,1276.8,603.9,Massive Profit,Blockbuster
DIS00872,Adventures of the Realm,Adventures of the Realm,1968,1968-01-20,1960s,Disney Channel Original,Fantasy,Mystery,139,PG,English,Canada,Jennifer Lee,Peter Del Vecho,Randy Newman,Josh Gad,Lily James,Hybrid,Marvel Studios,115.1,120.6,95.6,45.0,17.3,65.1,55.5,-14.2,8.8,95,95,85,3288,Disney+,1968-11-02,Yes,4,2,1,26,2,Yes,Cruella de Vil,Hiro,No,Yes,Yes,No,Yes,No,No,No,Yes,No,Marvel Cinematic Universe,Family,95.4,No,None,No,No,38.2,8.8,9.5,4.0,4.1,9.73,35,No,No,31.3,14.2,295.5,-20.0,Loss,Average
DIS00873,Tarzan 3,Tarzan,1952,1952-01-10,1950s,Remake,Fantasy,Heist,69,G,English,Japan,Chris Buck,Kathleen Kennedy,Hans Zimmer,Tom Holland,Sofia Carson,None,Walt Disney Animation Studios,50.0,96.0,45.4,12.9,13.8,54.0,42.0,64.7,7.5,85,67,72,1853,Disney+,1952-07-05,Yes,1,1,0,62,5,No,Judge Frollo,Rapunzel,Yes,No,Yes,Yes,Yes,No,No,Yes,Yes,No,None,Kids,105.9,No,None,No,No,33.5,7.5,8.0,2.2,3.5,6.81,35,No,No,26.5,9.3,273.6,37.7,Medium Profit,Average
DIS00874,Legend of Wonders (Remake),Standalone,1956,1956-08-14,1950s,Animated,Sci-Fi,Fairy Tale,187,G,English,Canada,Kirk Wise,Roy Conli,Hans Zimmer,Chris Evans,Idina Menzel,Stop Motion,Disneytoon Studios,103.8,608.6,79.5,39.7,91.2,301.5,307.1,410.6,6.9,63,62,75,1479,Disney+,1957-03-25,Yes,1,3,0,63,10,No,Ursula,Woody,No,Yes,No,Yes,Yes,No,No,No,No,No,None,Kids,92.6,No,None,No,No,42.1,6.8,6.1,4.5,3.7,6.19,49,No,Yes,44.7,42.0,1673.7,489.4,Massive Profit,Blockbuster
DIS00875,Tale of the Forest,Tale of the Forest,1960,1960-05-12,1960s,Disney Channel Original,Sci-Fi,Buddy Comedy,105,G,English,USA,Niki Caro,Peter Del Vecho,Michael Giacchino,Tom Holland,Lily James,Stop Motion,Walt Disney Pictures,388.0,1566.8,301.2,88.0,284.6,1001.0,565.8,302.6,6.9,70,58,65,3426,Disney+ Hotstar,1960-11-14,Yes,0,0,0,69,6,Yes,Jafar,Rapunzel,Yes,No,No,Yes,Yes,No,Yes,No,No,No,None,Family,118.7,Yes,Disneyland,Yes,No,83.4,6.9,7.4,8.6,7.7,11.91,82,No,No,98.2,242.9,4152.0,1177.6,Massive Profit,Blockbuster
DIS00876,The Enchanted the Realm: Untold Story,The Enchanted the Realm,1992,1992-12-05,1990s,Short Film,Fantasy,Holiday,60,PG-13,English,UK,Andrew Stanton,Jared Bush,Lin-Manuel Miranda,Will Smith,Halle Bailey,Stop Motion,Marvel Studios,150.5,128.3,116.6,57.9,19.4,80.3,48.0,-26.5,7.3,81,60,62,2503,Disney+,1993-12-20,Yes,1,0,0,53,7,Yes,Gaston,Aurora,Yes,No,Yes,Yes,No,No,Yes,No,No,No,Marvel Cinematic Universe,Kids,24.3,No,None,No,No,23.9,7.2,8.5,1.6,2.7,6.03,24,Yes,No,13.3,12.7,237.4,-46.2,Loss,Flop
DIS00877,Kingdom of Wonders: Reborn,Standalone,1979,1979-12-18,1970s,Live Action,Adventure,Holiday,179,G,Spanish,UK,Gary Trousdale,Yvett Merino,James Newton Howard,Will Smith,Sofia Carson,None,20th Century Studios,230.7,62.8,216.6,57.1,9.5,34.1,28.7,-77.1,6.1,47,52,46,3415,Disney+,1980-11-07,Yes,2,1,1,30,0,No,Jafar,Ralph,No,Yes,No,No,Yes,Yes,No,No,No,No,None,Family,16.2,No,None,No,No,12.2,5.9,4.6,1.7,1.0,2.04,11,Yes,No,11.2,7.4,136.6,-210.9,Loss,Flop
DIS00878,The Golden Wonders 4,The Golden Wonders,1973,1973-01-24,1970s,Pixar,Fantasy,Mystery,91,G,English,USA,Brad Bird,Jared Bush,Michael Giacchino,Josh Gad,Lily James,Hybrid,Disneytoon Studios,60.0,92.8,48.1,14.9,6.9,43.1,49.7,47.3,7.3,75,65,78,2436,Disney+,1973-12-03,Yes,0,0,0,53,13,No,Hans,Troy Bolton,No,No,Yes,Yes,Yes,No,No,No,No,No,None,Teen,55.9,No,None,No,No,27.6,7.3,7.3,3.4,2.6,6.27,36,No,No,14.8,6.7,215.8,29.8,Medium Profit,Average
DIS00879,Legend of Wonders 3,Legend of Wonders,1954,1954-01-13,1950s,Live Action,Musical,Mystery,168,G,Japanese,Canada,Byron Howard,Kevin Feige,Michael Giacchino,Will Smith,Anne Hathaway,None,20th Century Studios,262.5,560.9,218.7,99.8,101.2,289.7,271.2,76.1,6.3,44,48,63,2042,Theatrical Only,,No,0,0,0,62,10,Yes,Captain Hook,Pocahontas,Yes,Yes,Yes,Yes,Yes,No,No,No,No,No,None,Everyone,126.2,No,None,No,No,42.7,6.1,4.4,2.6,3.9,3.02,45,No,No,0.0,106.0,1570.5,242.4,High Profit,Hit
DIS00880,The Rescuers,The Rescuers,1990,1990-01-05,1990s,Animated,Animation,Heist,119,PG,French,Canada,Gary Trousdale,Kevin Feige,Hans Zimmer,Josh Gad,Anne Hathaway,3D CGI,Marvel Studios,251.4,443.5,206.2,108.2,79.1,276.8,166.7,41.1,5.7,41,47,47,3440,Disney+,1990-03-10,Yes,0,0,0,72,7,Yes,Chernabog,Remy,No,Yes,Yes,Yes,Yes,No,No,No,No,No,Marvel Cinematic Universe,Family,106.0,No,None,No,No,32.3,5.6,4.5,3.7,3.1,7.0,26,No,No,17.9,47.6,842.6,129.1,Medium Profit,Average
DIS00881,Monsters Inc: Curse,Monsters Inc,2010,2010-08-01,2010s,Short Film,Animation,Holiday,138,PG-13,English,UK,Craig Gillespie,Osnat Shurer,Alan Menken,Johnny Depp,Angelina Jolie,2D,Disney Channel Productions,35.5,349.9,32.9,8.5,32.4,113.3,236.6,745.2,6.8,62,61,59,1798,Disney+ Hotstar,2011-02-05,Yes,1,1,1,59,7,No,Ursula,Tiana,Yes,Yes,Yes,Yes,No,No,No,No,Yes,No,None,Everyone,61.2,No,None,No,No,26.2,6.6,7.0,1.6,1.0,1.94,21,No,Yes,22.0,20.6,489.9,308.5,Massive Profit,Mega Blockbuster
DIS00882,Pirates of the Caribbean: Secret,Standalone,1969,1969-01-08,1960s,Remake,Romance,Superhero,121,PG-13,Japanese,USA,Nathan Greno,Peter Del Vecho,Thomas Newman,Robert Downey Jr.,Emma Watson,None,Marvel Studios,431.9,3646.0,382.7,155.0,451.3,2156.6,1489.4,578.1,5.1,36,47,35,1003,DisneyNOW,1970-01-16,No,0,0,0,56,0,Yes,Chernabog,Remy,No,Yes,Yes,No,No,No,No,Yes,No,No,Marvel Cinematic Universe,Teen,119.4,Yes,Magic Kingdom,Yes,No,100.0,5.1,3.4,10.0,10.0,33.42,100,No,No,0.0,443.9,8841.5,3108.3,Massive Profit,Mega Blockbuster
DIS00883,Tale of Wonders 3,Tale of Wonders,1942,1942-10-23,1940s,Live Action,Sci-Fi,Superhero,120,PG,English,USA,Brad Bird,Jason Owen,Patrick Doyle,Chris Pratt,Emma Watson,None,Lucasfilm,94.2,83.2,70.8,24.4,11.5,34.2,49.0,-12.6,7.7,72,61,79,2458,Theatrical Only,,No,4,0,0,71,10,No,Scar,Rapunzel,Yes,No,No,Yes,Yes,No,No,No,No,No,None,Family,47.6,No,None,No,No,15.5,7.9,7.0,1.3,1.4,1.57,37,No,No,0.0,15.6,257.9,-12.0,Loss,Flop
DIS00884,Hercules: Adventure,Hercules,2022,2022-11-26,2020s,Animated,Comedy,Mystery,106,PG,English,USA,Jon Favreau,Jared Bush,Hans Zimmer,Ryan Reynolds,Zoe Saldana,3D CGI,20th Century Studios,428.0,1180.3,390.3,97.2,114.6,677.7,502.6,142.1,7.6,81,63,78,2519,Disney+,2023-10-07,Yes,1,2,1,81,14,No,Gaston,Mirabel,No,No,No,Yes,Yes,No,No,No,Yes,No,None,Family,126.7,No,None,Yes,Yes,62.7,7.5,7.7,5.2,6.2,21.3,57,Yes,No,19.3,196.9,1298.3,692.8,High Profit,Hit
DIS00885,Spirit of Dreams,Spirit of Dreams,1973,1973-07-17,1970s,Disney Channel Original,Fantasy,Mystery,85,G,English,USA,Andrew Stanton,Peter Del Vecho,Patrick Doyle,Jason Segel,Anne Hathaway,2D,Pixar Animation Studios,325.8,457.9,303.0,95.5,32.0,251.3,206.6,14.9,5.0,30,38,34,2026,Theatrical Only,,No,0,0,0,24,8,No,Jafar,Elsa,Yes,Yes,Yes,Yes,Yes,No,No,No,No,No,None,Family,97.5,No,None,No,No,29.2,5.3,3.7,4.7,2.6,10.19,33,No,Yes,0.0,30.3,1064.6,59.4,Low Profit,Average
DIS00886,Kingdom of Dreams,Kingdom of Dreams,1949,1949-02-05,1940s,Live Action,Adventure,Holiday,157,G,English,India,David Lowery,Kathleen Kennedy,Germaine Franco,Robert Downey Jr.,Auli'i Cravalho,None,Lucasfilm,45.1,38.1,42.6,19.4,5.6,21.4,16.7,-38.5,8.8,80,81,90,2103,Theatrical Only,,No,3,1,0,77,13,No,Yzma,Belle,Yes,No,No,Yes,Yes,Yes,No,No,No,No,None,Teen,53.6,No,None,No,No,31.5,8.7,8.4,4.0,3.1,2.67,30,No,No,0.0,4.7,111.4,-23.9,Loss,Flop
DIS00887,Legend of the Realm,Legend of the Realm,2018,2018-06-04,2010s,Live Action,Drama,Road Trip,91,PG,Hindi,USA,Chris Buck,John Lasseter,Michael Giacchino,Ryan Reynolds,Idina Menzel,None,Marvel Studios,78.4,122.6,67.2,19.0,6.8,50.4,72.2,42.2,7.1,61,78,66,1329,Disney+,2018-12-14,Yes,1,0,0,42,1,Yes,Yzma,Simba,No,No,No,No,Yes,No,No,No,Yes,No,Marvel Cinematic Universe,Teen,20.1,No,None,No,No,22.3,7.2,5.8,2.3,2.1,3.88,39,No,Yes,12.0,11.3,147.1,36.4,Medium Profit,Average
DIS00888,Treasure Planet,Treasure Planet,1945,1945-05-09,1940s,Disney Channel Original,Action,Buddy Comedy,102,PG-13,French,Japan,Pete Docter,John Lasseter,Randy Newman,Ewan McGregor,Zoe Saldana,Hybrid,Pixar Animation Studios,24.1,29.7,22.5,6.1,4.2,15.1,14.6,3.8,4.4,28,45,33,1453,Theatrical Only,,No,0,0,0,27,8,No,Cruella de Vil,Rapunzel,Yes,Yes,No,Yes,No,No,No,No,No,No,None,Everyone,58.4,No,None,No,No,24.0,4.6,3.0,1.6,2.1,7.33,37,No,No,0.0,4.1,89.8,1.1,Low Profit,Average
DIS00889,Peter Pan,Peter Pan,2012,2012-05-24,2010s,Disney Channel Original,Family,Heist,60,G,English,India,Pete Docter,Kevin Feige,James Newton Howard,Ryan Reynolds,Emma Watson,Stop Motion,Disneytoon Studios,94.9,291.3,80.4,39.1,24.5,156.2,135.1,143.8,7.1,62,65,65,4135,Disney+,2013-06-20,Yes,1,1,0,54,1,No,Maleficent,Riley,No,No,Yes,No,Yes,No,No,No,No,No,None,Everyone,73.3,No,None,No,No,28.6,7.2,7.0,1.9,2.0,3.38,26,No,No,21.2,26.0,393.3,171.8,High Profit,Hit
DIS00890,Kingdom of the Forest 2,Kingdom of the Forest,2005,2005-12-05,2000s,Animated,Romance,Sports,107,PG,English,USA,Dean DeBlois,Osnat Shurer,Patrick Doyle,Idris Elba,Sofia Carson,Stop Motion,Pixar Animation Studios,93.3,360.0,71.5,20.8,17.7,113.2,246.8,290.0,8.5,91,82,81,3781,Disney+ Hotstar,2006-09-25,Yes,1,1,0,60,2,No,Scar,Riley,No,No,No,No,Yes,No,No,No,No,No,None,Family,139.9,No,None,No,No,45.8,8.6,9.0,3.4,4.9,8.07,46,Yes,No,51.2,38.1,549.0,267.7,Massive Profit,Hit
DIS00891,Spirit of the Realm: Adventure,Spirit of the Realm,1978,1978-01-07,1970s,Animated,Adventure,Coming of Age,134,PG-13,English,USA,Brad Bird,Jared Bush,Michael Giacchino,Johnny Depp,Angelina Jolie,Hybrid,Pixar Animation Studios,231.9,1078.1,178.0,95.5,110.7,568.7,509.4,294.2,4.8,36,36,35,2004,Theatrical Only,,No,0,0,0,66,2,No,Yzma,Aladdin,No,No,No,No,No,Yes,No,No,Yes,No,None,Everyone,110.3,No,None,Yes,No,55.5,4.8,3.5,5.0,4.1,12.51,49,No,No,0.0,160.9,2371.8,804.6,Massive Profit,Blockbuster
DIS00892,The Sword in the Stone,The Sword in the Stone,1952,1952-05-01,1950s,Pixar,Musical,Mystery,84,G,Multiple,Canada,Rich Moore,Kathleen Kennedy,Michael Giacchino,Idris Elba,Auli'i Cravalho,2D,Disneytoon Studios,423.2,1319.2,333.9,120.2,107.9,397.3,921.9,190.5,7.4,66,77,84,2294,Disney+,1952-12-26,Yes,1,2,0,79,6,No,Chernabog,Nemo,No,No,Yes,Yes,Yes,Yes,No,No,Yes,No,None,Teen,117.6,No,None,No,No,60.9,7.7,7.7,5.9,5.1,22.87,52,No,No,42.9,89.0,3759.7,865.1,Massive Profit,Hit
DIS00893,Snow White 3,Snow White,1950,1950-01-21,1950s,Animated,Fantasy,Time Travel,113,G,French,USA,Rob Marshall,Peter Del Vecho,Thomas Newman,Idris Elba,Anne Hathaway,2D,Lucasfilm,395.8,238.8,370.8,86.2,16.2,126.0,112.8,-47.7,6.4,57,51,59,1826,Theatrical Only,,No,2,1,1,27,11,No,Mother Gothel,Ariel,Yes,No,Yes,Yes,Yes,No,No,No,Yes,No,None,Everyone,81.4,No,None,No,No,28.3,6.5,5.2,3.7,3.0,8.23,36,No,No,0.0,27.0,692.5,-218.2,Loss,Flop
DIS00894,The Enchanted Dreams,The Enchanted Dreams,2007,2007-07-06,2000s,Disney Channel Original,Adventure,Heist,116,G,English,USA,Jennifer Lee,Roy Conli,Alan Menken,Tom Holland,Lily James,2D,20th Century Studios,36.4,33.4,32.4,7.5,4.4,16.5,16.9,-16.3,7.9,83,85,78,3247,Theatrical Only,,No,2,2,0,63,13,No,Shan Yu,Ariel,Yes,No,No,Yes,Yes,No,No,No,Yes,No,None,Teen,71.9,No,None,No,No,35.6,7.7,8.1,3.6,2.4,4.86,26,No,Yes,0.0,2.4,49.3,-6.5,Loss,Average
DIS00895,Tangled,Tangled,2020,2020-10-06,2020s,Live Action,Romance,Sports,82,PG-13,English,Canada,Rich Moore,John Lasseter,James Newton Howard,Jason Segel,Kristen Bell,None,Walt Disney Animation Studios,210.4,102.7,192.6,89.0,8.9,48.1,54.6,-63.5,5.5,40,52,62,1095,Disney+,2021-05-21,Yes,0,0,0,49,10,No,Gaston,Mulan,Yes,Yes,No,Yes,No,No,No,No,Yes,No,None,Family,15.3,No,None,No,No,15.5,5.5,3.8,1.7,1.0,2.3,15,No,No,18.5,13.7,118.1,-178.9,Loss,Flop
DIS00896,Adventures of Wonders 3,Adventures of Wonders,2021,2021-07-12,2020s,Short Film,Drama,Road Trip,168,PG,Spanish,USA,Dean DeBlois,Jason Owen,Randy Newman,Chris Evans,Emma Stone,3D CGI,Disney Channel Productions,140.4,1077.9,128.7,62.0,165.7,515.1,562.8,465.2,7.6,67,56,95,3352,Disney+,2021-09-27,Yes,1,1,0,72,1,No,Mother Gothel,Mike Wazowski,No,No,No,No,Yes,No,No,No,No,No,None,Family,77.4,No,None,No,No,57.1,8.1,6.9,5.9,5.9,20.45,53,No,Yes,62.1,169.4,1212.6,887.2,Massive Profit,Mega Blockbuster
DIS00897,Alice in Wonderland,Alice in Wonderland,1986,1986-03-15,1980s,Disney Channel Original,Romance,Mystery,185,PG-13,English,USA,Niki Caro,Kathleen Kennedy,Lin-Manuel Miranda,Johnny Depp,Zoe Saldana,Hybrid,Walt Disney Animation Studios,287.7,113.4,247.5,72.6,13.0,60.5,52.9,-64.6,7.0,63,75,70,3178,Theatrical Only,,No,0,0,0,33,1,No,Shan Yu,Tarzan,No,Yes,No,No,No,No,No,No,No,No,None,Teen,66.7,No,None,No,No,27.2,6.9,6.7,2.7,2.9,6.46,36,No,No,0.0,19.8,226.8,-206.7,Loss,Flop
DIS00898,Legend of the Forest 3,Legend of the Forest,2002,2002-12-04,2000s,Short Film,Romance,Buddy Comedy,119,PG-13,English,USA,Lee Unkrich,Jonas Rivera,Alan Menken,Jason Segel,Kristen Bell,Hybrid,Walt Disney Pictures,373.6,1867.2,344.3,110.0,334.8,1197.1,670.1,311.0,6.1,42,54,47,3523,Theatrical Only,,No,0,0,0,59,2,No,Chernabog,Cinderella,Yes,Yes,No,No,No,No,No,No,No,No,None,Kids,192.9,Yes,Disney's Animal Kingdom,Yes,Yes,84.0,5.9,4.3,8.2,7.1,8.5,74,Yes,No,0.0,122.8,2987.5,1412.9,Massive Profit,Blockbuster
DIS00899,Kingdom of Wonders (Remake),Kingdom of Wonders,2020,2020-11-19,2020s,Disney Channel Original,Adventure,Heist,190,G,English,USA,Kirk Wise,Yvett Merino,Lin-Manuel Miranda,Chris Pratt,Zoe Saldana,Stop Motion,20th Century Studios,398.5,1563.8,314.6,167.1,104.5,820.1,743.7,224.6,7.1,60,62,71,3847,DisneyNOW,2021-03-02,No,1,2,1,49,2,Yes,Gaston,Hercules,No,Yes,No,No,Yes,No,No,No,No,No,None,Everyone,236.3,No,None,Yes,No,70.5,6.7,5.6,7.7,8.5,10.55,69,Yes,No,0.0,308.6,1798.4,1082.1,Massive Profit,Hit
DIS00900,Camp Rock,Camp Rock,1983,1983-10-16,1980s,Pixar,Comedy,Superhero,73,PG,Multiple,Japan,Rob Marshall,Peter Del Vecho,Alan Menken,Chris Pratt,Lily James,3D CGI,Walt Disney Animation Studios,356.0,499.0,324.9,77.2,27.6,162.2,336.8,24.1,6.8,80,53,59,3853,Theatrical Only,,No,0,1,0,94,10,No,Scar,Stitch,No,Yes,Yes,Yes,Yes,No,No,No,Yes,No,None,Teen,102.3,No,None,No,No,41.7,7.0,8.0,3.4,2.8,4.45,42,No,No,0.0,41.9,1035.4,96.9,Low Profit,Average
DIS00901,Cinderella,Standalone,1989,1989-11-24,1980s,Live Action,Action,Buddy Comedy,107,PG-13,English,UK,Rich Moore,Jared Bush,Alan Menken,Josh Gad,Anne Hathaway,None,Pixar Animation Studios,264.0,2025.4,244.7,105.9,128.7,611.9,1413.5,477.7,6.8,62,60,67,2324,Disney+ Hotstar,1990-09-19,Yes,1,1,0,53,0,No,Yzma,Ralph,No,Yes,No,No,No,No,No,No,No,No,None,Family,223.1,Yes,Shanghai Disneyland,No,No,95.4,7.1,6.0,8.8,8.9,23.92,100,Yes,No,40.5,147.4,3898.9,1674.8,Massive Profit,Mega Blockbuster
DIS00902,Tale of Dreams 2,Tale of Dreams,1941,1941-10-11,1940s,Disney Channel Original,Action,Road Trip,145,G,English,USA,Jon Favreau,Jonas Rivera,Germaine Franco,Chris Pratt,Zendaya,3D CGI,Pixar Animation Studios,334.6,1146.7,254.3,93.3,78.1,357.5,789.2,229.9,5.8,31,45,46,2378,Disney+,1942-03-12,Yes,0,0,0,51,0,No,Yzma,Mirabel,No,Yes,Yes,No,Yes,No,No,No,Yes,No,None,Kids,165.6,No,None,No,No,53.1,5.6,2.8,4.9,3.8,5.4,54,No,No,32.7,142.3,3583.4,799.1,Massive Profit,Hit
DIS00903,The Rescuers,Standalone,1964,1964-07-21,1960s,Pixar,Drama,Road Trip,188,PG,English,USA,Lee Unkrich,Peter Del Vecho,Thomas Newman,Will Smith,Zoe Saldana,3D CGI,20th Century Studios,135.2,271.3,119.7,37.7,36.3,105.3,166.0,72.4,6.2,56,65,56,890,Theatrical Only,,No,1,0,0,75,7,No,Maleficent,Aurora,Yes,No,Yes,Yes,Yes,Yes,No,No,No,No,None,Kids,53.7,No,None,No,No,27.6,6.1,6.0,4.2,4.0,8.06,23,No,Yes,0.0,22.7,691.8,113.9,Medium Profit,Hit
DIS00904,Cars: Untold Story,Cars,2005,2005-12-27,2000s,Short Film,Drama,Mystery,69,PG,English,USA,Rich Moore,Kathleen Kennedy,Thomas Newman,Jason Segel,Emma Stone,Stop Motion,Lucasfilm,373.3,1934.4,334.6,136.9,149.3,591.9,1342.5,310.3,5.6,54,38,60,4193,Disney+ Hotstar,2006-03-23,Yes,0,0,0,26,1,No,Shan Yu,Mike Wazowski,No,Yes,No,No,Yes,No,No,No,No,No,None,Kids,69.3,Yes,Tokyo Disneyland,Yes,Yes,78.2,5.3,5.5,7.1,7.8,23.11,82,Yes,No,47.7,136.1,2950.0,1462.9,Massive Profit,Blockbuster
DIS00905,Atlantis 4,Atlantis,1954,1954-06-16,1950s,Disney Channel Original,Romance,Superhero,60,PG-13,English,Canada,Kirk Wise,Osnat Shurer,Randy Newman,Idris Elba,Angelina Jolie,Hybrid,Marvel Studios,333.5,284.3,292.8,90.7,19.7,92.7,191.6,-25.9,6.9,61,72,72,1318,Disney+,1955-03-28,Yes,2,2,2,53,1,Yes,Maleficent,Aladdin,No,Yes,Yes,No,No,No,No,No,No,No,Marvel Cinematic Universe,Kids,43.4,No,None,No,No,31.4,7.5,5.4,3.4,3.2,2.94,22,No,Yes,27.1,25.8,796.0,-99.2,Loss,Flop
DIS00906,Legend of the Sea,Legend of the Sea,1960,1960-06-15,1960s,Disney Channel Original,Animation,Superhero,168,PG,English,USA,Jennifer Lee,Jason Owen,Germaine Franco,Jason Segel,Idina Menzel,3D CGI,Marvel Studios,339.9,618.0,290.7,127.2,66.6,324.1,293.9,47.9,7.6,72,71,74,1028,Disney+,1961-04-14,Yes,1,2,0,57,4,Yes,Jafar,Woody,No,No,Yes,Yes,Yes,Yes,No,No,Yes,No,Marvel Cinematic Universe,Teen,44.1,No,None,No,No,44.0,7.5,7.4,4.4,4.0,13.39,52,No,Yes,16.2,107.8,1637.7,200.1,Medium Profit,Average
DIS00907,Camp Rock 3,Camp Rock,1993,1993-12-24,1990s,Animated,Romance,Mystery,90,G,English,India,Pete Docter,Kathleen Kennedy,Christophe Beck,Will Smith,Auli'i Cravalho,2D,Pixar Animation Studios,297.1,1168.4,251.6,77.1,163.5,612.1,556.3,255.5,8.3,79,83,75,2396,Theatrical Only,,No,0,1,0,32,1,No,Cruella de Vil,Woody,No,Yes,No,No,Yes,No,No,No,No,No,None,Everyone,165.0,No,None,No,No,64.0,7.9,8.1,5.7,6.3,16.86,69,Yes,No,0.0,144.6,2132.3,839.7,Massive Profit,Hit
DIS00908,Spirit of the Forest (Remake),Spirit of the Forest,1983,1983-04-12,1980s,Short Film,Animation,Holiday,186,PG-13,English,Japan,Gary Trousdale,Kathleen Kennedy,Hans Zimmer,Idris Elba,Auli'i Cravalho,3D CGI,Lucasfilm,100.7,95.7,86.4,35.7,6.4,40.4,55.3,-21.6,7.0,72,64,71,3202,Disney+,1983-11-01,Yes,0,0,0,47,1,No,Yzma,Mike Wazowski,No,Yes,Yes,No,No,No,No,No,No,No,None,Everyone,70.2,No,None,No,No,27.5,7.1,7.1,3.1,2.2,2.55,8,No,No,11.9,17.1,198.6,-26.4,Loss,Average
DIS00909,Treasure Planet: Awakens,Treasure Planet,2002,2002-03-11,2000s,Animated,Adventure,Time Travel,60,G,English,USA,Rich Moore,Jonas Rivera,Alan Menken,Jason Segel,Idina Menzel,3D CGI,Marvel Studios,203.4,588.2,171.2,74.5,42.5,208.2,380.0,139.4,6.1,55,65,57,3631,Disney+,2002-10-15,Yes,0,0,0,54,1,Yes,Mother Gothel,Stitch,No,No,Yes,No,Yes,No,No,No,Yes,No,Marvel Cinematic Universe,Kids,147.7,No,None,No,No,47.8,5.9,4.8,4.5,6.8,11.8,56,No,No,45.7,41.1,941.1,342.5,High Profit,Hit
DIS00910,The Golden the Sea: Kingdom,The Golden the Sea,1961,1961-06-08,1960s,Animated,Adventure,Superhero,97,PG,Spanish,UK,John Musker,John Lasseter,Hans Zimmer,Dwayne Johnson,Lily James,Hybrid,Walt Disney Animation Studios,250.0,175.2,192.7,60.3,32.8,96.1,79.1,-30.8,5.1,51,34,46,2375,Disney+,1962-06-27,Yes,0,0,0,59,12,No,Scar,Pocahontas,Yes,No,No,Yes,Yes,No,No,No,No,No,None,Everyone,90.4,No,None,No,No,26.2,5.3,4.6,3.5,3.9,9.97,32,No,Yes,11.4,11.2,459.9,-77.8,Loss,Flop
DIS00911,The Princess and the Frog,The Princess and the Frog,2013,2013-11-13,2010s,Animated,Adventure,Fairy Tale,183,G,English,USA,John Musker,Jonas Rivera,Michael Giacchino,Johnny Depp,Sofia Carson,Stop Motion,20th Century Studios,248.9,1247.0,224.8,96.6,80.7,620.4,626.6,288.0,6.6,59,67,61,2090,Disney+,2014-11-30,Yes,0,0,0,41,1,No,Captain Hook,Mal,No,Yes,No,No,Yes,Yes,No,No,No,No,None,Everyone,185.3,Yes,Disney's Hollywood Studios,No,No,65.4,6.8,7.2,6.9,4.8,15.82,68,Yes,No,46.3,186.0,1652.3,925.6,Massive Profit,Blockbuster
DIS00912,Wreck-It Ralph 2,Wreck-It Ralph,2003,2003-02-24,2000s,Remake,Sci-Fi,Road Trip,76,G,English,USA,Pete Docter,Jared Bush,Thomas Newman,Chris Pratt,Anne Hathaway,None,20th Century Studios,174.2,1190.5,139.6,57.2,56.7,395.9,794.6,504.9,7.6,85,62,78,3161,Theatrical Only,,No,1,0,0,77,15,No,Jafar,Snow White,Yes,No,No,Yes,Yes,Yes,No,Yes,Yes,No,None,Kids,183.5,Yes,Disney's Animal Kingdom,No,No,74.9,7.8,8.8,7.3,7.3,11.03,61,No,No,0.0,229.3,1875.0,993.7,Massive Profit,Blockbuster
DIS00913,The Jungle Book,The Jungle Book,1948,1948-01-20,1940s,Short Film,Drama,Buddy Comedy,140,PG,English,USA,Rob Marshall,Jason Owen,Michael Giacchino,Idris Elba,Zendaya,3D CGI,Marvel Studios,403.8,667.9,372.5,91.0,51.4,281.8,386.1,44.1,8.1,68,56,87,4068,Theatrical Only,,No,1,0,0,54,1,Yes,Ursula,Miguel,No,No,No,No,Yes,No,No,No,Yes,No,Marvel Cinematic Universe,Kids,85.0,No,None,No,No,38.6,8.1,6.5,4.1,4.4,10.13,57,No,No,0.0,48.9,1970.3,204.4,Medium Profit,Average
DIS00914,Bambi,Bambi,1943,1943-05-02,1940s,Pixar,Drama,Sports,116,G,English,USA,Rich Moore,Kevin Feige,Lin-Manuel Miranda,Josh Gad,Zendaya,3D CGI,Marvel Studios,55.5,90.4,47.3,19.6,16.8,54.7,35.7,35.1,8.1,87,61,87,1682,DisneyNOW,1944-03-21,No,0,0,0,60,10,Yes,Ursula,Aurora,Yes,Yes,Yes,Yes,Yes,No,No,No,Yes,No,Marvel Cinematic Universe,Everyone,104.8,No,None,No,No,34.5,8.1,9.1,3.8,2.1,9.87,36,No,No,0.0,14.7,278.0,23.5,Medium Profit,Average
DIS00915,Kingdom of the Realm,Kingdom of the Realm,2027,2027-09-26,2020s,Short Film,Drama,Buddy Comedy,155,PG,English,USA,Brad Bird,Yvett Merino,Alan Menken,Chris Evans,Emma Watson,2D,Walt Disney Animation Studios,438.2,1807.0,380.4,142.7,98.2,658.7,1148.3,245.4,6.6,58,56,72,0,Theatrical Only,,No,0,0,0,47,11,No,Maleficent,Belle,Yes,No,No,Yes,Yes,No,No,No,No,No,None,Teen,225.9,Yes,Disney's Hollywood Studios,No,No,81.3,6.6,5.7,8.3,8.2,32.23,83,No,No,0.0,111.8,1807.0,1283.9,Massive Profit,Blockbuster
DIS00916,Kingdom of Stardust,Kingdom of Stardust,2021,2021-09-05,2020s,Short Film,Comedy,Holiday,63,PG-13,English,Canada,Rob Marshall,Roy Conli,Alan Menken,Jason Segel,Idina Menzel,Stop Motion,Disneytoon Studios,22.8,15.3,17.5,7.6,0.9,6.9,8.4,-39.0,6.8,62,54,59,3848,Disney+,2021-12-25,Yes,0,1,0,49,2,No,Jafar,Winnie the Pooh,No,Yes,No,No,No,Yes,No,No,No,No,None,Teen,40.7,No,None,No,No,27.2,6.7,5.9,3.6,2.7,9.37,35,No,No,23.9,1.7,17.2,-9.8,Loss,Flop
DIS00917,The Parent Trap (Remake),The Parent Trap,1975,1975-03-11,1970s,Pixar,Musical,Fairy Tale,61,G,French,India,Andrew Stanton,Osnat Shurer,Patrick Doyle,Tom Holland,Idina Menzel,3D CGI,Lucasfilm,7.7,55.6,5.8,3.3,5.4,17.1,38.5,511.0,6.5,57,55,64,779,Disney+,1975-12-19,Yes,0,0,0,57,5,No,Scar,Riley,No,No,No,Yes,Yes,No,No,No,No,No,None,Everyone,23.3,No,None,No,No,22.9,6.2,5.9,1.3,2.6,2.34,20,No,No,19.6,8.7,126.5,46.5,Massive Profit,Mega Blockbuster
DIS00918,Moana,Moana,1977,1977-11-12,1970s,Disney Channel Original,Animation,Sports,160,PG,English,USA,Jon Favreau,Peter Del Vecho,Randy Newman,Chris Pratt,Angelina Jolie,Stop Motion,Pixar Animation Studios,318.2,1311.8,292.8,99.5,106.3,436.8,875.0,234.4,4.6,40,26,35,2809,Disney+,1978-06-02,Yes,0,0,0,40,2,No,Chernabog,Aurora,Yes,No,Yes,No,Yes,No,No,No,No,No,None,Everyone,149.1,Yes,Tokyo Disneyland,Yes,Yes,65.8,4.5,3.5,4.5,6.4,15.99,68,Yes,No,31.2,241.0,2918.8,919.5,Massive Profit,Blockbuster
DIS00919,Aladdin (Remake),Aladdin,1969,1969-04-03,1960s,Remake,Adventure,Superhero,83,PG,French,USA,Gary Trousdale,Yvett Merino,Alan Menken,Ryan Reynolds,Halle Bailey,None,Walt Disney Pictures,177.1,270.3,157.2,70.9,19.6,125.8,144.5,18.5,8.2,64,91,92,1050,Theatrical Only,,No,3,1,0,62,10,Yes,Shan Yu,Woody,No,No,No,Yes,Yes,Yes,No,Yes,No,No,None,Kids,43.0,No,None,No,No,30.6,7.4,6.4,3.3,2.6,5.7,35,No,No,0.0,21.8,655.5,42.2,Low Profit,Average
DIS00920,The Golden Wonders (Remake),Standalone,1955,1955-05-06,1950s,Disney Channel Original,Comedy,Superhero,130,PG,Japanese,India,Niki Caro,Yvett Merino,Alan Menken,Ewan McGregor,Zoe Saldana,3D CGI,Walt Disney Pictures,381.4,1655.4,290.8,87.9,166.6,687.0,968.4,337.1,7.9,66,67,80,2345,Disney+,1955-10-07,Yes,2,3,2,45,15,No,Chernabog,Moana,Yes,No,No,Yes,Yes,No,No,No,No,No,None,Kids,70.1,Yes,Tokyo Disneyland,Yes,No,85.2,8.3,6.7,6.7,9.6,18.51,80,No,No,92.3,119.5,4593.7,1276.7,Massive Profit,Blockbuster
DIS00921,Mulan,Mulan,1961,1961-04-27,1960s,Pixar,Drama,Buddy Comedy,110,PG-13,Hindi,USA,Brad Bird,Peter Del Vecho,Michael Giacchino,Idris Elba,Lily James,Hybrid,Marvel Studios,317.2,307.1,238.1,105.2,43.0,172.7,134.4,-10.5,6.9,57,58,67,1969,Disney+,1962-05-25,Yes,4,0,0,51,1,Yes,Shan Yu,Tarzan,No,No,No,No,No,No,No,No,No,No,Marvel Cinematic Universe,Kids,100.7,No,None,No,No,42.1,6.9,6.5,3.7,3.2,14.52,47,No,No,47.9,59.5,806.1,-36.2,Loss,Average
DIS00922,Adventures of Dreams,Adventures of Dreams,2024,2024-01-20,2020s,Live Action,Fantasy,Buddy Comedy,100,G,English,UK,Rich Moore,Jason Owen,James Newton Howard,Robert Downey Jr.,Zoe Saldana,None,Lucasfilm,20.1,84.0,17.7,6.2,8.4,53.3,30.7,251.5,7.4,75,67,67,1482,Disney+,2024-06-27,Yes,1,3,1,62,1,No,Hades,Simba,No,Yes,Yes,No,Yes,No,Yes,No,Yes,No,None,Family,90.6,No,None,No,No,30.0,7.1,6.8,3.9,5.6,2.33,35,No,No,25.4,7.7,88.2,60.1,Massive Profit,Blockbuster
DIS00923,Adventures of the Forest,Adventures of the Forest,1999,1999-02-18,1990s,Pixar,Drama,Mystery,179,G,English,UK,Chris Buck,Osnat Shurer,Alan Menken,Chris Pratt,Halle Bailey,Hybrid,Walt Disney Pictures,399.7,674.6,320.9,103.4,37.7,287.0,387.6,59.0,7.9,83,66,84,2446,Disney+,1999-04-26,Yes,0,0,0,37,0,No,Yzma,Hiro,No,No,No,No,Yes,No,No,No,No,No,None,Kids,161.3,No,None,No,No,49.7,8.2,8.2,6.1,3.7,11.21,54,No,No,35.2,49.1,1130.0,250.3,Medium Profit,Average
DIS00924,Legend of the Realm,Standalone,1980,1980-04-09,1980s,Live Action,Family,Heist,127,PG,English,USA,Jon Favreau,Kathleen Kennedy,Germaine Franco,Chris Pratt,Halle Bailey,None,Disney Channel Productions,370.6,455.7,332.5,94.4,46.3,153.3,302.4,6.7,6.9,47,59,53,2837,Theatrical Only,,No,0,0,0,44,2,No,Mother Gothel,Winnie the Pooh,No,Yes,No,No,Yes,No,No,No,No,No,None,Kids,118.5,No,None,No,No,40.7,7.3,4.5,3.5,3.9,6.6,36,No,No,0.0,27.6,979.8,28.8,Low Profit,Average
DIS00925,Tale of Stardust,Tale of Stardust,1979,1979-06-06,1970s,Pixar,Comedy,Sports,177,PG,English,UK,Gary Trousdale,John Lasseter,Germaine Franco,Ewan McGregor,Sofia Carson,2D,Disneytoon Studios,201.0,231.2,156.4,83.9,27.7,107.4,123.8,-3.8,6.9,71,70,71,2503,Disney+,1979-10-29,Yes,3,0,0,53,0,No,Scar,Hiro,No,No,No,No,Yes,No,No,No,Yes,No,None,Family,113.5,No,None,No,No,33.6,6.9,6.6,2.1,3.3,4.52,48,No,Yes,18.7,18.4,502.9,-9.1,Loss,Average
DIS00926,Encanto (Remake),Standalone,1997,1997-12-06,1990s,Live Action,Comedy,Superhero,108,PG-13,Japanese,USA,David Lowery,Peter Del Vecho,James Newton Howard,Ryan Reynolds,Sofia Carson,None,Pixar Animation Studios,199.0,311.7,151.3,40.6,32.5,174.1,137.6,62.4,5.6,47,49,45,3148,Disney+,1998-11-10,Yes,0,0,0,75,13,No,Cruella de Vil,Aurora,Yes,Yes,Yes,Yes,No,Yes,No,No,No,No,None,Kids,23.2,No,None,No,No,26.1,6.4,4.8,1.3,2.2,2.84,29,Yes,No,26.7,26.0,537.7,119.8,Medium Profit,Average
DIS00927,The Incredibles,The Incredibles,2010,2010-02-07,2010s,Animated,Adventure,Time Travel,104,PG,English,USA,Craig Gillespie,Kevin Feige,James Newton Howard,Will Smith,Zendaya,2D,Marvel Studios,436.2,1700.9,386.2,179.4,330.2,991.0,709.9,200.7,9.0,86,95,96,2607,Disney+,2010-08-16,Yes,2,4,2,37,1,Yes,Gaston,Remy,No,No,Yes,No,Yes,No,No,No,No,No,Marvel Cinematic Universe,Teen,206.5,No,None,No,No,95.0,9.2,8.9,9.9,10.0,28.74,93,No,No,79.1,317.6,2381.3,1135.3,Massive Profit,Hit
DIS00928,Tale of Wonders 2,Tale of Wonders,1983,1983-06-24,1980s,Disney Channel Original,Animation,Buddy Comedy,87,PG-13,Hindi,India,Gary Trousdale,Jared Bush,Hans Zimmer,Josh Gad,Anne Hathaway,Hybrid,Walt Disney Animation Studios,67.2,197.2,53.9,29.3,14.1,106.3,90.9,137.0,5.8,55,31,56,1562,Disney+,1983-09-11,Yes,0,0,0,83,0,No,Hades,Hercules,No,Yes,Yes,No,No,No,No,No,Yes,No,None,Kids,72.3,No,None,No,No,26.6,6.0,5.8,2.3,2.0,6.48,20,No,Yes,19.5,18.6,409.2,114.0,High Profit,Hit
DIS00929,The Enchanted Stardust 3,Standalone,1991,1991-06-25,1990s,Pixar,Action,Buddy Comedy,94,PG,Japanese,USA,Lee Unkrich,Jared Bush,Christophe Beck,Josh Gad,Zoe Saldana,Hybrid,Lucasfilm,85.6,528.8,76.7,24.3,62.9,247.0,281.8,423.6,6.8,54,79,60,3475,DisneyNOW,1992-04-22,No,1,0,0,54,1,No,Jafar,WALL-E,No,No,No,No,Yes,No,No,No,No,No,None,Kids,76.2,No,None,No,No,37.1,6.7,5.3,3.8,2.6,10.67,44,No,Yes,0.0,43.6,991.5,427.8,Massive Profit,Blockbuster
DIS00930,Tale of the Realm,Standalone,2000,2000-01-05,2000s,Pixar,Romance,Heist,159,G,English,UK,Niki Caro,Kathleen Kennedy,Hans Zimmer,Idris Elba,Zoe Saldana,Stop Motion,Pixar Animation Studios,148.7,226.2,126.0,34.3,13.9,86.8,139.4,41.1,5.6,45,42,49,862,Disney+,2000-10-15,Yes,0,1,0,64,12,No,Cruella de Vil,Merida,Yes,No,No,Yes,Yes,Yes,No,No,No,No,None,Everyone,44.3,No,None,No,No,22.2,5.7,4.3,2.4,3.5,2.92,22,No,No,16.9,16.2,373.2,65.9,Medium Profit,Average
DIS00931,Star Wars 3,Star Wars,1976,1976-07-19,1970s,Remake,Sci-Fi,Heist,81,PG-13,English,Japan,Pete Docter,John Lasseter,Michael Giacchino,Will Smith,Auli'i Cravalho,3D CGI,Pixar Animation Studios,291.9,1595.2,252.5,128.6,119.7,608.3,986.9,318.6,5.2,40,39,50,3698,Disney+,1977-02-10,Yes,0,0,0,40,0,Yes,Chernabog,Nemo,No,No,Yes,No,No,No,No,Yes,Yes,No,Star Wars Universe,Teen,200.3,Yes,Tokyo Disneyland,Yes,Yes,68.3,4.8,4.4,5.8,7.2,9.13,69,No,Yes,78.9,265.0,3589.2,1214.1,Massive Profit,Blockbuster
DIS00932,Cinderella,Cinderella,1999,1999-01-07,1990s,Animated,Adventure,Road Trip,116,PG-13,English,UK,Byron Howard,Jason Owen,Patrick Doyle,Chris Pratt,Sofia Carson,2D,Disneytoon Studios,256.2,343.7,228.8,108.6,29.2,115.8,227.9,1.9,6.9,68,47,63,2369,Disney+ Hotstar,1999-04-14,Yes,0,1,0,29,2,No,Hans,Miguel,No,No,No,No,No,No,No,No,Yes,No,None,Everyone,71.8,No,None,No,No,26.9,6.7,6.4,1.5,1.6,1.47,33,No,No,30.0,44.1,575.7,6.3,Low Profit,Average
DIS00933,Adventures of the Realm 2,Adventures of the Realm,1952,1952-10-21,1950s,Disney Channel Original,Animation,Sports,74,PG,English,USA,John Musker,Kevin Feige,Alan Menken,Will Smith,Emma Watson,3D CGI,Disneytoon Studios,353.2,455.0,310.6,77.5,64.8,196.3,258.7,17.2,5.9,48,51,56,1697,Disney+,1953-08-25,Yes,0,1,0,52,2,No,Ursula,Simba,No,No,Yes,No,Yes,No,No,No,No,No,None,Everyone,61.6,No,None,No,No,32.2,6.2,4.1,2.1,2.2,12.45,48,No,No,16.7,67.2,1296.8,66.9,Low Profit,Average
DIS00934,Descendants 4,Descendants,1945,1945-11-11,1940s,Live Action,Sci-Fi,Buddy Comedy,62,G,Spanish,USA,Rich Moore,Jonas Rivera,Thomas Newman,Ryan Reynolds,Angelina Jolie,None,Walt Disney Animation Studios,226.1,826.1,209.1,54.4,73.3,474.3,351.8,213.5,7.6,69,69,87,4261,Theatrical Only,,No,2,4,0,59,0,No,Hades,Troy Bolton,No,No,Yes,No,Yes,No,No,No,No,No,None,Kids,63.2,No,None,No,No,49.2,7.3,7.5,4.1,4.0,6.78,43,Yes,No,0.0,43.8,2499.0,562.6,Massive Profit,Hit
DIS00935,Winnie the Pooh,Standalone,2001,2001-04-13,2000s,Disney Channel Original,Sci-Fi,Mystery,148,PG,English,USA,Niki Caro,Jonas Rivera,Patrick Doyle,Johnny Depp,Halle Bailey,2D,Pixar Animation Studios,82.8,77.4,64.0,21.2,10.7,46.9,30.5,-9.2,6.8,57,56,64,4145,Disney+,2001-10-20,Yes,0,2,0,65,0,No,Maleficent,Mal,No,Yes,No,No,Yes,No,No,No,No,No,None,Family,71.4,No,None,No,No,22.4,7.2,5.9,1.0,1.3,6.68,17,No,No,11.1,11.8,125.8,-7.8,Loss,Average
DIS00936,Teen Beach,Teen Beach,1963,1963-08-13,1960s,Pixar,Musical,Superhero,171,PG,English,USA,John Musker,Kevin Feige,Randy Newman,Will Smith,Zoe Saldana,Stop Motion,Pixar Animation Studios,230.2,674.3,200.3,87.3,31.5,248.3,426.0,134.5,5.3,47,52,46,4337,Disney+,1964-04-06,Yes,0,0,0,73,11,No,Yzma,Mal,No,No,Yes,Yes,Yes,Yes,Yes,No,No,No,None,Kids,81.4,No,None,No,No,32.5,5.2,5.4,2.0,2.9,4.54,36,No,Yes,28.0,74.7,1736.3,386.7,High Profit,Hit
DIS00937,Frozen 4,Frozen,2013,2013-01-16,2010s,Remake,Animation,Sports,172,PG,English,USA,Andrew Stanton,Peter Del Vecho,James Newton Howard,Dwayne Johnson,Emma Watson,None,20th Century Studios,159.7,359.5,149.2,34.8,28.0,148.1,211.4,95.4,5.6,50,44,40,807,Theatrical Only,,No,0,1,0,44,2,No,Hades,Remy,No,Yes,Yes,No,Yes,No,No,Yes,No,No,None,Everyone,86.1,No,None,No,No,31.7,5.3,4.8,2.0,2.8,2.83,30,No,No,0.0,54.2,476.3,175.5,High Profit,Hit
DIS00938,Adventures of Dreams 2,Adventures of Dreams,1999,1999-06-22,1990s,Remake,Romance,Time Travel,101,PG,English,India,Chris Buck,Jason Owen,Thomas Newman,Dwayne Johnson,Anne Hathaway,None,Disneytoon Studios,360.8,276.0,311.7,128.1,26.8,94.5,181.5,-37.2,4.8,23,34,36,3339,Disney+ Hotstar,2000-07-24,Yes,0,0,0,32,13,No,Cruella de Vil,Aurora,Yes,Yes,No,Yes,Yes,No,No,Yes,No,No,None,Teen,49.6,No,None,No,No,18.0,4.5,2.2,2.8,1.8,6.29,12,No,Yes,7.2,36.5,462.3,-163.8,Loss,Flop
DIS00939,Mulan,Standalone,2001,2001-08-04,2000s,Remake,Adventure,Road Trip,140,G,English,UK,Marc Webb,Roy Conli,Randy Newman,Dwayne Johnson,Zendaya,None,Pixar Animation Studios,330.2,2054.4,249.8,126.7,131.9,644.0,1410.4,445.7,8.9,89,95,99,1457,Disney+,2002-02-10,Yes,3,0,0,29,0,No,Cruella de Vil,Hiro,No,No,No,No,Yes,No,No,Yes,No,No,None,Family,313.7,Yes,Tokyo Disneyland,No,No,95.4,8.7,8.3,9.9,9.9,24.6,100,No,Yes,89.8,397.7,3338.4,1677.9,Massive Profit,Blockbuster
DIS00940,Tarzan: Return,Tarzan,1993,1993-11-17,1990s,Remake,Drama,Coming of Age,98,PG,English,India,Byron Howard,Jared Bush,Hans Zimmer,Josh Gad,Emma Stone,None,Walt Disney Animation Studios,351.1,150.9,305.1,125.0,21.9,62.9,88.0,-64.9,6.4,56,56,61,643,Disney+ Hotstar,1994-06-27,Yes,2,1,0,57,1,No,Hades,Hercules,No,Yes,No,No,Yes,No,No,Yes,Yes,No,None,Teen,61.8,No,None,No,No,21.9,6.2,5.2,2.2,2.2,6.75,29,Yes,No,7.8,13.8,275.4,-279.2,Loss,Flop
DIS00941,Sleeping Beauty (Remake),Sleeping Beauty,2018,2018-06-16,2010s,Remake,Comedy,Sports,147,PG,English,Canada,Lee Unkrich,Jason Owen,Michael Giacchino,Robert Downey Jr.,Anne Hathaway,None,Walt Disney Animation Studios,205.2,528.0,191.6,87.6,109.1,329.8,198.2,89.1,7.2,64,58,61,2705,Theatrical Only,,No,1,0,0,55,2,Yes,Mother Gothel,Elsa,Yes,No,No,No,Yes,No,No,Yes,Yes,No,None,Teen,46.2,No,None,No,No,38.4,7.5,6.1,3.0,3.4,9.04,40,No,Yes,0.0,78.2,633.6,248.8,High Profit,Hit
DIS00942,The Princess and the Frog: Curse,Standalone,2025,2025-12-24,2020s,Short Film,Adventure,Fairy Tale,150,PG-13,English,Japan,Gary Trousdale,Kevin Feige,Patrick Doyle,Dwayne Johnson,Emma Stone,Stop Motion,Walt Disney Pictures,49.4,48.8,42.4,18.5,10.2,30.8,18.0,-19.9,7.6,73,72,67,1683,Disney+,2026-08-04,Yes,1,1,0,33,6,No,Chernabog,Belle,Yes,No,No,Yes,No,No,No,No,No,No,None,Everyone,30.1,No,None,No,No,25.7,8.1,7.2,2.1,2.6,7.72,27,Yes,No,14.3,4.8,50.0,-12.1,Loss,Average
DIS00943,Toy Story 3,Toy Story,2025,2025-07-27,2020s,Remake,Action,Heist,113,PG,English,USA,Jon Favreau,Jason Owen,Germaine Franco,Chris Pratt,Kristen Bell,3D CGI,Marvel Studios,243.5,796.3,187.2,100.1,78.0,381.1,415.2,177.2,6.8,59,47,71,802,Theatrical Only,,No,0,0,0,60,1,Yes,Hans,Nemo,No,No,No,No,Yes,No,No,Yes,No,No,Marvel Cinematic Universe,Kids,64.7,No,None,No,No,35.0,6.9,5.1,2.9,4.0,5.29,45,No,Yes,0.0,100.3,816.2,509.0,Massive Profit,Hit
DIS00944,Snow White,Standalone,1994,1994-02-15,1990s,Pixar,Comedy,Road Trip,61,PG,English,UK,David Lowery,Peter Del Vecho,Alan Menken,Chris Evans,Idina Menzel,Hybrid,Marvel Studios,444.0,495.3,343.5,129.9,37.6,152.8,342.5,4.6,6.5,69,56,65,2599,Disney+,1994-12-19,Yes,0,0,0,77,1,Yes,Judge Frollo,Remy,No,No,No,No,Yes,No,No,No,No,No,Marvel Cinematic Universe,Everyone,137.5,No,None,No,No,39.6,6.6,7.0,4.6,3.7,15.68,36,No,No,18.0,96.0,891.5,21.9,Low Profit,Average
DIS00945,Kingdom of Wonders,Kingdom of Wonders,2004,2004-02-27,2000s,Animated,Action,Sports,127,G,English,USA,Niki Caro,Yvett Merino,Alan Menken,Chris Evans,Kristen Bell,Hybrid,Walt Disney Animation Studios,187.7,844.9,162.2,62.1,102.8,310.4,534.5,276.7,6.8,52,63,67,677,Disney+ Hotstar,2004-11-29,Yes,1,0,0,40,0,No,Chernabog,Belle,Yes,No,No,No,Yes,No,No,No,No,No,None,Teen,45.9,No,None,No,No,54.4,7.2,5.4,5.4,6.6,17.73,55,No,No,21.8,167.9,1309.6,620.6,Massive Profit,Blockbuster
DIS00946,Alice in Wonderland (Remake),Alice in Wonderland,2004,2004-03-03,2000s,Short Film,Romance,Buddy Comedy,161,PG-13,English,India,John Musker,John Lasseter,Patrick Doyle,Will Smith,Auli'i Cravalho,Hybrid,Disney Channel Productions,262.2,466.0,247.6,105.7,54.7,236.7,229.3,31.9,6.4,47,60,56,1051,Disney+ Hotstar,2004-05-25,Yes,0,0,0,31,1,No,Scar,Bob Parr,No,No,Yes,No,No,No,No,No,No,No,None,Family,60.9,No,None,No,No,28.5,6.2,4.8,2.0,3.1,9.74,25,No,No,16.3,82.9,722.3,112.7,Medium Profit,Average
DIS00947,Spirit of Dreams (Remake),Spirit of Dreams,1965,1965-04-25,1960s,Animated,Sci-Fi,Holiday,105,PG,English,USA,Rob Marshall,Osnat Shurer,Michael Giacchino,Jason Segel,Emma Stone,Hybrid,Walt Disney Pictures,425.1,911.5,357.7,127.1,181.0,518.8,392.7,88.0,7.0,60,68,69,1305,Disney+ Hotstar,1965-10-29,Yes,3,1,0,34,1,No,Yzma,Simba,No,No,No,No,Yes,No,No,No,Yes,No,None,Kids,147.3,No,None,No,No,52.8,6.9,6.2,5.2,6.8,7.35,51,No,No,32.8,174.9,2301.5,426.7,High Profit,Hit
DIS00948,The Golden the Isles (Remake),Standalone,1996,1996-12-25,1990s,Disney Channel Original,Animation,Fairy Tale,126,PG,Hindi,USA,Brad Bird,Kevin Feige,Lin-Manuel Miranda,Idris Elba,Zoe Saldana,Stop Motion,Pixar Animation Studios,66.8,225.4,52.0,18.0,26.9,78.3,147.1,222.0,6.9,63,57,67,2591,Theatrical Only,,No,1,0,0,57,1,No,Captain Hook,Tarzan,No,No,Yes,No,Yes,No,No,No,No,No,None,Everyone,59.5,No,None,No,No,33.2,6.5,6.6,3.6,3.1,4.76,34,Yes,No,0.0,38.0,394.4,155.4,Massive Profit,Hit
DIS00949,Tale of Stardust: Kingdom,Tale of Stardust,2013,2013-07-20,2010s,Pixar,Family,Fairy Tale,164,G,Hindi,Japan,Jennifer Lee,Osnat Shurer,Patrick Doyle,Tom Holland,Lily James,2D,Marvel Studios,238.6,268.1,182.9,90.2,35.9,153.4,114.7,-1.8,6.6,64,56,55,2764,Theatrical Only,,No,1,0,0,71,11,Yes,Hades,Ariel,Yes,Yes,No,Yes,Yes,No,No,No,Yes,No,Marvel Cinematic Universe,Kids,31.0,No,None,No,No,12.6,6.7,6.8,1.0,1.6,2.94,1,No,Yes,0.0,34.4,355.2,-5.0,Loss,Average
DIS00950,Legend of Wonders,Legend of Wonders,2022,2022-08-23,2020s,Disney Channel Original,Adventure,Superhero,165,PG,English,Canada,Byron Howard,Osnat Shurer,Germaine Franco,Idris Elba,Auli'i Cravalho,Stop Motion,Disney Channel Productions,218.7,525.4,171.0,51.2,89.4,289.1,236.3,136.5,7.5,68,62,65,538,Disney+,2023-04-03,Yes,1,0,0,49,0,No,Captain Hook,Mal,No,No,No,No,Yes,No,No,No,No,No,None,Kids,79.5,No,None,No,No,53.7,7.7,6.7,6.6,5.1,17.65,49,No,Yes,47.4,105.0,577.9,303.2,High Profit,Hit
DIS00951,The Rescuers: Adventure,The Rescuers,1984,1984-03-09,1980s,Pixar,Musical,Time Travel,174,G,Multiple,Canada,Rob Marshall,John Lasseter,Lin-Manuel Miranda,Johnny Depp,Anne Hathaway,2D,Pixar Animation Studios,76.4,20.8,61.3,31.5,1.6,12.4,8.4,-77.6,7.9,84,77,79,3434,Disney+,1984-10-09,Yes,1,1,0,97,5,Yes,Mother Gothel,Moana,Yes,Yes,No,Yes,Yes,Yes,No,No,No,No,None,Family,64.5,No,None,No,No,23.6,7.8,8.5,1.9,3.5,3.82,22,No,No,12.4,3.4,42.6,-72.0,Loss,Flop
DIS00952,Camp Rock 4,Camp Rock,1943,1943-08-22,1940s,Disney Channel Original,Comedy,Road Trip,81,PG-13,English,USA,Byron Howard,Osnat Shurer,Germaine Franco,Robert Downey Jr.,Anne Hathaway,3D CGI,Walt Disney Pictures,231.0,868.1,197.8,78.0,134.4,467.3,400.8,214.8,5.8,41,39,43,4051,Disney+,1944-07-12,Yes,0,0,0,57,6,No,Hades,Belle,Yes,No,No,Yes,No,Yes,No,No,Yes,No,None,Everyone,53.7,No,None,No,No,44.8,5.7,4.3,3.7,4.8,3.52,34,No,Yes,46.1,151.5,2669.4,592.3,Massive Profit,Hit
DIS00953,Legend of Stardust 2,Legend of Stardust,1965,1965-03-08,1960s,Short Film,Comedy,Road Trip,103,PG,Multiple,USA,Marc Webb,Jason Owen,Christophe Beck,Jason Segel,Lily James,Hybrid,Marvel Studios,32.7,20.0,26.3,12.2,2.0,7.6,12.4,-48.1,8.4,85,79,85,2824,Theatrical Only,,No,3,2,0,58,0,Yes,Cruella de Vil,Miguel,No,No,No,No,Yes,Yes,No,No,No,No,Marvel Cinematic Universe,Kids,94.2,No,None,No,No,33.2,8.5,8.2,2.2,3.5,8.96,23,No,No,0.0,2.9,50.5,-18.5,Loss,Flop
DIS00954,Descendants,Descendants,2006,2006-11-17,2000s,Remake,Fantasy,Sports,80,PG,English,USA,Gary Trousdale,Jonas Rivera,James Newton Howard,Josh Gad,Sofia Carson,None,Walt Disney Animation Studios,58.2,342.4,49.3,16.0,38.7,128.2,214.2,424.3,5.4,56,53,50,3466,Disney+,2007-08-02,Yes,0,0,0,34,2,Yes,Judge Frollo,Remy,No,Yes,Yes,No,Yes,Yes,No,Yes,Yes,No,None,Kids,70.5,No,None,No,No,28.5,5.4,5.1,1.6,2.9,8.38,29,Yes,No,30.6,30.1,513.6,277.1,Massive Profit,Blockbuster
DIS00955,Coco 3,Coco,1956,1956-02-20,1950s,Disney Channel Original,Sci-Fi,Coming of Age,170,PG,Hindi,USA,Ron Clements,Jason Owen,Michael Giacchino,Chris Evans,Angelina Jolie,2D,Disney Channel Productions,141.7,265.9,128.4,52.8,26.8,134.9,131.0,46.7,9.1,100,86,88,3834,Disney+,1956-10-23,Yes,3,1,0,78,11,No,Ursula,Mulan,Yes,Yes,Yes,Yes,Yes,No,No,No,Yes,No,None,Family,87.3,No,None,No,No,38.1,9.3,10.0,2.5,4.5,4.42,36,No,No,31.8,17.3,731.2,84.7,Medium Profit,Average
DIS00956,The Muppets: Forever,The Muppets,1976,1976-06-08,1970s,Short Film,Family,Heist,135,PG,English,Japan,Kirk Wise,Kevin Feige,Christophe Beck,Idris Elba,Lily James,2D,Lucasfilm,158.3,169.0,148.5,32.6,19.2,96.9,72.1,-6.7,7.2,66,65,72,4036,Disney+,1977-02-05,Yes,0,2,0,28,2,No,Gaston,Aladdin,No,No,No,No,Yes,No,No,No,No,No,None,Family,36.0,No,None,No,No,31.8,7.6,6.0,2.0,3.2,10.91,45,No,Yes,12.2,10.1,380.2,-12.1,Loss,Average
DIS00957,Kingdom of the Forest 4,Kingdom of the Forest,2023,2023-07-05,2020s,Pixar,Romance,Mystery,76,PG-13,Spanish,USA,Craig Gillespie,Roy Conli,Patrick Doyle,Robert Downey Jr.,Halle Bailey,3D CGI,Disney Channel Productions,371.5,810.6,308.4,125.2,59.6,315.9,494.7,86.9,5.7,45,41,42,3770,Disney+ Hotstar,2024-03-27,Yes,0,0,0,45,2,Yes,Mother Gothel,Simba,No,No,No,No,No,No,No,No,Yes,No,None,Family,136.6,No,None,No,No,40.7,5.4,4.4,4.4,3.6,12.01,34,No,Yes,31.3,79.2,871.4,377.0,High Profit,Hit
DIS00958,Legend of Wonders,Standalone,1984,1984-04-18,1980s,Pixar,Animation,Time Travel,107,PG,English,Japan,Niki Caro,Peter Del Vecho,Patrick Doyle,Johnny Depp,Zoe Saldana,3D CGI,Lucasfilm,54.5,50.5,48.5,12.4,4.3,17.1,33.4,-17.1,8.9,88,85,93,3865,Theatrical Only,,No,4,3,1,64,2,No,Hans,Winnie the Pooh,No,No,Yes,No,Yes,No,No,No,No,No,None,Kids,105.1,No,None,No,No,44.2,9.1,8.5,4.9,4.5,14.61,42,No,No,0.0,4.6,103.5,-10.4,Loss,Average
DIS00959,Kingdom of Dreams 3,Kingdom of Dreams,1969,1969-07-15,1960s,Pixar,Sci-Fi,Sports,64,PG,Multiple,USA,Nathan Greno,Kathleen Kennedy,Christophe Beck,Dwayne Johnson,Zendaya,Hybrid,20th Century Studios,328.8,1946.5,306.0,130.7,172.3,1235.2,711.3,345.7,6.4,39,53,61,1457,Disney+,1969-11-16,Yes,1,2,0,30,5,No,Captain Hook,Pocahontas,Yes,Yes,Yes,Yes,Yes,No,No,No,Yes,No,None,Kids,162.7,Yes,Shanghai Disneyland,No,No,90.1,6.8,4.6,10.0,8.5,31.28,79,No,Yes,76.5,326.5,4720.3,1509.8,Massive Profit,Blockbuster
DIS00960,Oliver & Company,Oliver & Company,2009,2009-11-14,2000s,Pixar,Action,Buddy Comedy,94,PG-13,English,India,Dean DeBlois,Roy Conli,Patrick Doyle,Josh Gad,Emma Stone,3D CGI,Disney Channel Productions,7.9,23.6,7.2,1.8,1.7,10.4,13.2,162.2,6.9,64,60,72,1387,Disney+,2010-07-27,Yes,0,0,0,44,4,No,Gaston,Snow White,Yes,No,No,Yes,No,Yes,No,No,Yes,No,None,Teen,67.6,No,None,No,No,20.1,6.7,6.3,2.0,1.1,3.86,30,Yes,No,8.8,4.0,33.6,14.6,Massive Profit,Hit
DIS00961,The Chronicles of Narnia,The Chronicles of Narnia,2024,2024-04-27,2020s,Remake,Romance,Superhero,69,PG,Spanish,Canada,David Lowery,Kevin Feige,Lin-Manuel Miranda,Robert Downey Jr.,Idina Menzel,3D CGI,Disneytoon Studios,316.2,474.6,237.9,108.5,45.3,211.8,262.8,37.0,7.5,73,66,72,3938,Disney+,2024-08-25,Yes,1,4,0,33,0,No,Chernabog,Simba,No,No,Yes,No,Yes,No,No,Yes,Yes,No,None,Teen,108.5,No,None,No,No,35.7,7.6,7.0,3.4,3.7,5.54,44,No,No,16.5,47.0,498.3,128.2,Medium Profit,Average
DIS00962,Winnie the Pooh: Return,Winnie the Pooh,1943,1943-09-21,1940s,Disney Channel Original,Romance,Heist,62,PG,English,USA,Jennifer Lee,John Lasseter,Thomas Newman,Idris Elba,Idina Menzel,Stop Motion,Disneytoon Studios,411.7,1772.2,318.0,133.5,202.5,786.3,985.9,292.5,7.9,87,74,85,3552,Disney+,1944-09-12,Yes,3,1,0,61,15,No,Hades,Remy,No,No,No,Yes,Yes,Yes,No,No,Yes,No,None,Everyone,221.9,Yes,Tokyo Disneyland,No,No,86.3,7.3,8.2,9.6,8.1,31.4,100,No,No,26.7,200.6,5449.5,1320.7,Massive Profit,Blockbuster
DIS00963,Tale of the Forest 4,Tale of the Forest,2006,2006-05-09,2000s,Pixar,Romance,Road Trip,147,G,English,USA,Craig Gillespie,Roy Conli,Thomas Newman,Chris Pratt,Zendaya,3D CGI,Pixar Animation Studios,375.7,1646.9,345.5,153.4,221.5,737.9,909.0,230.1,7.3,69,66,67,741,Disney+,2006-09-20,Yes,0,0,0,40,0,No,Hades,Mirabel,No,No,No,No,Yes,Yes,No,No,Yes,No,None,Kids,234.1,No,None,No,No,79.6,6.8,7.2,7.7,8.5,31.08,76,No,No,39.9,282.4,2470.4,1148.0,Massive Profit,Blockbuster
DIS00964,Frozen: Untold Story,Frozen,1969,1969-01-09,1960s,Live Action,Drama,Heist,104,PG,Hindi,USA,Gary Trousdale,Jared Bush,Michael Giacchino,Ewan McGregor,Idina Menzel,None,Disney Channel Productions,286.9,642.7,247.3,102.9,73.0,214.6,428.1,83.5,6.4,67,52,54,2718,Theatrical Only,,No,1,1,0,64,9,No,Cruella de Vil,Merida,Yes,Yes,No,Yes,Yes,No,No,No,No,No,None,Teen,23.7,No,None,No,No,29.2,5.7,6.8,3.2,2.5,5.33,27,No,No,0.0,87.6,1558.5,292.5,High Profit,Hit
DIS00965,Brave,Brave,2020,2020-09-11,2020s,Remake,Romance,Heist,113,G,Japanese,USA,Craig Gillespie,Jared Bush,Christophe Beck,Ryan Reynolds,Emma Watson,None,20th Century Studios,409.7,516.8,337.3,132.9,29.4,175.3,341.5,9.9,6.2,57,63,52,2307,Disney+,2021-08-02,Yes,1,1,1,61,2,Yes,Shan Yu,Riley,No,Yes,No,No,Yes,No,No,Yes,Yes,No,None,Kids,80.8,No,None,No,No,37.8,5.5,5.6,3.6,3.2,4.13,47,No,No,28.2,33.4,594.3,46.6,Low Profit,Average
DIS00966,Snow White,Snow White,1943,1943-07-12,1940s,Remake,Family,Holiday,94,PG,English,UK,Lee Unkrich,Kevin Feige,Randy Newman,Johnny Depp,Zoe Saldana,None,Pixar Animation Studios,35.9,137.2,30.1,7.3,26.0,77.3,59.9,266.8,7.8,75,77,88,3626,Theatrical Only,,No,1,1,0,69,8,No,Ursula,Cinderella,Yes,No,No,Yes,Yes,Yes,No,Yes,No,No,None,Everyone,74.9,No,None,No,No,37.0,8.1,7.3,3.2,4.4,11.0,37,No,Yes,0.0,12.2,421.9,99.8,Massive Profit,Hit
DIS00967,The Sword in the Stone,The Sword in the Stone,1996,1996-08-20,1990s,Remake,Sci-Fi,Fairy Tale,134,G,English,Canada,Marc Webb,Jonas Rivera,Thomas Newman,Chris Evans,Kristen Bell,Stop Motion,Marvel Studios,203.8,595.7,162.7,47.1,47.9,193.0,402.7,183.9,5.1,34,31,35,1000,Disney+,1996-11-24,Yes,0,0,0,39,1,Yes,Ursula,Riley,No,No,Yes,No,Yes,Yes,No,Yes,No,No,Marvel Cinematic Universe,Teen,67.9,No,None,No,No,30.2,4.9,3.1,2.9,2.3,8.33,9,No,Yes,15.0,49.9,1042.5,385.9,Massive Profit,Hit
DIS00968,The Golden Stardust: Untold Story,The Golden Stardust,1986,1986-03-08,1980s,Pixar,Comedy,Buddy Comedy,112,G,English,USA,John Musker,Osnat Shurer,Patrick Doyle,Tom Holland,Zendaya,Hybrid,20th Century Studios,419.8,1260.5,356.2,173.9,65.9,518.6,741.9,137.8,5.9,40,50,45,2450,Theatrical Only,,No,0,0,0,69,2,No,Scar,Simba,No,No,No,No,Yes,No,No,No,No,No,None,Teen,195.2,No,None,Yes,Yes,56.2,6.9,4.2,6.3,6.1,5.42,65,No,No,0.0,240.0,2521.0,730.4,High Profit,Hit
DIS00969,Legend of Stardust: Adventure,Legend of Stardust,2000,2000-10-12,2000s,Animated,Animation,Heist,132,G,English,USA,Marc Webb,Jason Owen,Germaine Franco,Idris Elba,Emma Watson,3D CGI,20th Century Studios,219.8,777.3,192.7,93.0,73.0,305.1,472.2,172.1,8.9,82,77,88,1774,Disney+,2001-10-01,Yes,3,1,1,42,10,No,Yzma,Snow White,Yes,Yes,Yes,Yes,Yes,No,Yes,No,No,No,None,Family,54.3,No,None,No,No,54.2,8.6,8.2,6.5,5.7,16.7,46,No,No,63.1,149.1,1282.5,491.6,Massive Profit,Hit
DIS00970,Pirates of the Caribbean 4,Pirates of the Caribbean,1942,1942-05-25,1940s,Remake,Drama,Sports,95,PG-13,English,USA,Byron Howard,Yvett Merino,Patrick Doyle,Chris Pratt,Emma Stone,2D,Disneytoon Studios,376.8,592.8,316.0,81.5,39.4,280.7,312.1,49.1,7.8,77,78,72,2946,Theatrical Only,,No,4,3,1,76,10,No,Judge Frollo,Mal,No,No,No,Yes,No,Yes,No,Yes,Yes,No,None,Everyone,74.0,No,None,No,No,50.5,8.0,8.1,6.0,4.8,9.71,59,No,No,0.0,81.7,1837.7,195.3,Medium Profit,Average
DIS00971,Pirates of the Caribbean,Pirates of the Caribbean,1963,1963-11-18,1960s,Pixar,Musical,Fairy Tale,85,G,Spanish,Canada,Brad Bird,Jason Owen,Christophe Beck,Jason Segel,Auli'i Cravalho,Hybrid,Disneytoon Studios,42.9,13.5,35.0,8.9,1.5,4.8,8.7,-69.2,6.2,61,43,48,1656,Theatrical Only,,No,1,0,0,70,11,No,Hans,Hiro,No,Yes,No,Yes,Yes,No,No,No,No,No,None,Family,37.7,No,None,No,No,21.8,6.1,6.3,1.9,2.4,5.84,20,Yes,No,0.0,2.4,34.8,-30.4,Loss,Flop
DIS00972,Legend of Dreams: Reborn,Legend of Dreams,1966,1966-11-13,1960s,Animated,Action,Heist,104,G,Hindi,USA,Rob Marshall,Kevin Feige,Michael Giacchino,Johnny Depp,Angelina Jolie,3D CGI,Marvel Studios,177.2,506.7,139.2,73.3,51.9,293.6,213.1,138.4,5.2,35,43,46,2246,Disney+,1967-03-15,Yes,0,0,0,90,14,Yes,Cruella de Vil,Snow White,Yes,No,No,Yes,Yes,No,No,No,Yes,No,Marvel Cinematic Universe,Kids,42.6,No,None,No,No,25.6,5.4,4.0,1.6,2.4,10.07,34,Yes,No,8.7,81.4,1266.8,294.2,High Profit,Hit
DIS00973,The Sword in the Stone: Untold Story,The Sword in the Stone,1999,1999-09-02,1990s,Pixar,Adventure,Superhero,113,G,English,USA,David Lowery,Jonas Rivera,Lin-Manuel Miranda,Idris Elba,Sofia Carson,3D CGI,Pixar Animation Studios,425.3,629.5,371.5,150.7,70.3,264.5,365.0,20.5,7.8,68,83,80,1669,Disney+,2000-04-25,Yes,0,1,0,43,1,Yes,Mother Gothel,Carl Fredricksen,No,No,No,No,Yes,No,No,No,No,No,None,Everyone,66.2,No,None,No,No,36.9,7.9,6.6,3.0,2.9,5.29,40,No,No,22.5,74.0,1054.4,107.3,Low Profit,Average
DIS00974,The Sword in the Stone,The Sword in the Stone,1945,1945-09-03,1940s,Remake,Romance,Holiday,71,G,Multiple,USA,John Musker,Osnat Shurer,Germaine Franco,Jason Segel,Halle Bailey,None,Disney Channel Productions,89.4,285.7,84.6,27.9,45.1,175.2,110.5,154.0,4.6,26,45,52,3198,Disney+,1946-01-08,Yes,0,0,0,47,13,No,Maleficent,Snow White,Yes,No,No,Yes,Yes,No,No,Yes,No,No,None,Teen,80.5,No,None,No,No,29.9,5.0,2.8,2.2,2.6,8.42,36,No,No,21.0,29.2,864.2,173.2,Massive Profit,Hit
DIS00975,Hercules,Hercules,1978,1978-04-06,1970s,Remake,Fantasy,Heist,98,G,Multiple,USA,David Lowery,Jonas Rivera,Michael Giacchino,Jason Segel,Anne Hathaway,None,Pixar Animation Studios,10.1,30.0,7.8,4.5,1.9,11.5,18.5,143.9,7.3,79,67,78,1697,DisneyNOW,1978-09-14,No,5,1,1,49,5,No,Captain Hook,Aladdin,No,No,Yes,Yes,Yes,No,No,Yes,Yes,No,None,Family,70.3,No,None,No,No,31.6,7.1,7.7,1.4,1.8,8.39,39,No,No,0.0,4.4,66.0,17.7,High Profit,Hit
DIS00976,Frozen 2,Frozen,1938,1938-05-08,1930s,Live Action,Romance,Fairy Tale,125,PG-13,English,UK,Niki Caro,Kathleen Kennedy,Alan Menken,Chris Pratt,Sofia Carson,None,Walt Disney Animation Studios,227.6,172.3,202.6,84.7,29.7,109.9,62.4,-40.0,6.8,62,48,56,3031,Theatrical Only,,No,1,0,0,39,2,No,Cruella de Vil,WALL-E,No,No,No,No,No,Yes,No,No,No,No,None,Teen,66.8,No,None,No,No,27.1,6.7,5.8,3.2,2.5,2.05,28,No,No,0.0,11.5,551.4,-115.0,Loss,Flop
DIS00977,The Golden the Forest 2,The Golden the Forest,1973,1973-03-16,1970s,Live Action,Drama,Holiday,173,G,English,India,Ron Clements,Jason Owen,Hans Zimmer,Robert Downey Jr.,Lily James,None,Walt Disney Pictures,322.3,379.7,270.9,73.6,29.2,118.4,261.3,10.2,7.1,67,68,66,1776,Theatrical Only,,No,2,2,1,34,5,No,Yzma,Tiana,Yes,Yes,No,Yes,Yes,No,No,No,No,Yes,None,Everyone,77.5,No,None,No,No,34.8,7.4,6.9,3.5,1.9,3.4,40,No,No,0.0,71.3,882.8,35.2,Low Profit,Average
DIS00978,The Magic Dreams: New World,The Magic Dreams,1992,1992-10-05,1990s,Remake,Musical,Holiday,90,G,English,USA,Gary Trousdale,John Lasseter,James Newton Howard,Tom Holland,Anne Hathaway,None,20th Century Studios,79.9,432.0,74.2,30.9,38.1,257.1,174.9,311.0,5.9,42,44,47,1420,Disney+,1993-09-28,Yes,0,0,0,51,6,Yes,Cruella de Vil,Ariel,Yes,No,Yes,Yes,Yes,No,No,Yes,No,No,None,Everyone,33.2,No,None,No,No,29.4,5.9,4.1,1.6,4.3,6.05,26,No,No,10.9,53.0,799.2,326.9,Massive Profit,Blockbuster
DIS00979,Fantasia,Fantasia,2020,2020-09-26,2020s,Animated,Drama,Fairy Tale,138,PG,Multiple,India,Rich Moore,Kathleen Kennedy,Germaine Franco,Robert Downey Jr.,Zendaya,3D CGI,20th Century Studios,396.5,3493.4,347.8,113.6,387.9,2150.1,1343.3,657.1,7.2,79,62,71,576,Theatrical Only,,No,0,0,0,59,1,No,Captain Hook,Pocahontas,Yes,No,No,No,Yes,No,No,No,No,No,None,Kids,155.6,Yes,Disney California Adventure,No,No,100.0,6.7,8.4,10.0,10.0,7.94,100,No,No,0.0,365.8,4017.4,3032.0,Massive Profit,Mega Blockbuster
DIS00980,Winnie the Pooh 4,Winnie the Pooh,1983,1983-08-01,1980s,Live Action,Fantasy,Fairy Tale,119,PG,English,USA,John Musker,John Lasseter,Hans Zimmer,Jason Segel,Emma Stone,None,Disneytoon Studios,284.4,922.6,231.7,65.6,146.0,484.4,438.2,210.3,8.4,78,84,100,3620,DisneyNOW,1984-03-23,No,0,1,0,61,1,Yes,Ursula,Ralph,No,Yes,Yes,No,Yes,No,No,No,No,No,None,Family,105.1,No,None,No,No,47.3,8.3,7.1,2.4,5.2,16.07,32,No,Yes,0.0,115.5,1914.4,625.3,Massive Profit,Hit
DIS00981,Legend of the Sea,Legend of the Sea,1945,1945-04-16,1940s,Live Action,Family,Heist,187,PG,English,USA,Gary Trousdale,Jason Owen,Thomas Newman,Johnny Depp,Emma Stone,None,Pixar Animation Studios,448.9,2869.8,373.2,150.3,396.7,1512.0,1357.8,448.2,7.4,79,67,72,1839,Disney+,1945-08-25,Yes,0,2,0,84,11,No,Dr. Facilier,Rapunzel,Yes,Yes,No,Yes,Yes,No,No,No,Yes,No,None,Family,265.7,Yes,Disney's Hollywood Studios,No,No,100.0,7.5,7.6,9.6,8.8,19.42,83,No,No,60.1,469.1,8681.1,2346.3,Massive Profit,Blockbuster
DIS00982,WALL-E (Remake),WALL-E,1978,1978-08-18,1970s,Disney Channel Original,Musical,Superhero,147,PG-13,English,UK,Brad Bird,Roy Conli,Germaine Franco,Ewan McGregor,Sofia Carson,2D,Walt Disney Pictures,298.2,1077.8,241.5,73.2,103.3,423.2,654.6,242.5,7.3,59,60,68,1706,Theatrical Only,,No,0,0,0,71,13,No,Dr. Facilier,Elsa,Yes,No,No,Yes,No,No,Yes,No,No,Yes,None,Family,165.2,Yes,Disney's Hollywood Studios,Yes,Yes,65.5,7.2,5.6,6.7,5.8,22.27,72,No,Yes,0.0,56.9,2371.2,763.1,Massive Profit,Hit
DIS00983,Finding Nemo 2,Finding Nemo,2010,2010-03-12,2010s,Disney Channel Original,Adventure,Fairy Tale,84,G,English,India,David Lowery,Osnat Shurer,Hans Zimmer,Will Smith,Lily James,Stop Motion,Walt Disney Pictures,355.1,2124.4,279.8,127.2,147.7,850.5,1273.9,422.0,6.7,51,68,67,4473,Disney+ Hotstar,2010-07-15,Yes,1,0,0,44,4,No,Cruella de Vil,Snow White,Yes,No,No,Yes,Yes,No,No,No,No,No,None,Family,191.3,Yes,Magic Kingdom,No,No,85.4,6.4,4.8,8.7,8.0,33.8,86,No,No,100.1,187.3,2974.2,1717.4,Massive Profit,Blockbuster
DIS00984,Encanto: Reborn,Encanto,2018,2018-02-10,2010s,Live Action,Family,Mystery,151,PG,Spanish,USA,Craig Gillespie,Jonas Rivera,Michael Giacchino,Chris Evans,Emma Watson,None,Lucasfilm,429.4,714.3,326.1,166.2,124.5,409.3,305.0,45.1,5.0,40,52,35,518,Theatrical Only,,No,0,0,0,32,2,No,None,Stitch,No,No,No,No,Yes,No,No,No,No,No,None,Everyone,65.4,No,None,No,No,34.5,5.3,4.2,4.0,2.9,3.66,26,No,No,0.0,103.4,857.2,222.0,Medium Profit,Average
DIS00985,The Magic the Sea 3,The Magic the Sea,1993,1993-10-19,1990s,Short Film,Family,Sports,74,PG,English,Japan,Rob Marshall,Kevin Feige,Randy Newman,Chris Evans,Halle Bailey,Stop Motion,Marvel Studios,447.0,1734.4,400.5,197.1,131.4,723.5,1010.9,190.2,6.4,46,63,67,2424,Theatrical Only,,No,2,1,0,80,13,Yes,Ursula,Riley,No,Yes,No,Yes,Yes,Yes,No,No,No,No,Marvel Cinematic Universe,Kids,164.5,No,None,No,No,76.6,5.7,4.5,7.2,8.6,16.5,90,No,No,0.0,153.3,3165.3,1136.8,Massive Profit,Hit
DIS00986,The Golden Stardust,The Golden Stardust,1949,1949-08-10,1940s,Pixar,Fantasy,Superhero,163,PG-13,English,USA,Jon Favreau,John Lasseter,James Newton Howard,Dwayne Johnson,Sofia Carson,Stop Motion,Walt Disney Animation Studios,158.8,564.9,149.8,41.8,121.1,351.6,213.3,194.8,5.2,39,39,44,1820,Disney+,1950-09-08,Yes,0,0,0,75,13,No,Captain Hook,Tiana,Yes,Yes,Yes,Yes,No,No,No,No,Yes,No,None,Teen,77.3,No,None,No,No,34.3,4.9,4.0,4.2,3.8,12.1,31,No,Yes,16.2,39.8,1652.3,373.3,Massive Profit,Hit
DIS00987,Tale of Wonders,Tale of Wonders,2027,2027-09-24,2020s,Remake,Comedy,Coming of Age,147,PG,Multiple,USA,Pete Docter,Roy Conli,Germaine Franco,Tom Holland,Auli'i Cravalho,None,Pixar Animation Studios,346.3,1348.1,312.6,146.0,216.3,705.8,642.3,194.0,5.8,49,47,47,0,Theatrical Only,,No,0,0,0,65,0,No,Gaston,Remy,No,Yes,Yes,No,Yes,Yes,No,Yes,No,No,None,Kids,55.1,No,None,No,No,61.3,6.1,4.4,5.9,6.7,17.61,69,No,No,0.0,175.2,1348.1,889.5,Massive Profit,Hit
DIS00988,Freaky Friday,Freaky Friday,2022,2022-06-05,2020s,Short Film,Fantasy,Fairy Tale,186,G,English,India,John Musker,Osnat Shurer,Michael Giacchino,Chris Evans,Kristen Bell,2D,Pixar Animation Studios,115.1,201.1,97.4,40.4,18.0,97.1,104.0,45.9,6.0,65,49,67,2624,Disney+,2022-08-07,Yes,2,2,1,63,5,No,Shan Yu,Ariel,Yes,No,Yes,Yes,Yes,No,No,No,Yes,No,None,Family,107.5,No,None,No,No,33.1,6.0,5.9,3.0,3.0,10.78,31,No,Yes,15.6,23.3,221.2,63.3,Medium Profit,Average
DIS00989,Legend of Wonders 3,Legend of Wonders,1949,1949-06-13,1940s,Animated,Romance,Coming of Age,186,PG,Spanish,India,Lee Unkrich,Jonas Rivera,James Newton Howard,Jason Segel,Sofia Carson,3D CGI,Walt Disney Animation Studios,365.3,2547.7,283.0,134.8,154.1,879.0,1668.7,509.8,8.8,90,84,91,2058,Disney+,1950-04-11,Yes,0,1,0,63,12,No,Captain Hook,Troy Bolton,No,No,No,Yes,Yes,Yes,No,No,Yes,No,None,Everyone,252.6,Yes,Disney California Adventure,No,No,100.0,9.4,9.4,9.8,9.1,10.13,100,No,Yes,63.6,466.8,7452.0,2129.9,Massive Profit,Blockbuster
DIS00990,Tale of Wonders: Awakens,Standalone,1987,1987-12-07,1980s,Disney Channel Original,Musical,Sports,79,G,French,UK,Rich Moore,Kathleen Kennedy,Hans Zimmer,Johnny Depp,Emma Watson,Hybrid,Walt Disney Pictures,82.2,104.8,64.1,23.1,20.5,67.3,37.5,20.2,6.6,51,60,78,1095,Theatrical Only,,No,0,0,0,74,15,Yes,Maleficent,Riley,No,Yes,No,Yes,Yes,No,No,No,No,No,None,Family,74.9,No,None,No,No,29.4,6.9,4.9,3.0,3.9,4.77,40,Yes,No,0.0,14.1,207.0,17.6,Low Profit,Average
DIS00991,Bambi,Bambi,2022,2022-08-06,2020s,Live Action,Romance,Road Trip,94,PG,English,USA,Kirk Wise,Yvett Merino,Lin-Manuel Miranda,Tom Holland,Sofia Carson,None,Walt Disney Animation Studios,311.0,1018.8,243.3,88.2,52.2,344.6,674.2,207.3,4.3,28,29,35,3092,Theatrical Only,,No,0,0,0,38,2,No,Captain Hook,Mike Wazowski,No,Yes,No,No,Yes,No,No,No,No,No,None,Family,71.3,No,None,No,No,44.1,4.7,3.6,4.6,4.1,13.4,33,No,Yes,0.0,100.7,1120.7,687.3,Massive Profit,Hit
DIS00992,The Golden Wonders 4,The Golden Wonders,1991,1991-12-25,1990s,Animated,Comedy,Holiday,169,G,English,Japan,Kirk Wise,Jason Owen,Christophe Beck,Idris Elba,Angelina Jolie,Hybrid,Lucasfilm,303.4,1115.7,285.0,130.8,136.7,475.6,640.1,168.3,7.3,72,48,76,4397,Theatrical Only,,No,0,0,0,57,13,No,Gaston,Hercules,No,Yes,No,Yes,Yes,No,Yes,No,Yes,No,None,Kids,121.2,No,None,No,No,60.2,7.2,7.0,6.2,4.8,17.93,54,Yes,No,0.0,219.0,2091.9,699.9,Massive Profit,Hit
DIS00993,Spirit of Stardust,Spirit of Stardust,1965,1965-05-26,1960s,Short Film,Fantasy,Coming of Age,69,G,English,USA,John Musker,Kathleen Kennedy,Christophe Beck,Ewan McGregor,Idina Menzel,Hybrid,Marvel Studios,337.4,466.4,302.9,114.6,58.0,243.2,223.2,11.7,5.8,55,49,58,3177,Disney+ Hotstar,1966-06-23,Yes,2,0,0,50,14,Yes,Chernabog,Moana,Yes,Yes,Yes,Yes,Yes,No,No,No,No,No,Marvel Cinematic Universe,Family,107.3,No,None,No,No,40.0,5.7,5.4,3.3,2.6,4.82,38,No,No,44.6,46.2,1177.7,48.9,Low Profit,Average
DIS00994,Robin Hood 4,Robin Hood,2023,2023-12-08,2020s,Remake,Romance,Coming of Age,164,PG,Spanish,USA,John Musker,Jared Bush,James Newton Howard,Chris Evans,Emma Stone,None,Marvel Studios,295.8,305.5,228.2,59.9,25.4,94.0,211.5,6.0,6.0,39,37,60,3010,Disney+,2024-05-14,Yes,1,0,0,74,11,Yes,Mother Gothel,Ariel,Yes,No,No,Yes,Yes,Yes,No,Yes,No,Yes,Marvel Cinematic Universe,Teen,46.4,No,None,No,No,23.4,6.3,3.7,4.1,2.2,7.28,26,Yes,No,20.8,55.7,328.4,17.4,Low Profit,Average
DIS00995,The Magic Dreams 4,The Magic Dreams,1966,1966-05-11,1960s,Live Action,Animation,Superhero,96,PG,Japanese,USA,Lee Unkrich,Kevin Feige,Hans Zimmer,Chris Evans,Auli'i Cravalho,None,Disneytoon Studios,20.9,30.1,16.0,6.7,5.8,18.4,11.7,32.6,7.3,70,77,68,4266,Theatrical Only,,No,2,0,0,43,11,No,Shan Yu,Rapunzel,Yes,No,Yes,Yes,Yes,No,No,No,No,No,None,Everyone,84.1,No,None,No,No,25.2,7.1,6.6,1.0,2.2,7.71,33,No,No,0.0,2.3,75.2,7.4,Medium Profit,Average
DIS00996,WALL-E 3,WALL-E,1998,1998-02-19,1990s,Pixar,Action,Road Trip,81,PG,English,Canada,Kirk Wise,Peter Del Vecho,Lin-Manuel Miranda,Dwayne Johnson,Zendaya,Stop Motion,20th Century Studios,232.9,564.6,187.3,63.1,116.0,339.0,225.6,125.5,7.0,59,60,72,1565,Theatrical Only,,No,3,1,1,54,0,No,Gaston,Mirabel,No,No,Yes,No,Yes,Yes,Yes,No,Yes,No,None,Everyone,118.9,No,None,No,No,39.6,6.7,5.8,6.2,2.4,10.85,32,No,No,0.0,54.5,959.8,314.2,High Profit,Hit
DIS00997,Adventures of Wonders 2,Adventures of Wonders,1995,1995-04-12,1990s,Animated,Animation,Sports,161,G,English,USA,Rob Marshall,Jonas Rivera,Alan Menken,Jason Segel,Emma Stone,3D CGI,Pixar Animation Studios,23.8,120.4,20.1,9.8,17.0,53.9,66.5,302.7,6.7,54,57,65,2218,Disney+,1995-07-18,Yes,0,1,0,49,2,No,Chernabog,Belle,Yes,Yes,Yes,No,Yes,No,No,No,Yes,No,None,Everyone,48.9,No,None,No,No,27.4,6.8,6.2,2.5,3.7,1.96,18,No,No,24.2,10.0,213.7,90.5,Massive Profit,Blockbuster
DIS00998,Legend of the Realm: Legacy,Standalone,1991,1991-07-23,1990s,Remake,Animation,Sports,155,G,Spanish,Canada,Nathan Greno,Kathleen Kennedy,Michael Giacchino,Ewan McGregor,Emma Watson,None,Pixar Animation Studios,437.0,1408.8,376.5,145.7,235.7,859.2,549.6,169.8,7.4,70,64,69,3976,Theatrical Only,,No,1,1,0,60,1,No,Scar,Stitch,No,Yes,Yes,No,Yes,No,No,Yes,No,No,None,Kids,193.8,Yes,Disney's Animal Kingdom,No,No,75.6,7.4,6.9,7.8,6.4,22.09,71,No,Yes,0.0,72.4,2641.5,886.6,Massive Profit,Hit
DIS00999,The Jungle Book (Remake),Standalone,1948,1948-08-15,1940s,Remake,Animation,Mystery,138,PG,English,India,Lee Unkrich,Yvett Merino,Hans Zimmer,Chris Evans,Halle Bailey,Stop Motion,Lucasfilm,38.0,68.0,30.9,14.3,5.9,34.1,33.9,50.4,5.6,38,59,47,2157,Disney+,1949-01-26,Yes,0,0,0,47,2,No,Captain Hook,Remy,No,Yes,Yes,No,Yes,No,No,Yes,No,No,None,Family,69.4,No,None,No,No,23.1,5.5,3.7,4.2,2.0,7.47,32,No,Yes,25.2,7.3,200.6,22.8,Medium Profit,Average
DIS01000,Kingdom of the Sea,Kingdom of the Sea,1983,1983-12-19,1980s,Animated,Animation,Time Travel,156,PG,English,Canada,Nathan Greno,Jared Bush,Lin-Manuel Miranda,Ewan McGregor,Halle Bailey,Hybrid,Walt Disney Animation Studios,151.8,910.7,114.9,36.9,148.0,508.7,402.0,499.9,7.5,60,65,71,2141,Disney+,1984-05-28,Yes,4,3,1,49,2,No,Maleficent,Nemo,No,No,Yes,No,Yes,Yes,No,No,Yes,No,None,Family,184.6,No,None,No,No,53.0,7.4,6.0,4.6,6.1,4.56,56,Yes,No,48.0,104.3,1889.7,758.9,Massive Profit,Blockbuster
